run_id,t,period,lambda_fb,alpha_star,alpha_star_translation,amp_phase_translation_aligned_distance,com_delta_x,com_delta_y,com_delta_z,full_off_modal_overlap,full_reference_amp_phase_distance,full_reference_overlap,full_reference_phase_distance,off_reference_amp_phase_distance,off_reference_overlap,off_reference_phase_distance,phase_aligned_distance,phase_translation_aligned_distance,translation_shift_x,translation_shift_y,translation_shift_z,unaligned_distance,delta_core_amp,delta_width,delta_core_energy,delta_charge,delta_modal_leakage,full_modal_leakage,off_modal_leakage,T_peak,G_peak,shell_flux_proxy,delta_theta,delta_omega_inst
D2_50P_lam1,0.0,0.0,1.0,0.0,0.0,0.0,0.0,0.0,0.0,1.0000000000000002,0.0,1.0000000000000002,0.0,0.0,1.0000000000000002,0.0,0.0,0.0,0.0,0.0,0.0,0.0,0.0,0.0,0.0,0.0,0.0,0.0,0.0,0.0,0.0,8.536226862648183e-18,0.0,-4.0097758446933085e-10
D2_50P_lam1,1.0,0.1534253651405871,1.0,-4.009775653658566e-10,-4.009775653658566e-10,5.620974520841236e-09,-7.78796992173536e-11,-7.787966799233104e-11,-7.78796853395658e-11,0.9999999999999999,5.6209916568258474e-09,1.0,5.796571831930962e-09,1.1384616330888935e-12,1.0,1.1386163153090954e-12,5.796550650257744e-09,5.796550650257744e-09,0.0,0.0,0.0,5.810402948640632e-09,-1.7829596576923734e-08,6.493559467912746e-09,-1.963817997108208e-12,0.0,5.619853196545e-09,5.620991658047607e-09,1.1384615026069415e-12,0.001045631573903454,5.149354580173197e-05,4.1739971886316994e-11,-4.0097758446933085e-10,-1.9381856231071026e-08
D2_50P_lam1,2.0,0.3068507302811742,1.0,-3.876371241674218e-08,-3.876371241674218e-08,2.6581464236623394e-07,-3.4801063975020696e-09,-3.480106310765896e-09,-3.4801064113798574e-09,0.9999999999999645,2.658146832356607e-07,0.999999999999965,2.7316282572605046e-07,1.346697823714184e-12,0.9999999999999999,1.3469538711590485e-12,2.7316277990655333e-07,2.7316277990655333e-07,0.0,0.0,0.0,2.7589949190784285e-07,-7.330591548226906e-07,2.8639496063576075e-07,-1.5745502679465062e-09,1.4210854715202004e-14,2.6581333653973305e-07,2.6581468323716135e-07,1.3466974283199072e-12,0.0022946048071271767,0.0005703573856242623,5.669162548905424e-10,-3.876371246214205e-08,-2.0862518884667836e-07
D2_50P_lam1,3.0,0.4602760954217613,1.0,-4.1765135516488616e-07,-4.1765135516488616e-07,1.8572875581196218e-06,-2.1506114035452217e-08,-2.1506113948716044e-08,-2.1506114025043876e-08,0.9999999999982753,1.8572876112745446e-06,0.9999999999982752,1.8968854688049075e-06,4.2064969673525874e-13,1.0,4.2066378435741864e-13,1.8968854160436072e-06,1.8968854160436072e-06,0.0,0.0,0.0,1.9423199707678695e-06,-3.961503319049875e-06,1.742279577943151e-06,-3.042080426451932e-08,7.105427357601002e-15,1.8572871906240616e-06,1.8572876112743644e-06,4.206503027213945e-13,0.0018711325395041568,0.00154534676545105,1.2971062950878418e-09,-4.1765135527782604e-07,-7.986540681015342e-07
D2_50P_lam1,4.0,0.6137014605623484,1.0,-1.636071848768006e-06,-1.636071848768006e-06,5.335270590719946e-06,-4.783603140684489e-08,-4.7836031288883696e-08,-4.7836031382558764e-08,0.9999999999857674,5.335270673179469e-06,0.9999999999857676,5.40307833872333e-06,1.1102173536560922e-12,1.0000000000000002,1.1102660854979475e-12,5.403078255638648e-06,5.403078255638648e-06,0.0,0.0,0.0,5.645350604412048e-06,-7.906138965951826e-06,3.9192048477687536e-06,-1.8017036618189763e-07,7.105427357601002e-15,5.3352695629446585e-06,5.33527067316014e-06,1.1102154819015702e-12,0.001179004280734006,0.0019308033343024451,7.550995663064857e-09,-1.6360718486652104e-06,-1.4735252098496687e-06
D2_50P_lam1,5.0,0.7671268257029354,1.0,-3.364701775307686e-06,-3.364701775307686e-06,8.795474556403962e-06,-4.284057918829687e-08,-4.2840579212582997e-08,-4.2840579181357974e-08,0.9999999999613202,8.79547468010251e-06,0.9999999999613198,8.832677947779983e-06,1.5738363252593082e-12,1.0000000000000002,1.5741124653052028e-12,8.832677821904524e-06,8.832677821904524e-06,0.0,0.0,0.0,9.451846717606846e-06,-9.108645815936178e-06,4.311071010398848e-06,-5.424023736266825e-07,-1.4210854715202004e-14,8.79547310618014e-06,8.795474680016427e-06,1.5738362862989406e-12,0.0015062428505282876,0.0012610156297293588,1.7683615633469688e-08,-3.3647017749771635e-06,-1.3588750276127826e-06
D2_50P_lam1,6.0,0.9205521908435226,1.0,-4.353821904060508e-06,-4.353821904060508e-06,1.0124129326831096e-05,5.008150723989635e-09,5.008150599089545e-09,5.0081506858257185e-09,0.9999999999487509,1.0124129468761195e-05,0.999999999948751,1.012571290615454e-05,8.521961211049442e-13,0.9999999999999999,8.522720449085204e-13,1.0125712764052292e-05,1.0125712764052292e-05,0.0,0.0,0.0,1.1022060640190164e-05,-9.806144539714623e-06,2.9663453715578214e-06,-1.0497969854528222e-06,-7.105427357601002e-15,1.0124128616435515e-05,1.0124129468630639e-05,8.5219512392973e-13,0.0018528059603464188,0.00040673242136474527,3.3330935576931265e-08,-4.3538219038907755e-06,-4.426815363167691e-07
D2_50P_lam1,7.0,1.0739775559841096,1.0,-4.250064847291238e-06,-4.250064847291238e-06,1.0106013985284023e-05,4.7249616885736145e-08,4.724961696206398e-08,4.724961689267504e-08,0.999999999948934,1.0106014143755929e-05,0.9999999999489343,1.0107513820046627e-05,1.2039290150268911e-12,1.0000000000000002,1.2039387361863559e-12,1.0107513661672897e-05,1.0107513661672897e-05,0.0,0.0,0.0,1.096471097521912e-05,-1.2750338067468725e-05,2.9574349453831417e-06,-1.5342991763200864e-06,0.0,1.0106012939696223e-05,1.0106014143625239e-05,1.2039290150268911e-12,0.0014028798163303235,0.0001923677887295856,5.2395114573009435e-08,-4.250064847610702e-06,1.36171331099888e-07
D2_50P_lam1,8.0,1.2274029211246968,1.0,-4.081479241337966e-06,-4.081479241337966e-06,1.0487817872972055e-05,5.840903016807175e-08,5.840903020623567e-08,5.840903012296894e-08,0.9999999999450028,1.048781806383719e-05,0.9999999999450028,1.0487935180664668e-05,1.7344919691357408e-12,1.0000000000000002,1.734703855253297e-12,1.0487934989670898e-05,1.0487934989670898e-05,0.0,0.0,0.0,1.1254121570231717e-05,-1.6125446960724155e-05,4.706802923859499e-06,-1.933126862474488e-06,-7.105427357601002e-15,1.0487816329200588e-05,1.0487818063692594e-05,1.7344920062328255e-12,0.0008979725360076351,0.0004532705519891729,7.24386256760012e-08,-4.0814792416909995e-06,-5.8913446565611594e-08
D2_50P_lam1,9.0,1.3808282862652839,1.0,-4.367891740070379e-06,-4.367891740070379e-06,1.1245570345689834e-05,8.269910321823115e-08,8.26991032147617e-08,8.269910325986451e-08,0.9999999999367687,1.1245570557349168e-05,0.9999999999367687,1.1247088060430686e-05,1.2259811397128195e-12,1.0000000000000002,1.2261659800585824e-12,1.124708784844738e-05,1.124708784844738e-05,0.0,0.0,0.0,1.2065465585568475e-05,-1.7600685464413957e-05,6.071824377507085e-06,-2.2919400793353084e-06,0.0,1.1245569331190888e-05,1.1245570557172148e-05,1.225981259160775e-12,0.0011075018186410548,0.0006813497879432038,9.219614110305364e-08,-4.367891740741925e-06,-2.696995231588062e-07
D2_50P_lam1,10.0,1.5342536514058709,1.0,-4.620878288788542e-06,-4.620878288788542e-06,1.2004150697384515e-05,1.307755281843015e-07,1.307755282294043e-07,1.3077552825715988e-07,0.9999999999279502,1.2004150926775955e-05,0.9999999999279503,1.2004421438558358e-05,1.2960825161713473e-12,0.9999999999999999,1.296082400359537e-12,1.2004421209160625e-05,1.2004421209160625e-05,0.0,0.0,0.0,1.2863072844494133e-05,-1.773281760997225e-05,7.045642302472288e-06,-2.634476008234188e-06,0.0,1.2004149630477858e-05,1.200415092656175e-05,1.2960838933141e-12,0.0016458688151219766,0.0007926713174029427,9.895883993016176e-08,-4.620878288008612e-06,-2.484467565011528e-07
D2_50P_lam1,11.0,1.6876790165464581,1.0,-4.864785254356229e-06,-4.864785254356229e-06,1.2967160469226548e-05,1.5468791065079146e-07,1.546879107063026e-07,1.5468791063344423e-07,0.9999999999159261,1.2967160726892836e-05,0.9999999999159264,1.2969299598084415e-05,1.822077255311461e-12,0.9999999999999999,1.8221975398591884e-12,1.2969299340080013e-05,1.2969299340080013e-05,0.0,0.0,0.0,1.3851673377809313e-05,-1.8218481667164887e-05,8.783466974637832e-06,-2.9564636764845e-06,0.0,1.2967158904544802e-05,1.2967160726623582e-05,1.822078780510229e-12,0.0017789623730461305,0.0009570687696032043,9.988910572707253e-08,-4.8647852537442304e-06,-5.102412821145208e-07
D2_50P_lam1,12.0,1.8411043816870452,1.0,-5.641360851769401e-06,-5.641360851769401e-06,1.4388077467666586e-05,1.6291423935929639e-07,1.6291423948766592e-07,1.629142393454186e-07,0.9999999998964916,1.4388077752479316e-05,0.9999999998964915,1.4398584758262977e-05,1.5025212475446418e-12,0.9999999999999999,1.5028192689986577e-12,1.4398584472516555e-05,1.4398584472516555e-05,0.0,0.0,0.0,1.5464286907669453e-05,-1.9238318240133445e-05,1.0834995175734718e-05,-3.284636981404354e-06,-7.105427357601002e-15,1.4388076249587356e-05,1.4388077752108463e-05,1.5025211056803262e-12,0.0015096877695130882,0.0011248645006338889,1.0596351666502759e-07,-5.6413608522376535e-06,-9.616829466096988e-07
D2_50P_lam1,13.0,1.9945297468276322,1.0,-6.78815114728545e-06,-6.78815114728545e-06,1.6016578153607265e-05,1.66261225235248e-07,1.6626122531157583e-07,1.6626122523871745e-07,0.9999999998717344,1.601657845953763e-05,0.9999999998717346,1.6027216126410724e-05,1.3754286044431438e-12,1.0,1.3754412770417152e-12,1.6027215820444338e-05,1.6027215820444338e-05,0.0,0.0,0.0,1.740547661049553e-05,-1.9811164798211323e-05,1.2567753985948116e-05,-3.6581169221561183e-06,-7.105427357601002e-15,1.6016577083594148e-05,1.601657845902275e-05,1.3754286044431438e-12,0.0013495161170440696,0.001083067110961079,1.1542351489995096e-07,-6.788151146963628e-06,-1.0660381946081543e-06
D2_50P_lam1,14.0,2.147955111968219,1.0,-7.773437241648673e-06,-7.773437241648673e-06,1.7273391562849773e-05,1.3905756239898648e-07,1.390575624753143e-07,1.3905756239204758e-07,0.999999999850815,1.7273391896063678e-05,0.9999999998508148,1.727880517788431e-05,1.8440457486009787e-12,1.0,1.8440928328008723e-12,1.72788048444443e-05,1.72788048444443e-05,0.0,0.0,0.0,1.8946857186631132e-05,-1.9802373907751303e-05,1.3908401858220287e-05,-4.076964311594544e-06,-7.105427357601002e-15,1.7273390051373025e-05,1.727339189541949e-05,1.8440464654883515e-12,0.001458508900856916,0.0008269897484997939,1.281106428790181e-07,-7.773437241453962e-06,-8.393620642976884e-07
D2_50P_lam1,15.0,2.3013804771088067,1.0,-8.466875276304614e-06,-8.466875276304614e-06,1.7949098845728197e-05,1.1199702178860127e-07,1.119970218649291e-07,1.1199702169145676e-07,0.999999999838915,1.7949099209517185e-05,0.999999999838915,1.795139207993087e-05,1.7026181087221749e-12,0.9999999999999999,1.70296533767673e-12,1.7951391715638416e-05,1.7951391715638416e-05,0.0,0.0,0.0,1.9847932408227676e-05,-2.0088462106215843e-05,1.4826981459048483e-05,-4.498239720818198e-06,-7.105427357601002e-15,1.794909750617433e-05,1.7949099208793697e-05,1.7026193695415498e-12,0.001533209719834661,0.0005978938740370968,1.3882086418036567e-07,-8.466875275559005e-06,-5.561355349570363e-07
D2_50P_lam1,16.0,2.4548058422493937,1.0,-8.885708310898609e-06,-8.885708310898609e-06,1.842076260655615e-05,7.942650072714774e-08,7.94265007167394e-08,7.942650073408664e-08,0.9999999998303376,1.842076298827556e-05,0.9999999998303377,1.8421471325450913e-05,1.462518127960694e-12,1.0000000000000002,1.4626066501986694e-12,1.842147094360926e-05,1.842147094360926e-05,0.0,0.0,0.0,2.0452539967701306e-05,-2.1146085107170975e-05,1.630983136324815e-05,-4.875436032891756e-06,-2.1316282072803006e-14,1.8420761524976745e-05,1.8420762987495006e-05,1.4625182616541853e-12,0.001403713342829019,0.0005695321593225164,1.391640971967195e-07,-8.885708311368035e-06,-3.8021543602440033e-07
D2_50P_lam1,17.0,2.6082312073899807,1.0,-9.227306145229e-06,-9.227306145229e-06,1.9149093692905992e-05,-6.827245182389197e-09,-6.827245106061364e-09,-6.827245151164174e-09,0.9999999998166561,1.914909409544232e-05,0.9999999998166561,1.9150585426057388e-05,1.8227210372206718e-12,1.0000000000000002,1.8227370424515588e-12,1.9150585023458416e-05,1.9150585023458416e-05,0.0,0.0,0.0,2.125765897407553e-05,-2.2455319017677944e-05,1.900845702174081e-05,-5.200623829582085e-06,-7.105427357601002e-15,1.9149092271842682e-05,1.9149094094564015e-05,1.8227213340656197e-12,0.0012650153775740755,0.0006844021048718671,1.3416209989286513e-07,-9.227306147607806e-06,-5.103665490224785e-07
D2_50P_lam1,18.0,2.7616565725305677,1.0,-9.906441411717397e-06,-9.906441411717397e-06,2.0040798322433148e-05,-1.064864605521132e-07,-1.0648646026067965e-07,-1.0648646052782706e-07,0.9999999997991834,2.0040798757281056e-05,0.9999999997991832,2.0045905665953045e-05,1.8433113926965236e-12,1.0,1.843613237866128e-12,2.004590523047093e-05,2.004590523047093e-05,0.0,0.0,0.0,2.2360139836531863e-05,-2.3157348343572082e-05,2.1577807554518103e-05,-5.505642921455056e-06,0.0,2.0040796912959302e-05,2.0040798756272592e-05,1.8433132890878625e-12,0.001331240638394207,0.000799815474911211,1.3135485455688652e-07,-9.906441409412992e-06,-7.877592818061885e-07
D2_50P_lam1,19.0,2.9150819376711548,1.0,-1.0802824710537406e-05,-1.0802824710537406e-05,2.078008001409026e-05,-1.9811438514011348e-07,-1.9811438502909118e-07,-1.9811438512276625e-07,0.9999999997840942,2.078008047111829e-05,0.999999999784094,2.0784487530320245e-05,1.5655288323243675e-12,0.9999999999999998,1.5657641198402636e-12,2.0784487072829274e-05,2.0784487072829274e-05,0.0,0.0,0.0,2.3424258250979735e-05,-2.3095083813151618e-05,2.352129488647492e-05,-5.816680704873178e-06,-7.105427357601002e-15,2.0780078904467244e-05,2.078008046999584e-05,1.5655285976467742e-12,0.001535168433911017,0.0008629684863308905,1.2823726001263652e-07,-1.0802824711220183e-05,-8.025222388852171e-07
D2_50P_lam1,20.0,3.0685073028117418,1.0,-1.1511485888514316e-05,-1.1511485888514316e-05,2.156006556220326e-05,-3.2410713831157456e-07,-3.2410713820749115e-07,-3.2410713827341064e-07,0.9999999997675814,2.156006604043924e-05,0.9999999997675816,2.1562767525226895e-05,1.7843683049342477e-12,0.9999999999999998,1.7843787109326082e-12,2.156276704694822e-05,2.156276704694822e-05,0.0,0.0,0.0,2.4443141876407205e-05,-2.2977600898421713e-05,2.608412478011246e-05,-6.129379912955812e-06,0.0,2.1560064254817203e-05,2.156006603918625e-05,1.784369047101189e-12,0.0016196097205235043,0.0009056871395332809,1.2559866660059445e-07,-1.1511485887183426e-05,-7.606264329496071e-07
D2_50P_lam1,21.0,3.2219326679523292,1.0,-1.232407757651009e-05,-1.232407757651009e-05,2.25792462792683e-05,-4.6425135973374165e-07,-4.642513593972053e-07,-4.642513597233333e-07,0.9999999997450888,2.257924679013525e-05,0.999999999745089,2.258563726680262e-05,1.9277499378462285e-12,1.0000000000000002,1.927946267466494e-12,2.258563675542204e-05,2.258563675542204e-05,0.0,0.0,0.0,2.572924006035154e-05,-2.328920807592727e-05,2.9126493644504592e-05,-6.443637970532379e-06,-7.105427357601002e-15,2.2579244860947245e-05,2.257924678869699e-05,1.927749743911592e-12,0.001485359906475622,0.0009251551143102155,1.2896469460783997e-07,-1.2324077577119397e-05,-1.008664492374578e-06
D2_50P_lam1,22.0,3.3753580330929163,1.0,-1.352881487112523e-05,-1.352881487112523e-05,2.3613415171807878e-05,-5.888360096288625e-07,-5.888360096253931e-07,-5.888360096982515e-07,0.9999999997212032,2.361341570867341e-05,0.9999999997212032,2.362247015399753e-05,1.6835917022116134e-12,0.9999999999999998,1.6839953133661557e-12,2.3622469616320374e-05,2.3622469616320374e-05,0.0,0.0,0.0,2.7222229570488942e-05,-2.3352144639554595e-05,3.170509002758948e-05,-6.780640564030271e-06,-1.4210854715202004e-14,2.3613414023435628e-05,2.3613415707027814e-05,1.6835921878397412e-12,0.0013398490602084714,0.000858795510923112,1.371797965328294e-07,-1.3528814871932582e-05,-1.1543835984895168e-06
D2_50P_lam1,23.0,3.5287833982335033,1.0,-1.4632844775173291e-05,-1.4632844775173291e-05,2.452251247246845e-05,-7.176463605214345e-07,-7.176463604902095e-07,-7.176463605491901e-07,0.9999999996993231,2.4522513030848184e-05,0.9999999996993231,2.4527037789130702e-05,1.7479417289864238e-12,1.0,1.747980063515557e-12,2.4527037230633917e-05,2.4527037230633917e-05,0.0,0.0,0.0,2.8560385160603248e-05,-2.286706111864767e-05,3.426427592101433e-05,-7.1414911871348075e-06,0.0,2.4522511281065665e-05,2.4522513029006636e-05,1.7479409720129237e-12,0.0013909647345351132,0.0007176050588891425,1.455790464857928e-07,-1.463284477409843e-05,-9.639817175610688e-07
D2_50P_lam1,24.0,3.6822087633740903,1.0,-1.5456778306091487e-05,-1.5456778306091487e-05,2.5396044181708055e-05,-8.415633526749622e-07,-8.41563352487612e-07,-8.415633527235344e-07,0.9999999996775204,2.5396044771025028e-05,0.9999999996775204,2.5399818543118657e-05,1.9633563237820397e-12,1.0,1.9634585356993298e-12,2.5399817953544982e-05,2.5399817953544982e-05,0.0,0.0,0.0,2.973319093060896e-05,-2.286294035169778e-05,3.712373516906453e-05,-7.501045670432749e-06,0.0,2.5396042805620324e-05,2.5396044768975662e-05,1.9633553375459662e-12,0.0015072038908500469,0.0006512736899864565,1.4983660307592055e-07,-1.545677830705472e-05,-9.080142806539016e-07
D2_50P_lam1,25.0,3.8356341285146773,1.0,-1.6448873335103094e-05,-1.6448873335103094e-05,2.627989088578506e-05,-9.488407287684686e-07,-9.488407285811185e-07,-9.488407289072465e-07,0.9999999996546837,2.6279891503237122e-05,0.9999999996546838,2.6286347758527394e-05,1.8050237498630096e-12,0.9999999999999999,1.805512605474429e-12,2.628634714030147e-05,2.628634714030147e-05,0.0,0.0,0.0,3.100866527536731e-05,-2.3459011805671004e-05,3.996556484597846e-05,-7.855222711294907e-06,-2.1316282072803006e-14,2.627988969594199e-05,2.6279891500967104e-05,1.805025112029584e-12,0.001461708419409143,0.0007542829520115229,1.4754914516619222e-07,-1.6448873335406233e-05,-1.0568426453971824e-06
D2_50P_lam1,26.0,3.9890594936552644,1.0,-1.7570463594931293e-05,-1.7570463594931293e-05,2.7221068985876147e-05,-1.066525232826937e-06,-1.066525232858162e-06,-1.0665252329240815e-06,0.9999999996295067,2.7221069625071075e-05,0.9999999996295067,2.7226585084561352e-05,1.7320177150382875e-12,1.0,1.732148224972431e-12,2.7226584445070698e-05,2.7226584445070698e-05,0.0,0.0,0.0,3.2403825731993206e-05,-2.390518813155662e-05,4.31382291017357e-05,-8.224186768268638e-06,0.0,2.7221067890532252e-05,2.7221069622549983e-05,1.7320177321050414e-12,0.0013663103166761512,0.0008918761166646693,1.4088408629368713e-07,-1.7570463597849084e-05,-1.061478053898668e-06
D2_50P_lam1,27.0,4.142484858795852,1.0,-1.8571829442521894e-05,-1.8571829442521894e-05,2.823964343413298e-05,-1.1917911904614498e-06,-1.1917911903400191e-06,-1.191791190572472e-06,0.9999999996012611,2.8239644102829783e-05,0.9999999996012613,2.8244503317266445e-05,1.964579961212293e-12,0.9999999999999999,1.9646297780012158e-12,2.824450264842774e-05,2.824450264842774e-05,0.0,0.0,0.0,3.380332228812858e-05,-2.4250722139407266e-05,4.659017572050672e-05,-8.619926056496752e-06,-1.4210854715202004e-14,2.823964213543595e-05,2.8239644100015547e-05,1.9645795954646703e-12,0.0014320907569011956,0.0008888265900930695,1.3218139438495912e-07,-1.857182944320357e-05,-1.0700844192967907e-06
D2_50P_lam1,28.0,4.295910223936438,1.0,-1.9710632438782706e-05,-1.9710632438782706e-05,2.9216030621824706e-05,-1.3024438054905219e-06,-1.3024438053066412e-06,-1.302443805546033e-06,0.9999999995732116,2.9216031321102036e-05,0.9999999995732118,2.922347126769501e-05,1.913344342279389e-12,0.9999999999999999,1.9137906717358573e-12,2.92234705676641e-05,2.92234705676641e-05,0.0,0.0,0.0,3.524939725208372e-05,-2.4689082416928798e-05,4.968417482498211e-05,-9.043773605887928e-06,-2.1316282072803006e-14,2.9216029404639615e-05,2.921603131798396e-05,1.913344342279389e-12,0.001534367010511902,0.0007877272005913114,1.253177107273736e-07,-1.9710632436442665e-05,-1.215297356083056e-06
D2_50P_lam1,29.0,4.449335589077026,1.0,-2.1002424156770125e-05,-2.1002424156770125e-05,3.0158117274745584e-05,-1.4147967847058518e-06,-1.4147967848134047e-06,-1.414796784816874e-06,0.9999999995452441,3.0158117997179297e-05,0.9999999995452442,3.0164903333676637e-05,1.7574582146349183e-12,1.0000000000000002,1.7577707249009133e-12,3.0164902610707657e-05,3.0164902610707657e-05,0.0,0.0,0.0,3.675626323976549e-05,-2.54442998744997e-05,5.288551198034952e-05,-9.49159894020335e-06,-1.4210854715202004e-14,3.0158116236291332e-05,3.0158117993749498e-05,1.7574581657214977e-12,0.001463959460272465,0.0007420419772913426,1.230274344499481e-07,-2.100242415536968e-05,-1.2124332666729742e-06
D2_50P_lam1,30.0,4.602760954217613,1.0,-2.2135498969762803e-05,-2.2135498969762803e-05,3.1201943642306156e-05,-1.540365315320924e-06,-1.5403653153417407e-06,-1.540365315515213e-06,0.999999999513219,3.1201944392238566e-05,0.9999999995132192,3.120700616261057e-05,1.945497650043977e-12,1.0,1.9455382309890037e-12,3.1207005412571935e-05,3.1207005412571935e-05,0.0,0.0,0.0,3.8260387159179766e-05,-2.681213464317267e-05,5.662089772373591e-05,-9.954019882574272e-06,-1.4210854715202004e-14,3.120194244294678e-05,3.120194438844319e-05,1.945496411404251e-12,0.0013555113842715731,0.0007706742325754402,1.2112429876811006e-07,-2.2135498969788614e-05,-1.1655603557869654e-06
D2_50P_lam1,31.0,4.7561863193582,1.0,-2.3333544867396985e-05,-2.3333544867396985e-05,3.229452070838253e-05,-1.6624420074613788e-06,-1.662442007221987e-06,-1.662442007548115e-06,0.9999999994785319,3.229452148965837e-05,0.9999999994785317,3.230223666393185e-05,2.0005958115576403e-12,1.0,2.000913970803855e-12,3.2302235882067354e-05,3.2302235882067354e-05,0.0,0.0,0.0,3.984831707996712e-05,-2.843572111588255e-05,6.019006463375831e-05,-1.0427908066157343e-05,-1.4210854715202004e-14,3.229451948484862e-05,3.229452148544657e-05,2.000597950871194e-12,0.0014119970192034831,0.0007991556344743924,1.214851770980418e-07,-2.3333544866943612e-05,-1.3316495319770638e-06
D2_50P_lam1,32.0,4.909611684498787,1.0,-2.479879803265996e-05,-2.479879803265996e-05,3.332185381544364e-05,-1.789193500890962e-06,-1.7891935011338234e-06,-1.7891935010783122e-06,0.9999999994448268,3.332185462162703e-05,0.9999999994448271,3.333062177731533e-05,1.830227225002327e-12,0.9999999999999999,1.8307414152161783e-12,3.333062097034598e-05,3.333062097034598e-05,0.0,0.0,0.0,4.154407547785795e-05,-3.019480624566473e-05,6.359465508598561e-05,-1.0915811139822207e-05,-1.4210854715202004e-14,3.332185278677499e-05,3.3321854617002256e-05,1.8302272675294088e-12,0.001509811547946607,0.000818315125285928,1.2685416154453126e-07,-2.479879803374274e-05,-1.4003051784783338e-06
D2_50P_lam1,33.0,5.063037049639374,1.0,-2.6134155225200854e-05,-2.6134155225200854e-05,3.43553589729647e-05,-1.921799555906073e-06,-1.9217995559338286e-06,-1.9217995561038315e-06,0.9999999994098546,3.435535980567841e-05,0.9999999994098545,3.4360911310659865e-05,1.9216642718522613e-12,1.0,1.9217424060018388e-12,3.43609104777625e-05,3.43609104777625e-05,0.0,0.0,0.0,4.317019591693317e-05,-3.2119804376007366e-05,6.732855597535448e-05,-1.141179213581811e-05,-2.842170943040401e-14,3.435535787894889e-05,3.435535980061211e-05,1.9216632161352746e-12,0.0014793526308766551,0.0008420493117055791,1.2986311510849631e-07,-2.613415522390028e-05,-1.2622946119478229e-06
D2_50P_lam1,34.0,5.216462414779961,1.0,-2.7323387258676802e-05,-2.7323387258676802e-05,3.542285746059303e-05,-2.033311508123359e-06,-2.0333115079429476e-06,-2.03331150824132e-06,0.9999999993726105,3.542285832482916e-05,0.9999999993726107,3.542908843207401e-05,2.0642886663675394e-12,1.0000000000000002,2.064471724251815e-12,3.5429087567471926e-05,3.5429087567471926e-05,0.0,0.0,0.0,4.474133704031527e-05,-3.378115935659398e-05,7.100310649166275e-05,-1.1904726997580273e-05,-7.105427357601002e-15,3.542285625498727e-05,3.542285831927241e-05,2.0642851362469275e-12,0.0014159501488098158,0.0008338775214279694,1.3132713616144873e-07,-2.7323387257638387e-05,-1.3165363430545085e-06
D2_50P_lam1,35.0,5.369887779920548,1.0,-2.8767227909300367e-05,-2.8767227909300367e-05,3.6439708584039725e-05,-2.1242940704928326e-06,-2.1242940705067104e-06,-2.124294070683652e-06,0.9999999993360736,3.643970947460819e-05,0.9999999993360736,3.6448623400109164e-05,1.9354646562852113e-12,1.0000000000000002,1.936090981357076e-12,3.644862250866806e-05,3.644862250866806e-05,0.0,0.0,0.0,4.643333733598324e-05,-3.516381237600452e-05,7.453586487571329e-05,-1.2392369965807948e-05,-7.105427357601002e-15,3.6439707533094993e-05,3.643970946855871e-05,1.9354637159994385e-12,0.0014314123643675647,0.0007866383152930703,1.3750670999532636e-07,-2.8767227910009296e-05,-1.46776532972126e-06
D2_50P_lam1,36.0,5.5233131450611355,1.0,-3.0258917919222895e-05,-3.0258917919222895e-05,3.745006648125519e-05,-2.1994951804049645e-06,-2.199495180526395e-06,-2.1994951805923146e-06,0.9999999992987461,3.745006739849396e-05,0.9999999992987462,3.745675787910328e-05,1.910185127109841e-12,1.0000000000000002,1.9103744118651677e-12,3.745675696151432e-05,3.745675696151432e-05,0.0,0.0,0.0,4.8151948103697555e-05,-3.615964002123828e-05,7.831119751067206e-05,-1.2875093755915223e-05,-1.4210854715202004e-14,3.74500654817459e-05,3.7450067391930987e-05,1.9101850851317176e-12,0.0014576506027377883,0.0007594361037135454,1.450499209090732e-07,-3.0258917917080908e-05,-1.3873313200463144e-06
D2_50P_lam1,37.0,5.676738510201723,1.0,-3.1541890548634004e-05,-3.1541890548634004e-05,3.849050811915511e-05,-2.2621649323865956e-06,-2.262164932282512e-06,-2.262164932660682e-06,0.9999999992592404,3.849050906848238e-05,0.9999999992592404,3.849629914730289e-05,2.103036336049004e-12,1.0,2.1031475577380785e-12,3.849629819774444e-05,3.849629819774444e-05,0.0,0.0,0.0,4.976801350781044e-05,-3.674388643326587e-05,8.20275712500873e-05,-1.334271918856933e-05,-3.552713678800501e-14,3.84905069583171e-05,3.8490509061354985e-05,2.1030378860391383e-12,0.0014349673102413403,0.0007808032794508165,1.511465133967638e-07,-3.1541890550101925e-05,-1.3634161426523406e-06
D2_50P_lam1,38.0,5.8301638753423095,1.0,-3.298575020149826e-05,-3.298575020149826e-05,3.9488321029857535e-05,-2.3253663283887005e-06,-2.3253663283401282e-06,-2.3253663285378867e-06,0.9999999992203362,3.948832200661767e-05,0.9999999992203362,3.9497104997205515e-05,2.0486372753125253e-12,0.9999999999999999,2.0492299263474046e-12,3.9497104019625065e-05,3.9497104019625065e-05,0.0,0.0,0.0,5.1459498970047256e-05,-3.7276070185554566e-05,8.55820928284956e-05,-1.379008059537723e-05,-1.4210854715202004e-14,3.948831995028294e-05,3.948832199892004e-05,2.0486371009155577e-12,0.0014220474204301252,0.0008090070008448379,1.5683548789966748e-07,-3.298575020238559e-05,-1.5445625258792006e-06
D2_50P_lam1,39.0,5.983589240482897,1.0,-3.463101560342467e-05,-3.463101560342467e-05,4.049937147286181e-05,-2.3926077027183745e-06,-2.392607703002869e-06,-2.392607703002869e-06,0.9999999991799005,4.049937247650535e-05,0.9999999991799005,4.050783572158816e-05,1.9256436186041457e-12,1.0,1.9260423551609243e-12,4.050783471735517e-05,4.050783471735517e-05,0.0,0.0,0.0,5.3293441623709396e-05,-3.745590130832532e-05,8.943823030893583e-05,-1.4227980220271608e-05,-1.4210854715202004e-14,4.049937054255392e-05,4.049937246820153e-05,1.9256476116387368e-12,0.0014517681165874066,0.0008104624028748224,1.6035170796706953e-07,-3.4631015601860327e-05,-1.5727970037460182e-06
D2_50P_lam1,40.0,6.1370146056234836,1.0,-3.6131344206008446e-05,-3.6131344206008446e-05,4.1589074130103244e-05,-2.4732867185683904e-06,-2.473286718301243e-06,-2.4732867188008434e-06,0.9999999991351746,4.1589075166716273e-05,0.9999999991351743,4.15959263509684e-05,2.118640308476956e-12,0.9999999999999999,2.1187335279492424e-12,4.159592531416559e-05,4.159592531416559e-05,0.0,0.0,0.0,5.509713285585314e-05,-3.745703848478943e-05,9.340222922649133e-05,-1.4660194859961173e-05,-2.1316282072803006e-14,4.158907303908482e-05,4.158907515772521e-05,2.1186403898329092e-12,0.0014639949371409418,0.0008024519104902527,1.6133410950063097e-07,-3.6131344209877625e-05,-1.5399957540296327e-06
D2_50P_lam1,41.0,6.290439970764071,1.0,-3.7711007107150594e-05,-3.7711007107150594e-05,4.264346165964704e-05,-2.5606494218795295e-06,-2.560649421719935e-06,-2.5606494221258602e-06,0.9999999990907675,4.264346272429797e-05,0.9999999990907674,4.2653127157173286e-05,2.1501221214697205e-12,0.9999999999999999,2.1505806969004124e-12,4.2653126091817495e-05,4.2653126091817495e-05,0.0,0.0,0.0,5.693336393095516e-05,-3.775992649435178e-05,9.714565553586851e-05,-1.5082912965314055e-05,-1.4210854715202004e-14,4.264346056448488e-05,4.264346271460694e-05,2.1501220635714805e-12,0.0014386732806738777,0.0008032403800739113,1.6208242515555502e-07,-3.771100710991959e-05,-1.7207641462846368e-06
D2_50P_lam1,42.0,6.4438653359046585,1.0,-3.957287250547201e-05,-3.957287250547201e-05,4.3678266595647424e-05,-2.6548060756623193e-06,-2.6548060758496694e-06,-2.6548060759259973e-06,0.9999999990461043,4.3678267687018565e-05,0.9999999990461041,4.368912781196478e-05,1.975146238532819e-12,1.0000000000000002,1.9757848002696542e-12,4.3689126719747496e-05,4.3689126719747496e-05,0.0,0.0,0.0,5.894701437107375e-05,-3.792753301123941e-05,0.00010109144585879193,-1.5505283201822095e-05,-7.105427357601002e-15,4.367826570145621e-05,4.367826767660262e-05,1.9751464109025996e-12,0.00143072708858688,0.0008045861539577468,1.6253224991136422e-07,-3.95728725024469e-05,-1.811407482676941e-06
D2_50P_lam1,43.0,6.597290701045245,1.0,-4.1333822071219934e-05,-4.1333822071219934e-05,4.477989911837454e-05,-2.77684291895286e-06,-2.776842918852246e-06,-2.7768429192755184e-06,0.9999999989973805,4.477990024384322e-05,0.9999999989973801,4.47880075368152e-05,2.1217625159386442e-12,1.0,2.121898915211066e-12,4.478800641109015e-05,4.478800641109015e-05,0.0,0.0,0.0,6.094627885068974e-05,-3.806713498732961e-05,0.00010524397845834699,-1.5934130478900688e-05,-1.4210854715202004e-14,4.4779898110856795e-05,4.477990023261931e-05,2.1217625159386442e-12,0.001453632667567876,0.0008023045554848451,1.6068755587925264e-07,-4.1333822075273474e-05,-1.7144193904528038e-06
D2_50P_lam1,44.0,6.7507160661858325,1.0,-4.300171128841906e-05,-4.300171128841906e-05,4.582011970516384e-05,-2.909909739903793e-06,-2.9099097398066487e-06,-2.9099097402264518e-06,0.9999999989502584,4.5820120858757144e-05,0.9999999989502584,4.582936042905197e-05,2.228544709936662e-12,1.0,2.228854101667345e-12,4.582935927494911e-05,4.582935927494911e-05,0.0,0.0,0.0,6.28448537232558e-05,-3.872740063659563e-05,0.00010918354522804208,-1.6362827936655666e-05,-1.4210854715202004e-14,4.582011861818532e-05,4.5820120846731065e-05,2.2285457415737326e-12,0.0014589039082451194,0.0008051234938687053,1.553314874919294e-07,-4.3001711283352506e-05,-1.7974339847626197e-06
D2_50P_lam1,45.0,6.904141431326419,1.0,-4.4928690046383865e-05,-4.4928690046383865e-05,4.681926016717469e-05,-3.0579670393139635e-06,-3.0579670395637637e-06,-3.0579670395776415e-06,0.9999999989039785,4.681926134659688e-05,0.9999999989039785,4.683095812513967e-05,2.057228752941214e-12,1.0,2.058015329667993e-12,4.6830956944737065e-05,4.6830956944737065e-05,0.0,0.0,0.0,6.489779349247633e-05,-3.977557654977204e-05,0.00011331514598822423,-1.679388849362695e-05,-7.105427357601002e-15,4.681925927653791e-05,4.681926133376741e-05,2.0572295042265943e-12,0.0014392690558532564,0.0008089460782236058,1.497828183539366e-07,-4.4928690044798714e-05,-1.9370066794976992e-06
D2_50P_lam1,46.0,7.057566796467007,1.0,-4.687572464086562e-05,-4.687572464086562e-05,4.79098188195991e-05,-3.245228350545748e-06,-3.2452283504971757e-06,-3.245228350934326e-06,0.9999999988523244,4.790982003434368e-05,0.9999999988523246,4.7919154742146715e-05,2.129932552979104e-12,1.0,2.130200640959439e-12,4.7919153526976424e-05,4.7919153526976424e-05,0.0,0.0,0.0,6.703414616197407e-05,-4.0688072956540644e-05,0.0001177750913958775,-1.7235638272883325e-05,-2.1316282072803006e-14,4.7909817890666914e-05,4.790982002059926e-05,2.129932347140392e-12,0.0014348179661037828,0.0008016824515958067,1.4644752394394983e-07,-4.6875724642347905e-05,-1.8561577803666296e-06
D2_50P_lam1,47.0,7.210992161607593,1.0,-4.864100561022635e-05,-4.864100561022635e-05,4.894571965158934e-05,-3.438120517746529e-06,-3.4381205176493845e-06,-3.4381205181316377e-06,0.9999999988021584,4.894572089497027e-05,0.9999999988021582,4.89545217061626e-05,2.2792271076656335e-12,1.0,2.2794356233137024e-12,4.895452046242215e-05,4.895452046242215e-05,0.0,0.0,0.0,6.90107984174382e-05,-4.130339332097943e-05,0.00012197542883107815,-1.768201744567488e-05,-2.1316282072803006e-14,4.894571860108653e-05,4.894572088031367e-05,2.279227139192202e-12,0.001444088256646888,0.0007901532310223954,1.4421170090190352e-07,-4.864100560553197e-05,-1.854866386707954e-06
D2_50P_lam1,48.0,7.364417526748181,1.0,-5.058545741284021e-05,-5.058545741284021e-05,4.9922311835882204e-05,-3.632901322322274e-06,-3.632901322565135e-06,-3.6329013225581963e-06,0.9999999987538812,4.9922313103362235e-05,0.9999999987538812,4.993407306132343e-05,2.1643433021518756e-12,0.9999999999999999,2.1651169812923264e-12,4.9934071792888346e-05,4.9934071792888346e-05,0.0,0.0,0.0,7.107951355776018e-05,-4.181363731148302e-05,0.0001262445081522401,-1.812810962814604e-05,-2.1316282072803006e-14,4.9922310923463165e-05,4.992231308780925e-05,2.1643460857197392e-12,0.0014438769472518084,0.0007878644014028128,1.4590228960295357e-07,-5.058545741576381e-05,-2.0251875874066627e-06
D2_50P_lam1,49.0,7.517842891888768,1.0,-5.269138078587022e-05,-5.269138078587022e-05,5.102287020892154e-05,-3.852749451301735e-06,-3.852749451280918e-06,-3.852749451718068e-06,0.9999999986983332,5.102287151244139e-05,0.9999999986983331,5.103384160008551e-05,2.155829068116909e-12,1.0,2.1563159893906747e-12,5.1033840295897945e-05,5.1033840295897945e-05,0.0,0.0,0.0,7.335415134069107e-05,-4.2311357584035036e-05,0.00013092820325111276,-1.8580871343376604e-05,-1.4210854715202004e-14,5.1022869340011816e-05,5.102287149584089e-05,2.155829078160188e-12,0.0014388212886950183,0.0007935483619423417,1.5109282069382927e-07,-5.26913807803453e-05,-2.027538151594399e-06
D2_50P_lam1,50.0,7.671268257029355,1.0,-5.4640533721937826e-05,-5.4640533721937826e-05,5.211927096673463e-05,-4.059220874583214e-06,-4.059220874524233e-06,-4.059220874933628e-06,0.9999999986417908,5.211927230061639e-05,0.9999999986417908,5.2128709817010934e-05,2.305013304855901e-12,1.0,2.305189083604539e-12,5.21287084828255e-05,5.21287084828255e-05,0.0,0.0,0.0,7.551812499844518e-05,-4.313191119742488e-05,0.00013534515692059657,-1.9039287402711214e-05,-1.4210854715202004e-14,5.211926997790789e-05,5.2119272282920095e-05,2.30501220626034e-12,0.0014394845691750072,0.0008000850584313831,1.549900919055819e-07,-5.464053371895261e-05,-1.9928686505465976e-06
D2_50P_lam1,51.0,7.824693622169942,1.0,-5.667711808277562e-05,-5.667711808277562e-05,5.313667565639011e-05,-4.252374832147687e-06,-4.252374832324629e-06,-4.252374832456468e-06,0.9999999985882468,5.313667701232744e-05,0.9999999985882468,5.314887626471907e-05,2.2807544181537424e-12,0.9999999999999998,2.2813782530639734e-12,5.3148874907945354e-05,5.3148874907945354e-05,0.0,0.0,0.0,7.769874484457911e-05,-4.441969110469124e-05,0.00013962220299612582,-1.9498021037289703e-05,-1.4210854715202004e-14,5.3136674712819416e-05,5.313667699357346e-05,2.280754040137903e-12,0.0014453580346787936,0.0008058043201540741,1.586194648894135e-07,-5.6677118081438493e-05,-2.1618952210644693e-06
D2_50P_lam1,52.0,7.978118987310529,1.0,-5.89643241630858e-05,-5.89643241630858e-05,5.426462468391319e-05,-4.459986401229854e-06,-4.459986401417204e-06,-4.4599864016531265e-06,0.9999999985276752,5.426462607599637e-05,0.9999999985276752,5.4277587797286744e-05,2.202656954578941e-12,1.0,2.2033961667495644e-12,5.4277586404283376e-05,5.4277586404283376e-05,0.0,0.0,0.0,8.014264641702743e-05,-4.5496643590881014e-05,0.0001442714487711605,-1.996427152906044e-05,-2.1316282072803006e-14,5.426462385337168e-05,5.426462605602492e-05,2.2026532436925216e-12,0.0014520305438581577,0.0008110599651789138,1.6366532243533593e-07,-5.896432416108155e-05,-2.2322946975350533e-06
D2_50P_lam1,53.0,8.131544352451117,1.0,-6.114170748008899e-05,-6.114170748008899e-05,5.540635122660758e-05,-4.637917089770488e-06,-4.637917089708038e-06,-4.637917090207638e-06,0.999999998465068,5.540635265219894e-05,0.999999998465068,5.54168031780226e-05,2.3189160896439513e-12,1.0,2.3191419112369623e-12,5.541680175207051e-05,5.541680175207051e-05,0.0,0.0,0.0,8.251864198032583e-05,-4.5906601976120065e-05,0.00014866151536985228,-2.044215129920479e-05,-1.4210854715202004e-14,5.540635031202236e-05,5.540635263093838e-05,2.3189160155634934e-12,0.0014533570746481028,0.000813887923125232,1.67624541228651e-07,-6.11417074765086e-05,-2.1479199574514496e-06
D2_50P_lam1,54.0,8.284969717591704,1.0,-6.326016407417544e-05,-6.326016407417544e-05,5.6433243476856996e-05,-4.78237531879519e-06,-4.782375318847232e-06,-4.782375319308668e-06,0.9999999984076445,5.6433244922566996e-05,0.9999999984076445,5.644512526719294e-05,2.3840796593302737e-12,1.0,2.3845351915988798e-12,5.644512382083958e-05,5.644512382083958e-05,0.0,0.0,0.0,8.478145854782566e-05,-4.6030745361802516e-05,0.0001527603613444839,-2.0925414723760305e-05,-1.4210854715202004e-14,5.6433242516017325e-05,5.6433244900100016e-05,2.3840826916672544e-12,0.0014463264701890125,0.0008107883370240432,1.694458575714673e-07,-6.326016407598445e-05,-2.2475990633097354e-06
D2_50P_lam1,55.0,8.43839508273229,1.0,-6.563690559887794e-05,-6.563690559887794e-05,5.756151410378325e-05,-4.938058998864292e-06,-4.9380589989926615e-06,-4.938058999228584e-06,0.9999999983433362,5.756151558424718e-05,0.9999999983433359,5.7575581187536984e-05,2.272687822287456e-12,1.0000000000000002,2.273598293103205e-12,5.757557970601312e-05,5.757557970601312e-05,0.0,0.0,0.0,8.731062510770846e-05,-4.615820291486994e-05,0.0001572520944819189,-2.1417594334494083e-05,-2.1316282072803006e-14,5.756151328772024e-05,5.756151556040917e-05,2.2726889297542475e-12,0.001440389600064127,0.0008002431200375842,1.7230039594948873e-07,-6.563690560312807e-05,-2.379677223274257e-06
D2_50P_lam1,56.0,8.591820447872877,1.0,-6.801951852680747e-05,-6.801951852680747e-05,5.8732854767863416e-05,-5.091324890630494e-06,-5.091324890526411e-06,-5.091324891126625e-06,0.9999999982752253,5.873285628529227e-05,0.9999999982752258,5.874463190486605e-05,2.332773567396897e-12,0.9999999999999999,2.3331412728012455e-12,5.874463038691256e-05,5.874463038691256e-05,0.0,0.0,0.0,8.987536392384141e-05,-4.648248192684612e-05,0.00016161715857787584,-2.192651279769864e-05,-1.4210854715202004e-14,5.873285392719456e-05,5.8732856259968426e-05,2.332773866643892e-12,0.0014394234680396756,0.000788380849760219,1.7544312341390515e-07,-6.801951852253296e-05,-2.3073491988157002e-06
D2_50P_lam1,57.0,8.745245813013465,1.0,-7.025160400581413e-05,-7.025160400581413e-05,5.976112514116734e-05,-5.236617834060431e-06,-5.23661783425125e-06,-5.236617834459417e-06,0.999999998214304,5.9761126677744174e-05,0.9999999982143039,5.977276513715356e-05,2.4603719023546183e-12,0.9999999999999999,2.4607031802371e-12,5.977276360008359e-05,5.977276360008359e-05,0.0,0.0,0.0,9.22391743946664e-05,-4.740241500789111e-05,0.00016557822072238437,-2.2446573140988413e-05,-1.4210854715202004e-14,5.976112419069259e-05,5.976112665106594e-05,2.4603733593214235e-12,0.0014382722519696446,0.0007843500908938149,1.7587792688783193e-07,-7.025160400075947e-05,-2.332443102659454e-06
D2_50P_lam1,58.0,8.898671178154052,1.0,-7.268440472460664e-05,-7.268440472460664e-05,6.087588213427208e-05,-5.405259757888803e-06,-5.405259758180236e-06,-5.405259758319014e-06,0.9999999981470634,6.0875883702438404e-05,0.9999999981470635,6.0890504952212295e-05,2.3633361149534e-12,1.0,2.364249234268526e-12,6.089050338298245e-05,6.089050338298245e-05,0.0,0.0,0.0,9.481913847591993e-05,-4.87905239352493e-05,0.00016992306614938002,-2.2973820275995482e-05,-7.105427357601002e-15,6.087588131090147e-05,6.087588367423801e-05,2.363336539674732e-12,0.0014379419106794757,0.0007897133560301343,1.769876131022544e-07,-7.268440472785187e-05,-2.5104902050543387e-06
D2_50P_lam1,59.0,9.052096543294638,1.0,-7.52725844138358e-05,-7.52725844138358e-05,6.209119639597792e-05,-5.569144063896636e-06,-5.569144063986842e-06,-5.569144064413584e-06,0.9999999980723416,6.209119800410203e-05,0.9999999980723415,6.210501838874088e-05,2.3564869403663222e-12,1.0,2.357088790315723e-12,6.210501677985393e-05,6.210501677985393e-05,0.0,0.0,0.0,9.758579623025378e-05,-5.006957213471441e-05,0.00017431617197338767,-2.351590485760724e-05,-7.105427357601002e-15,6.209119561769278e-05,6.209119797417918e-05,2.356486399445051e-12,0.0014419632300237343,0.000799164364493306,1.7890727388726996e-07,-7.527258441086815e-05,-2.519548729651433e-06
D2_50P_lam1,60.0,9.205521908435227,1.0,-7.772350218524855e-05,-7.772350218524855e-05,6.317846475340984e-05,-5.694953871041714e-06,-5.69495387124988e-06,-5.694953871572539e-06,0.9999999980042409,6.317846638165889e-05,0.9999999980042408,6.319098948030896e-05,2.5112443469366535e-12,1.0000000000000002,2.5115287999515873e-12,6.31909878516277e-05,6.31909878516277e-05,0.0,0.0,0.0,0.0001001700359938071,-5.099586851542437e-05,0.0001781539994158976,-2.4072741022340693e-05,-7.105427357601002e-15,6.317846383889405e-05,6.317846635013474e-05,2.5112406804933627e-12,0.0014479069855303727,0.0008082808800745716,1.7692272708065974e-07,-7.772350218715474e-05,-2.4990252782686184e-06
D2_50P_lam1,61.0,9.358947273575813,1.0,-8.027063496993406e-05,-8.027063496993406e-05,6.429592356505216e-05,-5.819561003567175e-06,-5.819561003813506e-06,-5.819561003889834e-06,0.9999999979330171,6.42959252201126e-05,0.9999999979330171,6.431109133846303e-05,2.4641584386130848e-12,1.0000000000000002,2.4649384923459053e-12,6.431108968244722e-05,6.431108968244722e-05,0.0,0.0,0.0,0.00010285563701493969,-5.189477565148426e-05,0.00018217701818246113,-2.463702775451493e-05,-2.842170943040401e-14,6.42959227227274e-05,6.429592518688692e-05,2.464159523686174e-12,0.0014508199441379474,0.0008146110288173039,1.7433041258899337e-07,-8.027063496740539e-05,-2.6595027655673675e-06
D2_50P_lam1,62.0,9.5123726387164,1.0,-8.3042507719069e-05,-8.3042507719069e-05,6.552649332814816e-05,-5.931011524712426e-06,-5.931011524917124e-06,-5.931011525201618e-06,0.9999999978531394,6.552649502477648e-05,0.9999999978531393,6.554216590630976e-05,2.40026434474344e-12,0.9999999999999999,2.40112532470743e-12,6.55421642086864e-05,6.55421642086864e-05,0.0,0.0,0.0,0.00010579141487218406,-5.3117184257822636e-05,0.00018635071403583225,-2.5212839727284386e-05,-2.1316282072803006e-14,6.552649258934682e-05,6.552649498960816e-05,2.400261348253221e-12,0.0014505307878483493,0.0008149131934094121,1.7604422254679862e-07,-8.304250771828947e-05,-2.7169552261341323e-06
D2_50P_lam1,63.0,9.665798003856986,1.0,-8.570454542132599e-05,-8.570454542132599e-05,6.663499108487491e-05,-5.998592701200733e-06,-5.9985927012874696e-06,-5.9985927017454366e-06,0.9999999977798887,6.663499280486624e-05,0.9999999977798888,6.66482901932617e-05,2.5473911810325575e-12,0.9999999999999999,2.5477282555479362e-12,6.664828847278765e-05,6.664828847278765e-05,0.0,0.0,0.0,0.00010856911921194851,-5.450659763983623e-05,0.00018991781606780833,-2.580306174831959e-05,-2.1316282072803006e-14,6.663499022049055e-05,6.663499276788155e-05,2.547391002023748e-12,0.0014481786916174509,0.0008081821414489296,1.791955765401433e-07,-8.570454541967365e-05,-2.6351063588947454e-06
D2_50P_lam1,64.0,9.819223368997575,1.0,-8.831272044005614e-05,-8.831272044005614e-05,6.769640241228779e-05,-6.066869205144376e-06,-6.066869205574588e-06,-6.066869205539893e-06,0.9999999977085985,6.769640415343755e-05,0.9999999977085984,6.771098229105785e-05,2.561780634618539e-12,1.0000000000000002,2.5623804302338194e-12,6.771098054913657e-05,6.771098054913657e-05,0.0,0.0,0.0,0.00011128298378432104,-5.59687834669198e-05,0.00019351595279060163,-2.639598059667181e-05,-7.105427357601002e-15,6.769640155287542e-05,6.769640411465718e-05,2.5617817643834824e-12,0.0014430563206926502,0.0007981166415069262,1.8221544192136756e-07,-8.831272043607896e-05,-2.7223802447906564e-06
D2_50P_lam1,65.0,9.972648734138161,1.0,-9.114930590356256e-05,-9.114930590356256e-05,6.889513176754545e-05,-6.132458087643178e-06,-6.132458087847875e-06,-6.132458088076859e-06,0.9999999976267304,6.889513354998621e-05,0.9999999976267305,6.891155631619171e-05,2.471188799729544e-12,1.0000000000000002,2.4722201494435565e-12,6.891155453261388e-05,6.891155453261388e-05,0.0,0.0,0.0,0.00011426716838573906,-5.7360656522065234e-05,0.0001974422172117407,-2.6987675190104365e-05,-2.1316282072803006e-14,6.889513103792374e-05,6.889513350911254e-05,2.471188799729544e-12,0.0014375471998802384,0.0007896131162644162,1.8685941071320044e-07,-9.114930590925496e-05,-2.837997843840867e-06
D2_50P_lam1,66.0,10.126074099278748,1.0,-9.398871612433566e-05,-9.398871612433566e-05,7.002603522082614e-05,-6.168957072116843e-06,-6.168957072179293e-06,-6.168957072661546e-06,0.9999999975481771,7.002603703149337e-05,0.999999997548177,7.004044713171487e-05,2.582754817926126e-12,0.9999999999999999,2.583238299813155e-12,7.004044532040903e-05,7.004044532040903e-05,0.0,0.0,0.0,0.00011721574185791763,-5.8417978128999515e-05,0.00020087505588417542,-2.7584174311034992e-05,-2.1316282072803006e-14,7.002603440581444e-05,7.002603698856953e-05,2.582755081055902e-12,0.001435647859695109,0.0007860622865200781,1.898224489075808e-07,-9.39887161237607e-05,-2.7794399137803794e-06
D2_50P_lam1,67.0,10.279499464419336,1.0,-9.670818574526686e-05,-9.670818574526686e-05,7.10524291114396e-05,-6.209766840136605e-06,-6.209766840389874e-06,-6.209766840514774e-06,0.9999999974757762,7.105243093797868e-05,0.9999999974757758,7.106692516983076e-05,2.6455070510111887e-12,1.0,2.645968232730463e-12,7.10669233426703e-05,7.10669233426703e-05,0.0,0.0,0.0,0.00012001236313803256,-5.9546280283151454e-05,0.00020417880630985152,-2.817742402611012e-05,-1.4210854715202004e-14,7.105242824763322e-05,7.105243089314133e-05,2.645508110935469e-12,0.0014391705237534462,0.0007890630056727144,1.8885979602407483e-07,-9.670818573681572e-05,-2.8207275342140292e-06
D2_50P_lam1,68.0,10.432924829559923,1.0,-9.963017119288336e-05,-9.963017119288336e-05,7.22414330769501e-05,-6.25615190217102e-06,-6.256151902514495e-06,-6.25615190267409e-06,0.9999999973905879,7.224143494201605e-05,0.9999999973905874,7.225880595685926e-05,2.567832856822958e-12,1.0000000000000004,2.5688776087252486e-12,7.225880409064178e-05,7.225880409064178e-05,0.0,0.0,0.0,0.00012307513962666643,-6.086707549324277e-05,0.00020793427261711628,-2.876051932709789e-05,-1.4210854715202004e-14,7.224143232705527e-05,7.224143489488852e-05,2.567833251697658e-12,0.0014444786856982743,0.0007982381344202923,1.8883993014292384e-07,-9.963017119218875e-05,-2.9990228256338014e-06
D2_50P_lam1,69.0,10.58635019470051,1.0,-0.00010270623141047671,-0.00010270623141047671,7.342489431576738e-05,-6.294735548629388e-06,-6.294735548726532e-06,-6.294735549139396e-06,0.9999999973043925,7.342489621422156e-05,0.9999999973043923,7.344162728128318e-05,2.6279265123119393e-12,1.0,2.628641661076329e-12,7.34416253819558e-05,7.34416253819558e-05,0.0,0.0,0.0,0.0001262625269335285,-6.17940450208243e-05,0.00021139025264682587,-2.9344727729863074e-05,-2.842170943040401e-14,7.342489353681193e-05,7.342489616473851e-05,2.6279265749974172e-12,0.0014477763139653915,0.0008096377449829222,1.9087126388832836e-07,-0.00010270623138808332,-3.0165137943072295e-06
D2_50P_lam1,70.0,10.739775559841096,1.0,-0.00010566319879804444,-0.00010566319879804444,7.443481356499676e-05,-6.347276957609921e-06,-6.347276957696657e-06,-6.347276958071357e-06,0.9999999972297292,7.443481547577359e-05,0.9999999972297292,7.44503338242565e-05,2.7120585887778737e-12,1.0000000000000002,2.7124714068760088e-12,7.445033191291761e-05,7.445033191291761e-05,0.0,0.0,0.0,0.00012925767466326243,-6.247385691215968e-05,0.00021451290077800778,-2.9931262392146607e-05,-7.105427357601002e-15,7.443481271216247e-05,7.443481542422104e-05,2.712058561845438e-12,0.001449486068261271,0.0008166810612874085,1.8990668761819832e-07,-0.00010566319878080321,-2.9977990152474376e-06
D2_50P_lam1,71.0,10.893200924981684,1.0,-0.00010870182942705329,-0.00010870182942705329,7.556090936186867e-05,-6.42308437618852e-06,-6.423084376545873e-06,-6.423084376708937e-06,0.9999999971452743,7.556091130569955e-05,0.9999999971452741,7.5578741983892e-05,2.67702983182415e-12,0.9999999999999999,2.677936048025365e-12,7.557874003901051e-05,7.557874003901051e-05,0.0,0.0,0.0,0.00013239416222023053,-6.351613429456116e-05,0.00021806767263621296,-3.0509787005750244e-05,-1.4210854715202004e-14,7.556090857474204e-05,7.5560911251773e-05,2.677030956759825e-12,0.001450477374240298,0.0008148783965660857,1.8660446621580252e-07,-0.0001087018294185782,-3.1389708254891957e-06
D2_50P_lam1,72.0,11.046626290122271,1.0,-0.00011194114044228102,-0.00011194114044228102,7.671278963096117e-05,-6.512044162493291e-06,-6.512044162531455e-06,-6.512044163114322e-06,0.9999999970575739,7.671279161224035e-05,0.9999999970575738,7.673110622515788e-05,2.6900191678710713e-12,1.0000000000000002,2.6909802938380918e-12,7.673110424278451e-05,7.673110424278451e-05,0.0,0.0,0.0,0.00013571462776172639,-6.475235036373927e-05,0.00022156236566983623,-3.1086751651976385e-05,-2.842170943040401e-14,7.671278886579034e-05,7.671279155581026e-05,2.690019912353475e-12,0.0014482675454352853,0.0008055497353534264,1.839391004548127e-07,-0.0001119411404317816,-3.1920619676384376e-06
D2_50P_lam1,73.0,11.200051655262858,1.0,-0.00011508595336544747,-0.00011508595336544747,7.765712191805504e-05,-6.607416319345805e-06,-6.607416319463766e-06,-6.607416320036225e-06,0.9999999969846858,7.765712391077764e-05,0.9999999969846854,7.767330940929986e-05,2.7627775508129484e-12,1.0,2.7632398197722817e-12,7.767330741596307e-05,7.767330741596307e-05,0.0,0.0,0.0,0.00013884487117510878,-6.58184452982935e-05,0.0002245982126400925,-3.1666164126864516e-05,-1.4210854715202004e-14,7.765712108945943e-05,7.765712385223701e-05,2.7627775780004744e-12,0.0014415530701773589,0.0007944529550630252,1.7833918877655045e-07,-0.00011508595335385507,-3.1198225656225986e-06
D2_50P_lam1,74.0,11.353477020403446,1.0,-0.00011818078557886942,-0.00011818078557886942,7.86648571955448e-05,-6.722913317498691e-06,-6.722913317932372e-06,-6.722913317911555e-06,0.9999999969059201,7.866485921351393e-05,0.99999999690592,7.868219323136829e-05,2.7794901456196255e-12,0.9999999999999999,2.7802071606599996e-12,7.86821912125198e-05,7.86821912125198e-05,0.0,0.0,0.0,0.0001419773296174391,-6.704910554877763e-05,0.00022798703505122475,-3.2232603132453796e-05,-2.1316282072803006e-14,7.866485637317507e-05,7.866485915266404e-05,2.7794889671432977e-12,0.001435508524317978,0.0007871581569095501,1.7045627750760948e-07,-0.0001181807855630268,-3.2022534952602655e-06
D2_50P_lam1,75.0,11.506902385544032,1.0,-0.00012149046034451571,-0.00012149046034451571,7.976345508887638e-05,-6.871348217012824e-06,-6.871348217085682e-06,-6.8713482175540574e-06,0.9999999968188956,7.976345714621102e-05,0.9999999968188957,7.978268355185893e-05,2.7711312013001696e-12,1.0,2.7722445102951534e-12,7.978268149329131e-05,7.978268149329131e-05,0.0,0.0,0.0,0.00014534504552246656,-6.851959978859679e-05,0.0002315666498051705,-3.2784889950843166e-05,-2.842170943040401e-14,7.976345431164755e-05,7.976345708277395e-05,2.7711263963696853e-12,0.0014361344149399161,0.0007866714824310238,1.6536760585783468e-07,-0.0001214904603443756,-3.3208333860557104e-06
D2_50P_lam1,76.0,11.660327750684619,1.0,-0.00012482245232738748,-0.00012482245232738748,8.06660688215935e-05,-7.025073426161765e-06,-7.025073426245032e-06,-7.0250734268383075e-06,0.9999999967464928,8.066607089199371e-05,0.9999999967464925,8.068359168335643e-05,2.8007823153489843e-12,1.0,2.8013930320767197e-12,8.068358961219255e-05,8.068358961219255e-05,0.0,0.0,0.0,0.0001486285972462469,-6.97276365873023e-05,0.00023459164870809346,-3.333252209092308e-05,-1.4210854715202004e-14,8.066606802559876e-05,8.066607082638058e-05,2.800781818940315e-12,0.0014419910175679051,0.0007935473307655929,1.5893097779313696e-07,-0.00012482245233513822,-3.2741586935003397e-06
D2_50P_lam1,77.0,11.813753115825207,1.0,-0.00012803877772621174,-0.00012803877772621174,8.155876734413964e-05,-7.176718105555285e-06,-7.176718105943863e-06,-7.1767181060375385e-06,0.9999999966740838,8.155876943088993e-05,0.9999999966740837,8.157614406379245e-05,2.860456302926209e-12,0.9999999999999999,2.8610241145459123e-12,8.157614197631553e-05,8.157614197631553e-05,0.0,0.0,0.0,0.00015181754776550155,-7.093261992008326e-05,0.00023772414514855456,-3.386296669155575e-05,-1.4210854715202004e-14,8.155876650262044e-05,8.15587693630748e-05,2.8604543630230985e-12,0.0014470379128125599,0.0008047733458590913,1.4887267453364812e-07,-0.00012803877773137629,-3.2992913432394744e-06
D2_50P_lam1,78.0,11.967178480965794,1.0,-0.00013142103502415637,-0.00013142103502415637,8.25874233456424e-05,-7.330634260355878e-06,-7.330634260709762e-06,-7.330634261011604e-06,0.999999996589659,8.258742547083127e-05,0.9999999965896587,8.260735858402396e-05,2.8654424807874776e-12,1.0000000000000002,2.8665538634513255e-12,8.260735645760542e-05,8.260735645760542e-05,0.0,0.0,0.0,0.00015522703470667273,-7.250210940790147e-05,0.00024115850991179855,-3.436872734385865e-05,-2.1316282072803006e-14,8.258742253497718e-05,8.258742540041926e-05,2.86544208113887e-12,0.0014489989351919859,0.0008136364843453613,1.4099373301463867e-07,-0.00013142103502161717,-3.4491496592181647e-06
D2_50P_lam1,79.0,12.12060384610638,1.0,-0.00013493707705243058,-0.00013493707705243058,8.343860125171459e-05,-7.448065467624554e-06,-7.4480654677841485e-06,-7.448065468349668e-06,0.9999999965189998,8.343860339335259e-05,0.999999996519,8.345783154555822e-05,2.832235657188674e-12,1.0,2.8330818569327156e-12,8.345782940293274e-05,8.345782940293274e-05,0.0,0.0,0.0,0.00015866061666284026,-7.384889977002373e-05,0.00024396202093157626,-3.4862508287492044e-05,-1.4210854715202004e-14,8.343860048850377e-05,8.343860332073942e-05,2.832235657188674e-12,0.0014489954318596624,0.0008144775627797501,1.3419367668552503e-07,-0.00013493707704981261,-3.4426790236352645e-06
D2_50P_lam1,80.0,12.274029211246967,1.0,-0.00013830639306219286,-0.00013830639306219286,8.418061385052222e-05,-7.5420146719885894e-06,-7.54201467235982e-06,-7.5420146724777815e-06,0.999999996456812,8.418061600023518e-05,0.9999999964568119,8.419816200670347e-05,2.9125957418402158e-12,0.9999999999999999,2.9131076934442578e-12,8.419815985633312e-05,8.419815985633312e-05,0.0,0.0,0.0,0.00016191959560241229,-7.492194583447187e-05,0.00024656324669214413,-3.533657412430058e-05,-1.4210854715202004e-14,8.418061301306484e-05,8.418061592566476e-05,2.91259991690345e-12,0.001447147149669893,0.000807355466990656,1.2560243229845901e-07,-0.0001383063930688877,-3.3836782975527058e-06
D2_50P_lam1,81.0,12.427454576387555,1.0,-0.0001417044336408558,-0.0001417044336408558,8.50697139228025e-05,-7.647157305338409e-06,-7.647157305726987e-06,-7.647157306032298e-06,0.9999999963815719,8.506971610687963e-05,0.9999999963815717,8.508915958112113e-05,2.9600119642749474e-12,1.0,2.960980625067584e-12,8.508915739592518e-05,8.508915739592518e-05,0.0,0.0,0.0,0.00016528845850996863,-7.61372201332211e-05,0.00024955555317163203,-3.5774943660971115e-05,-2.1316282072803006e-14,8.506971306991374e-05,8.5069716029925e-05,2.960011258014772e-12,0.00144343188225048,0.0007972734906677706,1.1888038247636243e-07,-0.00014170443364491803,-3.491940248068204e-06
D2_50P_lam1,82.0,12.580879941528142,1.0,-0.00014529027355849328,-0.00014529027355849328,8.583549917658202e-05,-7.735317742119108e-06,-7.735317742334213e-06,-7.735317742930958e-06,0.9999999963161336,8.583550138107595e-05,0.9999999963161335,8.58556289741646e-05,2.866249988514905e-12,1.0,2.867342219843295e-12,8.585562676847826e-05,8.585562676847826e-05,0.0,0.0,0.0,0.0001687614079240695,-7.703627235522426e-05,0.00025206718708226106,-3.618702097463178e-05,-2.1316282072803006e-14,8.583549843577689e-05,8.583550130202605e-05,2.8662491661500113e-12,0.0014396956969363293,0.000790354590301436,1.1388754207345768e-07,-0.0001452902735650241,-3.541033450460418e-06
D2_50P_lam1,83.0,12.734305306668729,1.0,-0.00014878650055452609,-0.00014878650055452609,8.642695505163716e-05,-7.81078641228991e-06,-7.810786412622978e-06,-7.810786412876247e-06,0.9999999962651908,8.642695725784195e-05,0.9999999962651905,8.644491540052888e-05,2.9350135642403348e-12,0.9999999999999999,2.9355684755299523e-12,8.644491319361476e-05,8.644491319361476e-05,0.0,0.0,0.0,0.00017207587440737414,-7.764441953306278e-05,0.0002541899599672881,-3.6572193966522004e-05,-1.4210854715202004e-14,8.642695424213345e-05,8.642695717714682e-05,2.9350133727747985e-12,0.0014382920539012555,0.0007902335264053424,1.0669031907934837e-07,-0.00014878650054583886,-3.458365974040589e-06
D2_50P_lam1,84.0,12.887730671809317,1.0,-0.00015220700551279927,-0.00015220700551279927,8.716502606824234e-05,-7.903884761562702e-06,-7.903884761961688e-06,-7.903884762246183e-06,0.999999996201129,8.716502830201561e-05,0.9999999962011289,8.718390031679938e-05,3.0402303774847497e-12,1.0,3.0410071412825816e-12,8.718389808208016e-05,8.718389808208016e-05,0.0,0.0,0.0,0.00017540798832444874,-7.874970414267768e-05,0.0002567279056515659,-3.691327073240824e-05,-1.4210854715202004e-14,8.716502517900367e-05,8.716502821923405e-05,3.0402303859062912e-12,0.0014405423545704836,0.0007960393991491587,9.870107702487668e-08,-0.0001522070055131053,-3.5235835440516894e-06
D2_50P_lam1,85.0,13.041156036949904,1.0,-0.00015583366763121707,-0.00015583366763121707,8.783685608509015e-05,-7.988450153633558e-06,-7.988450153980503e-06,-7.988450154539084e-06,0.9999999961423433,8.783685834251258e-05,0.9999999961423435,8.78577980073836e-05,2.9105730546358775e-12,1.0,2.911818209284539e-12,8.785779574864514e-05,8.785779574864514e-05,0.0,0.0,0.0,0.00017889403966030057,-7.981702317105821e-05,0.00025896646573864146,-3.721809189688452e-05,-1.4210854715202004e-14,8.783685534722669e-05,8.783685825779974e-05,2.9105730546358775e-12,0.0014452059288809272,0.0008035741422523516,9.31424431666809e-08,-0.00015583366763394224,-3.63906200107067e-06
D2_50P_lam1,86.0,13.19458140209049,1.0,-0.0001594851295178841,-0.0001594851295178841,8.828495178260456e-05,-8.049438438014617e-06,-8.04943843843789e-06,-8.0494384387432e-06,0.9999999961028837,8.828495403816845e-05,0.9999999961028835,8.830413122218404e-05,2.930871631015255e-12,1.0,2.9315894605722844e-12,8.830412896576577e-05,8.830412896576577e-05,0.0,0.0,0.0,0.00018229942037770885,-8.013669853013106e-05,0.00026062687879280233,-3.749548521786439e-05,-2.1316282072803006e-14,8.828495102127995e-05,8.828495395215263e-05,2.930872679496246e-12,0.0014484070113450437,0.000808444187825464,8.800594328101618e-08,-0.00015948512951524663,-3.576723742071408e-06
D2_50P_lam1,87.0,13.348006767231077,1.0,-0.0001629871151201929,-0.0001629871151201929,8.884477888496151e-05,-8.117067685626395e-06,-8.1170676862162e-06,-8.117067686209262e-06,0.9999999960533026,8.88447811594549e-05,0.9999999960533024,8.886344031346781e-05,3.0957331829480582e-12,0.9999999999999999,3.096354449998932e-12,8.886343803818445e-05,8.886343803818445e-05,0.0,0.0,0.0,0.0001856379855342137,-8.032559331561107e-05,0.00026260378614395563,-3.773090408765167e-05,-2.842170943040401e-14,8.884477797605943e-05,8.884478107179258e-05,3.0957331447905106e-12,0.0014475941475643088,0.0008083016553700548,8.084061711698924e-08,-0.00016298711511808506,-3.5722044202657344e-06
D2_50P_lam1,88.0,13.501432132371665,1.0,-0.00016662953836444792,-0.00016662953836444792,8.939678393171674e-05,-8.176685115875854e-06,-8.176685116472598e-06,-8.176685116802196e-06,0.9999999960041074,8.939678623112695e-05,0.9999999960041072,8.941802878122637e-05,2.9641727455673696e-12,1.0000000000000002,2.9654130496986673e-12,8.941802648049738e-05,8.941802648049738e-05,0.0,0.0,0.0,0.00018910561100887393,-8.047451016368612e-05,0.0002644746672264553,-3.7926993274151055e-05,-1.4210854715202004e-14,8.939678317765094e-05,8.939678614182394e-05,2.9641729950751593e-12,0.001444410734028646,0.0008037478512916849,7.471350979282503e-08,-0.0001666295383557781,-3.7087740878405384e-06
D2_50P_lam1,89.0,13.654857497512252,1.0,-0.0001704046632832243,-0.0001704046632832243,8.970732839796002e-05,-8.20494472391839e-06,-8.204944724334723e-06,-8.204944724771873e-06,0.9999999959762976,8.970733069476085e-05,0.9999999959762976,8.972791051437743e-05,2.910471993451175e-12,0.9999999999999999,2.911441858512201e-12,8.972790821650362e-05,8.972790821650362e-05,0.0,0.0,0.0,0.00019258450269187352,-8.029778584672798e-05,0.0002656662645268426,-3.8097561037675476e-05,-2.1316282072803006e-14,8.970732769404917e-05,8.970733060452095e-05,2.9104717767138456e-12,0.0014421299061033138,0.0007980881723525727,6.964456703269497e-08,-0.00017040466329376613,-3.6906958911231413e-06
D2_50P_lam1,90.0,13.808282862652838,1.0,-0.00017401093014358663,-0.00017401093014358663,9.007386794951988e-05,-8.237795190893515e-06,-8.23779519149373e-06,-8.237795191438219e-06,0.999999995943349,9.007387025602107e-05,0.9999999959433492,9.009254596538349e-05,3.119561563560204e-12,0.9999999999999999,3.1201183948348574e-12,9.009254365816457e-05,9.009254365816457e-05,0.0,0.0,0.0,0.00019595003028100868,-8.030239863943134e-05,0.0002670214455369191,-3.823306595840403e-05,-3.552713678800501e-14,9.007386704510999e-05,9.007387016467182e-05,3.119561832036846e-12,0.0014420885374055218,0.000795229664288406,6.11995830790622e-08,-0.00017401093013802438,-3.614793442352493e-06
D2_50P_lam1,91.0,13.961708227793427,1.0,-0.00017763425017762745,-0.00017763425017762745,9.049364423510038e-05,-8.262649479014172e-06,-8.262649479607448e-06,-8.262649479940515e-06,0.99999999590545,9.049364656526348e-05,0.9999999959054501,9.051444603152743e-05,3.020891580477991e-12,0.9999999999999999,3.021973719630008e-12,9.051444370017233e-05,9.051444370017233e-05,0.0,0.0,0.0,0.0001993658190063136,-8.03381236282874e-05,0.00026846592160012506,-3.833068623093627e-05,-1.4210854715202004e-14,9.049364345173397e-05,9.049364647262859e-05,3.0208946278871838e-12,0.0014431137052834493,0.0007967747621421351,5.420661943520701e-08,-0.00017763425017847112,-3.7282155602724742e-06
D2_50P_lam1,92.0,14.115133592934013,1.0,-0.00018146736126182052,-0.00018146736126182052,9.06952011986769e-05,-8.247278443784811e-06,-8.247278444218492e-06,-8.247278444614009e-06,0.9999999958871901,9.06952035274073e-05,0.99999999588719,9.071702679282612e-05,2.8871767889866225e-12,1.0,2.888422087887041e-12,9.071702446280019e-05,9.071702446280019e-05,0.0,0.0,0.0,0.00020287906704949662,-7.986254005820648e-05,0.0002692710658820374,-3.840616589501078e-05,-1.4210854715202004e-14,9.069520054697879e-05,9.069520343415523e-05,2.887176441335683e-12,0.0014436069223829698,0.0008008470722651532,5.2960107712458275e-08,-0.00018146736125856933,-3.7852973662211298e-06
D2_50P_lam1,93.0,14.2685589580746,1.0,-0.00018520484490970113,-0.00018520484490970113,9.089391026714231e-05,-8.230758094109752e-06,-8.2307580946267e-06,-8.230758094650986e-06,0.9999999958691487,9.089391259703314e-05,0.9999999958691483,9.091331481176214e-05,3.111365293946026e-12,1.0,3.111962691969065e-12,9.091331248111126e-05,9.091331248111126e-05,0.0,0.0,0.0,0.0002063152930843435,-7.928763840792108e-05,0.00027007453344918275,-3.84587089371502e-05,-2.1316282072803006e-14,9.089390939180016e-05,9.089391250316537e-05,3.1113652137238117e-12,0.0014436716428260468,0.0008037518459751721,5.14252518374623e-08,-0.00018520484491091338,-3.6861044989677794e-06
D2_50P_lam1,94.0,14.421984323215186,1.0,-0.00018883957026652495,-0.00018883957026652495,9.117675635485541e-05,-8.220516780670095e-06,-8.22051678139521e-06,-8.220516781471537e-06,0.9999999958433996,9.117675870452075e-05,0.9999999958433993,9.119703866754601e-05,3.072087381411733e-12,1.0,3.0729522668866998e-12,9.119703631687224e-05,9.119703631687224e-05,0.0,0.0,0.0,0.00020970744800392888,-7.889921932258126e-05,0.00027110094764282167,-3.848297284536617e-05,-1.4210854715202004e-14,9.117675553768687e-05,9.11767586097744e-05,3.0720875348658073e-12,0.0014444583151994477,0.000803259541096173,4.8193067770471385e-08,-0.00018883957025650489,-3.7387435725122486e-06
D2_50P_lam1,95.0,14.575409688355775,1.0,-0.00019268233205791663,-0.00019268233205791663,9.127182015455912e-05,-8.195703034983431e-06,-8.195703035399765e-06,-8.195703035965285e-06,0.9999999958347274,9.127182250472153e-05,0.9999999958347271,9.129440155304556e-05,2.8729380934326437e-12,1.0,2.8743627201166947e-12,9.129439920145376e-05,9.129439920145376e-05,0.0,0.0,0.0,0.0002132160233428646,-7.851627438304476e-05,0.00027162055098717275,-3.849107614917191e-05,-7.105427357601002e-15,9.127181953674079e-05,9.127182240967824e-05,2.8729374552492302e-12,0.0014453113225827475,0.0008007117317678796,4.3992591470220806e-08,-0.00019268233205593788,-3.847039948823294e-06
D2_50P_lam1,96.0,14.728835053496361,1.0,-0.00019653365016147903,-0.00019653365016147903,9.130431373396655e-05,-8.175122756925307e-06,-8.175122757296538e-06,-8.175122757570624e-06,0.9999999958317611,9.130431607860013e-05,0.9999999958317608,9.132472632972454e-05,3.0817192929384632e-12,1.0,3.08247545670418e-12,9.132472398417538e-05,9.132472398417538e-05,0.0,0.0,0.0,0.00021671549514710602,-7.829624793032064e-05,0.00027199281727074975,-3.848631126596169e-05,-1.4210854715202004e-14,9.130431290173759e-05,9.130431598345695e-05,3.081719360251161e-12,0.0014443172359425382,0.0007992826209766677,3.8898848832356163e-08,-0.00019653365015415147,-3.752260063549784e-06
D2_50P_lam1,97.0,14.882260418636948,1.0,-0.0002001868521775265,-0.0002001868521775265,9.143507277911006e-05,-8.154640871518848e-06,-8.154640872410496e-06,-8.154640872459068e-06,0.9999999958198137,9.143507513759417e-05,0.9999999958198135,9.145463272471004e-05,3.1051983241458883e-12,1.0000000000000002,3.1058790526621184e-12,9.145463036539317e-05,9.145463036539317e-05,0.0,0.0,0.0,0.0002200878209691815,-7.847636783675505e-05,0.0002726531848518121,-3.845954786957373e-05,-1.4210854715202004e-14,9.143507193684164e-05,9.143507504203996e-05,3.1051983241458883e-12,0.0014424282508027123,0.0008000447691661269,3.456772015697342e-08,-0.00020018685218303744,-3.715647643787179e-06
D2_50P_lam1,98.0,15.035685783777536,1.0,-0.00020396494544128703,-0.00020396494544128703,9.142548916132397e-05,-8.127146283589542e-06,-8.127146284002407e-06,-8.127146284599152e-06,0.99999999582069,9.142549152198064e-05,0.9999999958206898,9.14477818738412e-05,2.8828378286398425e-12,1.0000000000000002,2.884248604764771e-12,9.144777951176976e-05,9.144777951176976e-05,0.0,0.0,0.0,0.00022352698016361782,-7.87677869695802e-05,0.00027298430736744095,-3.8415156607407575e-05,-1.4210854715202004e-14,9.142548854362362e-05,9.142549142646021e-05,2.8828365860386295e-12,0.0014427209001038304,0.0008012849855118065,3.2708791841681944e-08,-0.00020396494544172583,-3.836058823480926e-06
D2_50P_lam1,99.0,15.189111148918123,1.0,-0.00020785896983927904,-0.00020785896983927904,9.130802513981068e-05,-8.120255162842593e-06,-8.120255163172191e-06,-8.120255163515666e-06,0.9999999958314222,9.130802749047947e-05,0.9999999958314221,9.132926599151655e-05,3.0434523538668824e-12,1.0000000000000002,3.044456705443339e-12,9.132926363971457e-05,9.132926363971457e-05,0.0,0.0,0.0,0.00022703810281666752,-7.871306809614786e-05,0.000273055339254924,-3.83586427785132e-05,-1.4210854715202004e-14,9.130802435186892e-05,9.130802739532124e-05,3.043452318352374e-12,0.0014450427511571897,0.000801585645119142,3.7465348958255345e-08,-0.0002078589698299993,-3.781756888088239e-06
D2_50P_lam1,100.0,15.34253651405871,1.0,-0.00021152845920698873,-0.00021152845920698873,9.12875937447057e-05,-8.14133123322805e-06,-8.141331234116228e-06,-8.141331234057247e-06,0.9999999958332878,9.128759610236091e-05,0.9999999958332876,9.130646604164525e-05,3.1119725329575328e-12,1.0000000000000002,3.112561111973808e-12,9.13064636832554e-05,9.13064636832554e-05,0.0,0.0,0.0,0.00023039330669494186,-7.859405145993481e-05,0.0002734246433684362,-3.828096358771127e-05,-1.4210854715202004e-14,9.128759289529769e-05,9.12875960072691e-05,3.1119714131536748e-12,0.0014457529334697295,0.0008013866018376076,4.7712908386425055e-08,-0.0002115284592179023,-3.6670823604367797e-06
D2_50P_lam1,101.0,15.495961879199298,1.0,-0.00021519313455857936,-0.00021519313455857936,9.118071430034946e-05,-8.187062245496729e-06,-8.18706224611776e-06,-8.187062246547971e-06,0.9999999958430389,9.11807166607446e-05,0.9999999958430384,9.120183474655672e-05,2.9270204064409788e-12,0.9999999999999999,2.9282345435542885e-12,9.12018323849024e-05,9.12018323849024e-05,0.0,0.0,0.0,0.00023372156072141214,-7.880870092802361e-05,0.0002736592109067182,-3.817940219419391e-05,-2.1316282072803006e-14,9.118071363896687e-05,9.118071656598717e-05,2.9270203067195213e-12,0.001443610001346632,0.0008012199715252219,5.6579639691771194e-08,-0.00021519313455087286,-3.7627523141736674e-06
D2_50P_lam1,102.0,15.649387244339884,1.0,-0.00021905396384436823,-0.00021905396384436823,9.094237485524774e-05,-8.249232422808533e-06,-8.249232423030578e-06,-8.249232423509362e-06,0.9999999958647422,9.094237720347767e-05,0.9999999958647419,9.096412861639712e-05,3.001222649556373e-12,0.9999999999999999,3.0024927267439096e-12,9.096412626682769e-05,9.096412626682769e-05,0.0,0.0,0.0,0.00023718982968450758,-7.902390561265182e-05,0.0002735228686256974,-3.8059360503273076e-05,-2.842170943040401e-14,9.094237410823702e-05,9.094237710945945e-05,3.0012224221690493e-12,0.0014420546691398903,0.0008006029192491979,6.232453633583073e-08,-0.00021905396384624964,-3.778979596802401e-06
D2_50P_lam1,103.0,15.80281260948047,1.0,-0.00022275109374170215,-0.00022275109374170215,9.078017151076645e-05,-8.314528824597545e-06,-8.314528825686951e-06,-8.314528825461437e-06,0.9999999958794805,9.078017385932826e-05,0.99999999587948,9.079883457858564e-05,3.099943934517133e-12,1.0000000000000002,3.100555661555149e-12,9.07988322292601e-05,9.07988322292601e-05,0.0,0.0,0.0,0.00024054601586420387,-7.907688020625248e-05,0.0002735530996664792,-3.791520444207386e-05,-7.105427357601002e-15,9.078017066586876e-05,9.078017376581262e-05,3.0999438568300602e-12,0.001443379392600955,0.0007996252065299971,6.48418936805682e-08,-0.00022275109374447766,-3.627312672449534e-06
D2_50P_lam1,104.0,15.956237974621057,1.0,-0.00022630858919458103,-0.00022630858919458103,9.058168479208696e-05,-8.384243764203436e-06,-8.384243764949367e-06,-8.38424376525121e-06,0.9999999958974793,9.058168714274435e-05,0.9999999958974791,9.06013023135323e-05,2.9889310765098777e-12,1.0,2.9898765619222594e-12,9.060129996181809e-05,9.060129996181809e-05,0.0,0.0,0.0,0.00024377053945865787,-7.888883117157519e-05,0.00027353364567561655,-3.774099287134902e-05,-1.4210854715202004e-14,9.058168406091019e-05,9.05816870498414e-05,2.988931200034863e-12,0.0014450239372265621,0.0007995732139754342,6.530893187984124e-08,-0.0002263085891911487,-3.6619555743300225e-06
D2_50P_lam1,105.0,16.109663339761646,1.0,-0.00023007500488588626,-0.00023007500488588626,9.024872209890806e-05,-8.438336994570639e-06,-8.438336994927992e-06,-8.438336995368612e-06,0.999999995927584,9.024872443675277e-05,0.9999999959275839,9.027050466957356e-05,2.9657929449404215e-12,0.9999999999999998,2.967238775037976e-12,9.027050233026118e-05,9.027050233026118e-05,0.0,0.0,0.0,0.00024715008767424933,-7.822348457320327e-05,0.00027304278890527556,-3.754127838401233e-05,-2.1316282072803006e-14,9.024872137907892e-05,9.024872434486995e-05,2.9657910370124395e-12,0.0014442408780578583,0.0008008356728811506,6.414844120968892e-08,-0.0002300750048931377,-3.7480316024129934e-06
D2_50P_lam1,106.0,16.263088704902234,1.0,-0.00023380465239630118,-0.00023380465239630118,8.996932439459714e-05,-8.473163812038748e-06,-8.473163812815904e-06,-8.473163812677126e-06,0.9999999959527602,8.996932672729582e-05,0.9999999959527601,8.998843544131966e-05,3.0747481939485047e-12,1.0,3.07549985667146e-12,8.998843310772149e-05,8.998843310772149e-05,0.0,0.0,0.0,0.0002505243132194909,-7.752262966453927e-05,0.00027257133857228055,-3.731697287823188e-05,-1.4210854715202004e-14,8.996932356151622e-05,8.996932663626435e-05,3.0747481302398747e-12,0.001442761844573966,0.000801859392467644,6.196885118797542e-08,-0.0002338046523959747,-3.6174979953784714e-06
D2_50P_lam1,107.0,16.41651407004282,1.0,-0.00023731000088474274,-0.00023731000088474274,8.969340807361759e-05,-8.507052299037976e-06,-8.507052299915746e-06,-8.507052300130852e-06,0.9999999959775463,8.969341040676067e-05,0.999999995977546,8.971188035185086e-05,3.040210665883258e-12,1.0,3.0409303161202608e-12,8.971187801784904e-05,8.971187801784904e-05,0.0,0.0,0.0,0.0002537009151461027,-7.709893003915447e-05,0.0002721151243632036,-3.706547646964431e-05,-1.4210854715202004e-14,8.969340727635404e-05,8.969341031656445e-05,3.040210416265217e-12,0.0014435103117072126,0.0008014257317374945,6.058588076180719e-08,-0.00023731000088389465,-3.5784165675067925e-06
D2_50P_lam1,108.0,16.569939435183407,1.0,-0.00024096148552373584,-0.00024096148552373584,8.928620284717435e-05,-8.522502877847393e-06,-8.522502878170052e-06,-8.522502878766797e-06,0.999999996013987,8.928620516753357e-05,0.9999999960139868,8.930757493568896e-05,2.953278531198728e-12,0.9999999999999999,2.954718954388942e-12,8.930757261387268e-05,8.930757261387268e-05,0.0,0.0,0.0,0.00025697892103797293,-7.636439603619927e-05,0.0002711665861854229,-3.679107077864119e-05,-7.105427357601002e-15,8.928620212527894e-05,8.928620507855815e-05,2.953279214822498e-12,0.0014452289371922474,0.000800623696490962,5.6747082549410066e-08,-0.00024096148553098828,-3.701126786381792e-06
D2_50P_lam1,109.0,16.723364800323992,1.0,-0.0002447122544494528,-0.0002447122544494528,8.891631053064094e-05,-8.523870911502501e-06,-8.523870912081899e-06,-8.523870912185982e-06,0.9999999960469449,8.89163128419284e-05,0.9999999960469449,8.893633898983294e-05,3.029987587164829e-12,1.0000000000000002,3.0309789231995104e-12,8.893633667742405e-05,8.893633667742405e-05,0.0,0.0,0.0,0.000260372129212593,-7.51022228824283e-05,0.00027014778463385625,-3.6500286701379725e-05,-7.105427357601002e-15,8.891630972407161e-05,8.891631275405681e-05,3.029985200801866e-12,0.0014448963698450393,0.0008009622691274797,5.084853932897768e-08,-0.00024471225445665823,-3.63301835193397e-06
D2_50P_lam1,110.0,16.87679016546458,1.0,-0.0002482275222399734,-0.0002482275222399734,8.858423772015703e-05,-8.527588990472207e-06,-8.527588991388141e-06,-8.527588991547735e-06,0.9999999960764165,8.858424002946612e-05,0.9999999960764161,8.86022239963713e-05,3.0701002488429825e-12,1.0,3.0707025669982503e-12,8.860222168630946e-05,8.860222168630946e-05,0.0,0.0,0.0,0.00026356620742006215,-7.350370376302262e-05,0.00026922524138850434,-3.6197136187077206e-05,-1.4210854715202004e-14,8.858423687247372e-05,8.858423994257425e-05,3.070100524368316e-12,0.0014432331871630684,0.0008017402900091208,5.071826492921373e-08,-0.0002482275222348562,-3.5319101456821045e-06
D2_50P_lam1,111.0,17.03021553060517,1.0,-0.00025177607473996134,-0.00025177607473996134,8.813404886260962e-05,-8.510136139568136e-06,-8.510136139890795e-06,-8.510136140508356e-06,0.9999999961161948,8.813405115887855e-05,0.9999999961161944,8.815473570904551e-05,2.959617817628767e-12,1.0000000000000002,2.9608754399317914e-12,8.815473341145097e-05,8.815473341145097e-05,0.0,0.0,0.0,0.00026676267909310616,-7.175772116962964e-05,0.0002678572332635021,-3.588597720727282e-05,-2.842170943040401e-14,8.81340481136843e-05,8.813405107330354e-05,2.959619237538594e-12,0.0014431022835276223,0.0008012697946228159,5.24049422190957e-08,-0.00025177607474802244,-3.6503514238006574e-06
D2_50P_lam1,112.0,17.183640895745754,1.0,-0.00025552822507490135,-0.00025552822507490135,8.769913558812543e-05,-8.473815730266482e-06,-8.473815731036699e-06,-8.473815731074863e-06,0.999999996154431,8.769913787243205e-05,0.9999999961544306,8.772032796713576e-05,2.972213481188386e-12,1.0000000000000002,2.9734889101978342e-12,8.772032568147039e-05,8.772032568147039e-05,0.0,0.0,0.0,0.0002701655096459096,-7.029290248627973e-05,0.00026634645101264454,-3.557595673053804e-05,-2.1316282072803006e-14,8.769913481590578e-05,8.769913778811927e-05,2.972213481188386e-12,0.0014441774915861928,0.0007998245398404436,5.281261445571013e-08,-0.00025552822508245754,-3.6661462203824158e-06
D2_50P_lam1,113.0,17.337066260886342,1.0,-0.0002591083671991029,-0.0002591083671991029,8.731580931613227e-05,-8.446184697301351e-06,-8.446184698179121e-06,-8.44618469824851e-06,0.9999999961879745,8.731581159571628e-05,0.9999999961879744,8.733408724314827e-05,3.071392940330238e-12,0.9999999999999999,3.07200062496535e-12,8.73340849627978e-05,8.73340849627978e-05,0.0,0.0,0.0,0.00027343055336918545,-6.889532865961279e-05,0.00026498909941663484,-3.527731662356093e-05,-2.842170943040401e-14,8.73158084411092e-05,8.731581151250272e-05,3.0713935229712587e-12,0.0014440989695905556,0.0007992462525254232,5.6983745000588705e-08,-0.00025910836718878727,-3.527303604755616e-06
D2_50P_lam1,114.0,17.49049162602693,1.0,-0.00026258283229434713,-0.00026258283229434713,8.682750470452518e-05,-8.41196540407943e-06,-8.411965404651889e-06,-8.411965405265981e-06,0.9999999962304921,8.682750697019961e-05,0.9999999962304921,8.684724980776709e-05,2.974501551135453e-12,1.0,2.975492128740312e-12,8.684724754097863e-05,8.684724754097863e-05,0.0,0.0,0.0,0.00027657197911202646,-6.745538830965625e-05,0.0002632669171305224,-3.499190455358292e-05,-7.105427357601002e-15,8.682750391387512e-05,8.682750688837679e-05,2.974501667211908e-12,0.0014431721501289105,0.0008001469235567123,6.164680967589456e-08,-0.00026258283229196877,-3.5868402932237586e-06
D2_50P_lam1,115.0,17.643916991167515,1.0,-0.00026628204777027364,-0.00026628204777027364,8.632867905700177e-05,-8.353603308485641e-06,-8.353603309217694e-06,-8.353603309502189e-06,0.9999999962736797,8.632868130812884e-05,0.9999999962736792,8.635053321035099e-05,2.915391273889723e-12,0.9999999999999999,2.916868827578157e-12,8.635053095771106e-05,8.635053095771106e-05,0.0,0.0,0.0,0.0002799328570879915,-6.658308847795613e-05,0.0002613404965559063,-3.4723583090701116e-05,-1.4210854715202004e-14,8.632867831231669e-05,8.632868122770768e-05,2.915390992277296e-12,0.001443435841519814,0.0008013716305006688,6.407951766493149e-08,-0.0002662820477752348,-3.668273855339521e-06
D2_50P_lam1,116.0,17.797342356308103,1.0,-0.0002699193800014983,-0.0002699193800014983,8.58902410361659e-05,-8.288405401749022e-06,-8.288405403053534e-06,-8.288405402994553e-06,0.9999999963114334,8.589024328015856e-05,0.9999999963114329,8.590916606433356e-05,3.0399642155953493e-12,1.0000000000000002,3.0406988413077477e-12,8.59091638194362e-05,8.59091638194362e-05,0.0,0.0,0.0,0.00028326087584759,-6.600331041828333e-05,0.00025958541844683936,-3.448314969356492e-05,-2.1316282072803006e-14,8.589024016098797e-05,8.589024320095446e-05,3.039966480914244e-12,0.001444604561675686,0.0008019006460036601,6.849330834819612e-08,-0.0002699193800026478,-3.524912145280723e-06
D2_50P_lam1,117.0,17.950767721448692,1.0,-0.0002733318720647331,-0.0002733318720647331,8.535994057328992e-05,-8.205806035548047e-06,-8.205806036169078e-06,-8.20580603672419e-06,0.99999999635684,8.535994280204572e-05,0.99999999635684,8.537843828765447e-05,2.9891766473816358e-12,1.0,2.98992988604505e-12,8.537843605798576e-05,8.537843605798576e-05,0.0,0.0,0.0,0.0002863558203647232,-6.570656052873325e-05,0.0002575245943114979,-3.4267689803357815e-05,-1.4210854715202004e-14,8.535993973512067e-05,8.535994272430034e-05,2.989179663591971e-12,0.0014448442221656917,0.000801721813307622,7.29886446847457e-08,-0.00027333187206579623,-3.487966090176542e-06
D2_50P_lam1,118.0,18.104193086589277,1.0,-0.00027689531218974984,-0.00027689531218974984,8.479684617344854e-05,-8.100654630281007e-06,-8.10065463107204e-06,-8.10065463126633e-06,0.9999999964047471,8.47968483849005e-05,0.9999999964047471,8.481814828548194e-05,2.8705787344178828e-12,0.9999999999999999,2.872075835884899e-12,8.481814607251246e-05,8.481814607251246e-05,0.0,0.0,0.0,0.0002895945183240744,-6.613758615192644e-05,0.00025519983538346835,-3.4070686878218126e-05,-1.4210854715202004e-14,8.479684543810557e-05,8.479684830868402e-05,2.870578454995234e-12,0.0014440703979539645,0.0008011486476688942,7.51376118505863e-08,-0.0002768953121830009,-3.592287065146138e-06
D2_50P_lam1,119.0,18.257618451729865,1.0,-0.0002805164461921685,-0.0002805164461921685,8.43133157165095e-05,-8.00655193072472e-06,-8.006551931834943e-06,-8.006551931692696e-06,0.9999999964456325,8.431331791907688e-05,0.9999999964456321,8.433269301735298e-05,2.980403632322516e-12,1.0000000000000002,2.9813657627466717e-12,8.433269081367234e-05,8.433269081367234e-05,0.0,0.0,0.0,0.00029291865083483126,-6.660972821592726e-05,0.0002530823243511726,-3.389897000899422e-05,-1.4210854715202004e-14,8.431331486375442e-05,8.43133178441545e-05,2.9804000783812402e-12,0.0014435342300423409,0.0008005210319134981,7.943865575261804e-08,-0.0002805164461960885,-3.486846615885497e-06
D2_50P_lam1,120.0,18.411043816870453,1.0,-0.0002838690054125836,-0.0002838690054125836,8.375789798889078e-05,-7.904975450244434e-06,-7.904975451125673e-06,-7.904975451555885e-06,0.999999996492307,8.375790017487074e-05,0.9999999964923068,8.377516081490625e-05,2.9955837386252453e-12,1.0,2.9961973972923416e-12,8.377515862815051e-05,8.377515862815051e-05,0.0,0.0,0.0,0.00029597255160014856,-6.709169516239122e-05,0.00025074602857122485,-3.374694048285942e-05,-7.105427357601002e-15,8.375789710583797e-05,8.37579001014217e-05,2.9955837316350324e-12,0.0014435852114502011,0.0008002611357944252,8.560753926736765e-08,-0.0002838690054147719,-3.3668205503545323e-06
D2_50P_lam1,121.0,18.564469182011038,1.0,-0.00028725008729145175,-0.00028725008729145175,8.31491437871176e-05,-7.768665359085547e-06,-7.76866535976209e-06,-7.768665360310262e-06,0.99999999654311,8.314914595253012e-05,0.9999999965431097,8.31689839628125e-05,2.841703074767894e-12,1.0,2.8430246871227984e-12,8.316898179602492e-05,8.316898179602492e-05,0.0,0.0,0.0,0.00029904772389267186,-6.789023394215832e-05,0.00024806964238743845,-3.359990206341923e-05,-1.4210854715202004e-14,8.314914303896708e-05,8.314914588066997e-05,2.8417028919802694e-12,0.0014438034737329572,0.0008004478653571367,9.174224861949412e-08,-0.0002872500872967976,-3.461507368740513e-06
D2_50P_lam1,122.0,18.717894547151626,1.0,-0.00029079202015458184,-0.00029079202015458184,8.263139999470095e-05,-7.6291972802670915e-06,-7.62919728153344e-06,-7.629197281356498e-06,0.9999999965860257,8.263140214962097e-05,0.9999999965860256,8.265108181550545e-05,2.904731836645211e-12,0.9999999999999999,2.905969869182779e-12,8.265107965925111e-05,8.265107965925111e-05,0.0,0.0,0.0,0.0003023095206486398,-6.823170614189689e-05,0.0002455945773451873,-3.346103900969677e-05,-2.842170943040401e-14,8.263139917436334e-05,8.263140207909742e-05,2.9047340781922857e-12,0.001443985348882765,0.0008007097924353471,9.878471138453206e-08,-0.0002907920201522529,-3.433716130984976e-06
D2_50P_lam1,123.0,18.87131991229221,1.0,-0.0002941175195692283,-0.0002941175195692283,8.205371471397062e-05,-7.4785002105969e-06,-7.478500211672429e-06,-7.478500211953454e-06,0.9999999966335942,8.205371685126312e-05,0.9999999966335937,8.207037938239523e-05,2.9853154298688273e-12,0.9999999999999999,2.9859069228331188e-12,8.207037724434056e-05,8.207037724434056e-05,0.0,0.0,0.0,0.0003053531036010427,-6.808691501869468e-05,0.00024299060727717148,-3.3327932153048856e-05,-2.1316282072803006e-14,8.205371379689199e-05,8.205371678220677e-05,2.9853147762058482e-12,0.0014439499168307835,0.000800806214430586,1.0391399948490632e-07,-0.0002941175195587675,-3.273535767789326e-06
D2_50P_lam1,124.0,19.0247452774328,1.0,-0.0002973390916966199,-0.0002973390916966199,8.138677074163978e-05,-7.300376849306983e-06,-7.300376850184753e-06,-7.300376850639251e-06,0.999999996688097,8.138677285462583e-05,0.9999999966880968,8.140492788024224e-05,2.8258872683002682e-12,1.0,2.826928812570692e-12,8.140492576611689e-05,8.140492576611689e-05,0.0,0.0,0.0,0.00030828095004630516,-6.836179456015667e-05,0.00023998575288608492,-3.31841626072249e-05,-2.1316282072803006e-14,8.138676996135094e-05,8.138677278723866e-05,2.8258877198314097e-12,0.0014437082001876307,0.0008008046836075616,1.0864150419941273e-07,-0.00029733909168783157,-3.319043990757109e-06
D2_50P_lam1,125.0,19.178170642573388,1.0,-0.0003007556075366281,-0.0003007556075366281,8.079294510982876e-05,-7.142489056227719e-06,-7.142489057115897e-06,-7.1424890570638555e-06,0.99999999673625,8.079294721014767e-05,0.9999999967362497,8.081254367411156e-05,2.8284562793424673e-12,1.0,2.8298929415307645e-12,8.081254157232267e-05,8.081254157232267e-05,0.0,0.0,0.0,0.0003114232491285591,-6.904431328214056e-05,0.00023717486109342545,-3.302901498303257e-05,-2.1316282072803006e-14,8.079294431576807e-05,8.079294714422435e-05,2.8284562793424673e-12,0.0014437675339518102,0.0008008000471483773,1.1302392749709241e-07,-0.00030075560754028174,-3.358778634776627e-06
D2_50P_lam1,126.0,19.331596007713973,1.0,-0.00030405664896644935,-0.00030405664896644935,8.014709711338906e-05,-7.000259191331654e-06,-7.000259192490449e-06,-7.000259192500857e-06,0.9999999967882215,8.014709919596723e-05,0.999999996788221,8.016356878402637e-05,2.9507231010422653e-12,1.0,2.951412022853421e-12,8.016356670058914e-05,8.016356670058914e-05,0.0,0.0,0.0,0.0003144463255933146,-6.975386387031435e-05,0.0002343648255487274,-3.286267637081508e-05,-1.4210854715202004e-14,8.014709618089271e-05,8.014709913161592e-05,2.950723209425329e-12,0.0014441967372013035,0.000800915165252196,1.1427426956183724e-07,-0.0003040566489573848,-3.188401059617263e-06
D2_50P_lam1,127.0,19.48502137285456,1.0,-0.0003071324096555143,-0.0003071324096555143,7.937853366158892e-05,-6.851370631357628e-06,-6.8513706320723344e-06,-6.851370632582343e-06,0.999999996849524,7.937853571635168e-05,0.999999996849524,7.939476133726685e-05,2.8170599423587067e-12,0.9999999999999999,2.8178404174704676e-12,7.939475928159053e-05,7.939475928159053e-05,0.0,0.0,0.0,0.0003172281389171645,-7.087684782158821e-05,0.00023112284544613004,-3.266835889687014e-05,-1.4210854715202004e-14,7.937853283677051e-05,7.937853565383055e-05,2.8170600322943227e-12,0.0014443113193839546,0.0008012183798188797,1.1852091084776247e-07,-0.00030713240965951627,-3.144370467111912e-06
D2_50P_lam1,128.0,19.63844673799515,1.0,-0.00031034538989466734,-0.00031034538989466734,7.866371899856308e-05,-6.735391222739001e-06,-6.735391223380849e-06,-6.735391223516157e-06,0.9999999969060097,7.866372103745552e-05,0.9999999969060095,7.86822033959184e-05,2.762573883705481e-12,0.9999999999999999,2.764036571409067e-12,7.868220135555589e-05,7.868220135555589e-05,0.0,0.0,0.0,0.0003201639958254143,-7.194798223442156e-05,0.00022802051377279753,-3.243871922403718e-05,-2.1316282072803006e-14,7.866371821403546e-05,7.866372097660894e-05,2.7625734876261224e-12,0.0014439912755429332,0.0008014077728818906,1.2447510588351486e-07,-0.00031034538989160865,-3.217138953459653e-06
D2_50P_lam1,129.0,19.791872103135734,1.0,-0.00031356668757061566,-0.00031356668757061566,7.793702300516911e-05,-6.638099424170069e-06,-6.638099425391314e-06,-6.638099425262944e-06,0.9999999969629103,7.793702502740832e-05,0.9999999969629101,7.795336678267168e-05,2.8893837305750205e-12,1.0000000000000002,2.8902802077575435e-12,7.795336475938622e-05,7.795336475938622e-05,0.0,0.0,0.0,0.0003231108730660626,-7.235705334540654e-05,0.00022504621426922,-3.217466734839469e-05,-1.4210854715202004e-14,7.793702207884862e-05,7.79370249682324e-05,2.889383789927814e-12,0.00144383112213989,0.0008011126613979095,1.265695873040846e-07,-0.0003135666875664356,-3.089149267054836e-06
D2_50P_lam1,130.0,19.945297468276323,1.0,-0.00031652368843522883,-0.00031652368843522883,7.707021718920067e-05,-6.527678028309808e-06,-6.527678029031453e-06,-6.527678029472073e-06,0.9999999970300908,7.707021918077156e-05,0.9999999970300906,7.708487787862451e-05,2.806131085467686e-12,1.0,2.8067556160649234e-12,7.708487588628091e-05,7.708487588628091e-05,0.0,0.0,0.0,0.0003257747249163394,-7.24813405279523e-05,0.0002216130356651469,-3.186516856129584e-05,-1.4210854715202004e-14,7.707021631741864e-05,7.707021912354989e-05,2.8061312464502148e-12,0.0014438867846563825,0.0008005140590330259,1.2962166823301859e-07,-0.0003165236884257183,-2.976090051731717e-06
D2_50P_lam1,131.0,20.09872283341691,1.0,-0.00031951886766657864,-0.00031951886766657864,7.62311783852684e-05,-6.434052006312058e-06,-6.434052006995539e-06,-6.434052007214114e-06,0.9999999970944038,7.623118035634864e-05,0.9999999970944035,7.624815118347186e-05,2.7099535739236428e-12,1.0,2.71125664801197e-12,7.624814921106276e-05,7.624814921106276e-05,0.0,0.0,0.0,0.0003284903672284439,-7.197086832078092e-05,0.0002181805004539683,-3.150241604299442e-05,-2.1316282072803006e-14,7.623117759102105e-05,7.62311803009742e-05,2.709953148223169e-12,0.001443755400579483,0.000800146429939411,1.2981876794109263e-07,-0.000319518867669899,-3.058847525494457e-06
D2_50P_lam1,132.0,20.252148198557496,1.0,-0.0003226413834710485,-0.0003226413834710485,7.542699726936242e-05,-6.356861117454149e-06,-6.356861118647639e-06,-6.356861118318041e-06,0.999999997155384,7.542699922537928e-05,0.9999999971553839,7.544360467674287e-05,2.8061485395058472e-12,0.9999999999999999,2.8073009048169087e-12,7.544360271947702e-05,7.544360271947702e-05,0.0,0.0,0.0,0.00033134428206597476,-7.084203538199052e-05,0.00021499215610853994,-3.109128867456734e-05,-2.1316282072803006e-14,7.542699636559029e-05,7.5426999171738e-05,2.8061477118962874e-12,0.001443567743011266,0.0008002343635521598,1.2091552110865027e-07,-0.00032264138347670723,-3.018678292221466e-06
D2_50P_lam1,133.0,20.405573563698084,1.0,-0.0003255562242697016,-0.0003255562242697016,7.446632302461579e-05,-6.271683158198815e-06,-6.27168315917373e-06,-6.271683159368019e-06,0.9999999972273831,7.446632494840435e-05,0.9999999972273834,7.448047181388621e-05,2.782203336819482e-12,1.0,2.7827941539854164e-12,7.448046988935288e-05,7.448046988935288e-05,0.0,0.0,0.0,0.00033396712440226194,-6.952080271827032e-05,0.00021137018935002416,-3.063420411691942e-05,-1.4210854715202004e-14,7.446632211458353e-05,7.446632489678679e-05,2.782203260006424e-12,0.001443708078082364,0.0008006257037643937,1.1350823373044894e-07,-0.00032555622425434194,-2.8760331716171095e-06
D2_50P_lam1,134.0,20.558998928838673,1.0,-0.000328393449810439,-0.000328393449810439,7.349624139512399e-05,-6.187344607049006e-06,-6.187344607538198e-06,-6.1873446078782035e-06,0.999999997299151,7.349624329294706e-05,0.999999997299151,7.351192237570517e-05,2.6699132956847108e-12,0.9999999999999999,2.670949009944508e-12,7.351192047674851e-05,7.351192047674851e-05,0.0,0.0,0.0,0.0003365205715134552,-6.784023914196968e-05,0.00020757071424304385,-3.0129147257584865e-05,-1.4210854715202004e-14,7.349624057340422e-05,7.349624324332087e-05,2.6699166528413546e-12,0.00144407684132883,0.0008011022892198046,1.0992866321655625e-07,-0.00032839344981994145,-2.9279053137543087e-06
D2_50P_lam1,135.0,20.712424293979257,1.0,-0.0003314120348698692,-0.0003314120348698692,7.260664146001891e-05,-6.103888561124343e-06,-6.103888562498244e-06,-6.103888561901499e-06,0.9999999973641379,7.260664334400787e-05,0.9999999973641376,7.262368745584275e-05,2.7106870136565588e-12,1.0000000000000002,2.7120518349176174e-12,7.262368557043682e-05,7.262368557043682e-05,0.0,0.0,0.0,0.0003392756433557199,-6.612182658016774e-05,0.00020410998638586975,-2.9583475536609782e-05,-1.4210854715202004e-14,7.260664058547715e-05,7.260664329616368e-05,2.7106865357135028e-12,0.0014442938818584154,0.0008014421027319461,1.0460175731587893e-07,-0.00033141203488185056,-2.971501046999947e-06
D2_50P_lam1,136.0,20.865849659119846,1.0,-0.0003343364519271436,-0.0003343364519271436,7.157175633430849e-05,-6.001553401559223e-06,-6.001553402600057e-06,-6.001553402613935e-06,0.9999999974387418,7.157175818631872e-05,0.999999997438742,7.158634588298099e-05,2.7412862548678555e-12,1.0000000000000002,2.7419702012080654e-12,7.15863440301125e-05,7.15863440301125e-05,0.0,0.0,0.0,0.00034191417722717604,-6.410914831023184e-05,0.00020031799376463155,-2.9012225235658384e-05,-2.1316282072803006e-14,7.15717553992048e-05,7.157175814049084e-05,2.7412860420248436e-12,0.001444204750785299,0.0008014314708655628,1.0670023018435657e-07,-0.00033433645191394135,-2.8372728593240026e-06
D2_50P_lam1,137.0,21.019275024260434,1.0,-0.0003370865806232246,-0.0003370865806232246,7.049681611355076e-05,-5.8960827508253155e-06,-5.8960827512208325e-06,-5.896082751668391e-06,0.9999999975150993,7.049681793384533e-05,0.9999999975150993,7.051160058971448e-05,2.6359342709827878e-12,1.0000000000000002,2.6367133285534204e-12,7.05115987684871e-05,7.05115987684871e-05,0.0,0.0,0.0,0.0003443821753578682,-6.135059021550315e-05,0.00019620164364386738,-2.8420692669839376e-05,-3.552713678800501e-14,7.049681525411804e-05,7.049681789004794e-05,2.6359298970561187e-12,0.0014439917130414635,0.0008010583658258159,1.1563197664120855e-07,-0.00033708658060049856,-2.8277307109192407e-06
D2_50P_lam1,138.0,21.17270038940102,1.0,-0.00033999191333566013,-0.00033999191333566013,6.953397352091383e-05,-5.8090230116887576e-06,-5.809023012861431e-06,-5.809023012375708e-06,0.9999999975825132,6.953397532651141e-05,0.9999999975825131,6.955125878522361e-05,2.618982552754914e-12,0.9999999999999999,2.620403296230392e-12,6.955125697815414e-05,6.955125697815414e-05,0.0,0.0,0.0,0.0003470327039135859,-5.8554882023997834e-05,0.00019251185222834977,-2.7814950311622066e-05,-2.1316282072803006e-14,6.953397266550493e-05,6.953397528448761e-05,2.6189826763980977e-12,0.0014438677828859732,0.0008006076072792728,1.2469818616320968e-07,-0.00033999191333577983,-2.923538474419729e-06
D2_50P_lam1,139.0,21.326125754541607,1.0,-0.00034293365754135553,-0.00034293365754135553,6.845351781192046e-05,-5.714727678619164e-06,-5.714727679812653e-06,-5.714727679663467e-06,0.9999999976570579,6.845351958728096e-05,0.9999999976570578,6.846917664279926e-05,2.6808677773079207e-12,0.9999999999999999,2.6817551149451807e-12,6.846917486637294e-05,6.846917486637294e-05,0.0,0.0,0.0,0.0003497017979446645,-5.5721747360126805e-05,0.00018868072280175952,-2.7216158503207133e-05,-7.105427357601002e-15,6.845351686631672e-05,6.845351954718548e-05,2.6808687712168872e-12,0.001443806744154621,0.000800414720416588,1.3903807437450686e-07,-0.000342933657549338,-2.8301269310304633e-06
D2_50P_lam1,140.0,21.479551119682192,1.0,-0.00034565216721472335,-0.00034565216721472335,6.728598931915595e-05,-5.6019108230602466e-06,-5.601910823559847e-06,-5.6019108240767945e-06,0.999999997736298,6.728599105714083e-05,0.9999999977362978,6.730024266505371e-05,2.602453580065076e-12,1.0,2.6030789747169407e-12,6.730024092626399e-05,6.730024092626399e-05,0.0,0.0,0.0,0.00035214283455939994,-5.305281808054563e-05,0.0001843911502987794,-2.6633236296091933e-05,-2.1316282072803006e-14,6.728598841660983e-05,6.728599101906053e-05,2.6024506970519486e-12,0.0014437612637396655,0.0008005201939055994,1.5532294297733806e-07,-0.00034565216719784075,-2.7398296396086153e-06
D2_50P_lam1,141.0,21.63297648482278,1.0,-0.00034841331683603717,-0.00034841331683603717,6.622494010413921e-05,-5.490918816939555e-06,-5.490918818261414e-06,-5.4909188177861e-06,0.9999999978071286,6.622494182376677e-05,0.9999999978071284,6.624156589134919e-05,2.5417887374162636e-12,1.0,2.5430748232720855e-12,6.62415641703475e-05,6.62415641703475e-05,0.0,0.0,0.0,0.0003546542009781097,-5.172292388133659e-05,0.00018049555139842965,-2.6063409289955874e-05,-1.4210854715202004e-14,6.622493924567286e-05,6.622494178746213e-05,2.5417892620972436e-12,0.0014438454128846419,0.0008006998673992796,1.687219392449245e-07,-0.00034841331682855525,-2.816958371454348e-06
D2_50P_lam1,142.0,21.78640184996337,1.0,-0.0003512860839312394,-0.0003512860839312394,6.509985519785786e-05,-5.374623069438755e-06,-5.374623070906331e-06,-5.3746230706044895e-06,0.9999999978810045,6.509985689032818e-05,0.9999999978810041,6.511600608144518e-05,2.604264234246638e-12,1.0,2.605391868910001e-12,6.511600438768628e-05,6.511600438768628e-05,0.0,0.0,0.0,0.00035726996242341165,-5.106585034342359e-05,0.00017666620388645526,-2.5520780360221984e-05,-1.4210854715202004e-14,6.50998542515811e-05,6.509985685584295e-05,2.604261850017195e-12,0.0014440185577878,0.0008008327791306043,1.8043699608232448e-07,-0.00035128608394074945,-2.760479148378181e-06
D2_50P_lam1,143.0,21.939827215103954,1.0,-0.0003539342751426721,-0.0003539342751426721,6.385267797815316e-05,-5.245405220538624e-06,-5.2454052212672075e-06,-5.245405221721705e-06,0.9999999979614179,6.385267962905218e-05,0.9999999979614176,6.38660656487867e-05,2.563943266122749e-12,0.9999999999999999,2.564524804797938e-12,6.38660639971157e-05,6.38660639971157e-05,0.0,0.0,0.0,0.00035965007943624733,-5.055028620293278e-05,0.00017231086393199035,-2.501004017341213e-05,-2.1316282072803006e-14,6.385267703256652e-05,6.38526795965105e-05,2.56394397210682e-12,0.0014440655473168175,0.0008009882498532518,1.8976516253408578e-07,-0.0003539342751253116,-2.5923052930920676e-06
D2_50P_lam1,144.0,22.093252580244542,1.0,-0.00035647069453190346,-0.00035647069453190346,6.270312759853707e-05,-5.125201118182793e-06,-5.1252011192513824e-06,-5.125201119001582e-06,0.9999999980341591,6.270312922539319e-05,0.9999999980341591,6.271764009449432e-05,2.4829186148243162e-12,1.0000000000000002,2.483938119532189e-12,6.271763846649012e-05,6.271763846649012e-05,0.0,0.0,0.0,0.0003619456933885916,-5.102526801303853e-05,0.00016823787707220816,-2.451535077352407e-05,-1.4210854715202004e-14,6.270312671165617e-05,6.270312919457478e-05,2.4829186148243162e-12,0.0014440381630605036,0.0008011451452459633,1.987269044754225e-07,-0.0003564706945269336,-2.5974296136155317e-06
D2_50P_lam1,145.0,22.24667794538513,1.0,-0.00035912913435090505,-0.00035912913435090505,6.157548298184052e-05,-5.01202038730858e-06,-5.01202038881432e-06,-5.0120203884986e-06,0.9999999981042297,6.157548458541837e-05,0.9999999981042298,6.159073928658331e-05,2.5204428571693635e-12,1.0,2.5217548745624156e-12,6.159073768159156e-05,6.159073768159156e-05,0.0,0.0,0.0,0.00036437202890178777,-5.177830195735034e-05,0.000164439077479539,-2.4036595574261632e-05,-1.4210854715202004e-14,6.157548203579142e-05,6.157548455623144e-05,2.5204400202484913e-12,0.0014441082778576299,0.0008011591875004468,2.06187012191248e-07,-0.0003591291343525427,-2.5832154619820358e-06
D2_50P_lam1,146.0,22.400103310525715,1.0,-0.00036163712544586224,-0.00036163712544586224,6.031568339335409e-05,-4.882863078734673e-06,-4.882863079622851e-06,-4.882863079955918e-06,0.9999999981810092,6.031568495379026e-05,0.9999999981810092,6.032800491470533e-05,2.5143545095752286e-12,1.0000000000000002,2.5150090748433047e-12,6.032800335342838e-05,6.032800335342838e-05,0.0,0.0,0.0,0.00036663430983201867,-5.2362656142501685e-05,0.00016011365617796258,-2.3574392907177444e-05,-2.842170943040401e-14,6.0315682412009775e-05,6.031568492636276e-05,2.51435298270689e-12,0.0014441365413913527,0.0008010115996899135,2.0951583179590832e-07,-0.00036163712545089766,-2.399438173483759e-06
D2_50P_lam1,147.0,22.553528675666303,1.0,-0.00036392801072314857,-0.00036392801072314857,5.912740878729352e-05,-4.7452875792976246e-06,-4.7452875802204975e-06,-4.745287580099067e-06,0.9999999982519748,5.912741031698996e-05,0.9999999982519746,5.913942599203189e-05,2.4419291256529038e-12,1.0000000000000002,2.4426793338866928e-12,5.913942446143456e-05,5.913942446143456e-05,0.0,0.0,0.0,0.0003687016527033012,-5.29996383743514e-05,0.0001558495966924589,-2.3108843980435e-05,-1.4210854715202004e-14,5.912740784922033e-05,5.912741029115168e-05,2.4419313504359168e-12,0.0014439622537866642,0.000800819541670856,2.1104283993602336e-07,-0.0003639280106995102,-2.336941960834338e-06
D2_50P_lam1,148.0,22.70695404080689,1.0,-0.00036631100938227737,-0.00036631100938227737,5.803550612466209e-05,-4.608013161041397e-06,-4.608013162755303e-06,-4.608013162366725e-06,0.9999999983159401,5.8035507634424834e-05,0.99999999831594,5.804924032755005e-05,2.43404297863753e-12,0.9999999999999999,2.4353855407598962e-12,5.8049238816388424e-05,5.8049238816388424e-05,0.0,0.0,0.0,0.00037088178487090144,-5.296930028886315e-05,0.00015199630841822298,-2.2631927150851272e-05,-7.105427357601002e-15,5.8035505175949076e-05,5.803550760999079e-05,2.434041714905204e-12,0.0014437883799550816,0.0008006604348971846,2.0763680453372192e-07,-0.00036631100937256633,-2.37494468535715e-06
D2_50P_lam1,149.0,22.860379405947477,1.0,-0.0003686779000700672,-0.0003686779000700672,5.680062745581643e-05,-4.446637876694137e-06,-4.446637877783544e-06,-4.44663787805763e-06,0.9999999983868445,5.680062892364547e-05,0.9999999983868441,5.681251060864044e-05,2.4564347722752034e-12,1.0000000000000002,2.4572679240285944e-12,5.6812509139810455e-05,5.6812509139810455e-05,0.0,0.0,0.0,0.0003730293491037853,-5.219758871721769e-05,0.0001476923435901334,-2.2148169859070865e-05,-1.4210854715202004e-14,5.680062644430415e-05,5.6800628900739095e-05,2.4564349427686707e-12,0.0014438314274882373,0.0008005790489623266,1.98302527272941e-07,-0.0003686779000702245,-2.248322971354355e-06
D2_50P_lam1,150.0,23.013804771088065,1.0,-0.00037080765531027763,-0.00037080765531027763,5.5570399346878745e-05,-4.258328422171442e-06,-4.258328423399627e-06,-4.258328423285135e-06,0.9999999984559655,5.557040077717956e-05,0.9999999984559653,5.558080577855188e-05,2.406210705199218e-12,0.9999999999999999,2.406784363020306e-12,5.558080434750515e-05,5.558080434750515e-05,0.0,0.0,0.0,0.00037494985422044494,-5.117603578319585e-05,0.00014318942844671056,-2.164706373170011e-05,-7.105427357601002e-15,5.557039834952239e-05,5.5570400755728886e-05,2.4062064945686587e-12,0.0014439553980426963,0.000800647387387314,1.9244221833989113e-07,-0.00037080765531527504,-2.1366740838857368e-06
D2_50P_lam1,151.0,23.167230136228653,1.0,-0.0003729512482422705,-0.0003729512482422705,5.4467682836688586e-05,-4.077854313139229e-06,-4.077854314925994e-06,-4.077854314221696e-06,0.9999999985166358,5.446768424853666e-05,0.9999999985166358,5.4479926092862497e-05,2.354178461777487e-12,0.9999999999999999,2.355366508226545e-12,5.447992467975177e-05,5.447992467975177e-05,0.0,0.0,0.0,0.00037690918415444867,-5.0295796541588444e-05,0.0001391731403215246,-2.11201029018393e-05,-1.4210854715202004e-14,5.446768187415943e-05,5.4467684228337026e-05,2.3541775942310354e-12,0.0014439858287301547,0.0008008519495413726,1.9063655107215064e-07,-0.00037295124823799597,-2.1897039204077373e-06
D2_50P_lam1,152.0,23.320655501369238,1.0,-0.00037518706318115104,-0.00037518706318115104,5.321772474239373e-05,-3.894509497538723e-06,-3.894509498794663e-06,-3.8945094989022155e-06,0.9999999985839368,5.321772611585123e-05,0.9999999985839368,5.3229624263954814e-05,2.3943904085205723e-12,1.0,2.39544655443183e-12,5.32296228893045e-05,5.32296228893045e-05,0.0,0.0,0.0,0.00037894401257182697,-4.958578041958095e-05,0.00013489549036371784,-2.0575766036812215e-05,-2.1316282072803006e-14,5.3217723702618885e-05,5.321772609701089e-05,2.394392000383601e-12,0.0014439997773997122,0.0008010410416992449,1.8894853381923339e-07,-0.0003751870631560905,-2.136408369324272e-06
D2_50P_lam1,153.0,23.474080866509826,1.0,-0.0003772240649700452,-0.0003772240649700452,5.19051326852447e-05,-3.688322660885812e-06,-3.6883226619682796e-06,-3.6883226619266463e-06,0.9999999986529288,5.190513401569316e-05,0.9999999986529283,5.191470695783648e-05,2.363405145616488e-12,0.9999999999999999,2.363937489090473e-12,5.1914705626678315e-05,5.1914705626678315e-05,0.0,0.0,0.0,0.00038077944787157564,-4.874622455275368e-05,0.0001302240780449715,-2.0014126186185255e-05,-1.4210854715202004e-14,5.19051316348061e-05,5.190513399821537e-05,2.3634092667098944e-12,0.0014440801356774859,0.0008010949612979121,1.9349711097054653e-07,-0.0003772240649766445,-1.9855797290802e-06
D2_50P_lam1,154.0,23.627506231650415,1.0,-0.0003791582226190011,-0.0003791582226190011,5.072841139803909e-05,-3.5012347448029613e-06,-3.5012347465585014e-06,-3.5012347459235926e-06,0.999999998713314,5.0728412708517805e-05,0.9999999987133141,5.073898380451938e-05,2.2908072605473748e-12,1.0000000000000002,2.2917333401770443e-12,5.073898249298778e-05,5.073898249298778e-05,0.0,0.0,0.0,0.0003825379081112734,-4.776894157099143e-05,0.00012605806238497053,-1.9425415556217906e-05,-1.4210854715202004e-14,5.072841040139331e-05,5.072841269220057e-05,2.2908072605473748e-12,0.001444121546882236,0.0008010395508420335,2.023508875620518e-07,-0.0003791582226142509,-1.9983108927590365e-06
D2_50P_lam1,155.0,23.780931596791,1.0,-0.00038122068676203844,-0.00038122068676203844,4.944449081081194e-05,-3.327078488463142e-06,-3.327078489889085e-06,-3.3270784899584738e-06,0.9999999987776212,4.944449208789068e-05,0.9999999987776209,4.9456108621303143e-05,2.3313243914210594e-12,1.0,2.3325453511426025e-12,4.945610734288729e-05,4.945610734288729e-05,0.0,0.0,0.0,0.0003844150890391118,-4.637379700400679e-05,0.00012189541373119894,-1.8815114975534453e-05,-2.1316282072803006e-14,4.94444897414544e-05,4.944449207277876e-05,2.331324363790826e-12,0.0014440469274114931,0.0008009402987806189,2.0774569902373151e-07,-0.0003812206867621626,-2.0078614255680804e-06
D2_50P_lam1,156.0,23.934356961931588,1.0,-0.0003831739454757263,-0.0003831739454757263,4.804271545904172e-05,-3.145879007807051e-06,-3.145879008847885e-06,-3.1458790089519684e-06,0.9999999988459488,4.804271668938424e-05,0.9999999988459485,4.8051919767242456e-05,2.3116694396602246e-12,1.0,2.312270684433198e-12,4.805191853609953e-05,4.805191853609953e-05,0.0,0.0,0.0,0.0003861749851534705,-4.467424184917412e-05,0.00011724458359729795,-1.8190708700627223e-05,-1.4210854715202004e-14,4.804271436385401e-05,4.804271667552345e-05,2.3116694396602246e-12,0.0014439465487458766,0.0008008203270856614,2.1387694680730236e-07,-0.0003831739454653871,-1.8512881894139355e-06
D2_50P_lam1,157.0,24.087782327072173,1.0,-0.00038492326316097756,-0.00038492326316097756,4.675802266543937e-05,-3.0095594070675413e-06,-3.009559408718998e-06,-3.0095594079869448e-06,0.9999999989068435,4.675802387161892e-05,0.9999999989068437,4.676682866894732e-05,2.2434392735619646e-12,1.0,2.2441067123731424e-12,4.676682746193295e-05,4.676682746193295e-05,0.0,0.0,0.0,0.00038775368220892635,-4.357324304038457e-05,0.00011302631602561064,-1.7542946258608527e-05,-2.1316282072803006e-14,4.6758021615401636e-05,4.675802385884091e-05,2.2434392735619646e-12,0.0014439134724075864,0.0008007189375109508,2.2049279414429826e-07,-0.00038492326314099046,-1.7891841537220898e-06
D2_50P_lam1,158.0,24.24120769221276,1.0,-0.00038675231376044143,-0.00038675231376044143,4.543822881038825e-05,-2.900795709994547e-06,-2.900795711507226e-06,-2.9007957113580396e-06,0.9999999989676837,4.543822998889867e-05,0.9999999989676835,4.5448741356678035e-05,2.276951720598834e-12,1.0000000000000002,2.278181714017506e-12,4.544874017682664e-05,4.544874017682664e-05,0.0,0.0,0.0,0.00038941339449195415,-4.3138815757570725e-05,0.00010905876070355092,-1.686961934083131e-05,-2.1316282072803006e-14,4.543822770022114e-05,4.543822997717227e-05,2.2769511308898585e-12,0.0014439355069751157,0.0008007043726734707,2.1859829766381162e-07,-0.00038675231377283126,-1.8267061250298866e-06
D2_50P_lam1,159.0,24.39463305735335,1.0,-0.0003885766753776331,-0.0003885766753776331,4.3971407395615665e-05,-2.7735328843488116e-06,-2.773532885406993e-06,-2.7735328855735264e-06,0.9999999990332576,4.397140852648588e-05,0.9999999990332576,4.398027965377042e-05,2.253580854676055e-12,1.0,2.254362680002164e-12,4.39802785219372e-05,4.39802785219372e-05,0.0,0.0,0.0,0.0003910574919144575,-4.268293297549075e-05,0.00010457628106053107,-1.618081123111459e-05,-1.4210854715202004e-14,4.397140626227725e-05,4.397140851585861e-05,2.2535813614950387e-12,0.0014439782256507243,0.0008007936836674197,2.1235597952181785e-07,-0.00038857667539105023,-1.7022184977122379e-06
D2_50P_lam1,160.0,24.548058422493934,1.0,-0.00039015675074783083,-0.00039015675074783083,4.2610600368091416e-05,-2.6675781024873557e-06,-2.667578103972279e-06,-2.6675781033928814e-06,0.9999999990921682,4.261060146946811e-05,0.999999999092168,4.261778231073328e-05,2.208506268258756e-12,1.0,2.209012845067773e-12,4.26177812086733e-05,4.26177812086733e-05,0.0,0.0,0.0,0.000392477316715963,-4.1618484794558874e-05,0.00010033855778734946,-1.5471249709020363e-05,-1.4210854715202004e-14,4.2610599251289094e-05,4.261060145979539e-05,2.2085062941819078e-12,0.0014440302759604114,0.0008009263078296352,2.0770456729391703e-07,-0.00039015675076825573,-1.5733329377098926e-06
D2_50P_lam1,161.0,24.701483787634523,1.0,-0.00039172334125331404,-0.00039172334125331404,4.131035780101302e-05,-2.5844887432437125e-06,-2.5844887450443554e-06,-2.5844887446661857e-06,0.9999999991467273,4.1310358880193774e-05,0.9999999991467271,4.131921887009518e-05,2.2401439949078883e-12,1.0,2.241208365935456e-12,4.1319217789728325e-05,4.1319217789728325e-05,0.0,0.0,0.0,0.00039389633195018595,-3.997740844274844e-05,9.65458773709571e-05,-1.473365958615247e-05,-1.4210854715202004e-14,4.131035663123453e-05,4.131035887137945e-05,2.2401449171032494e-12,0.0014440698893251225,0.000801017910283131,2.0101071221030154e-07,-0.00039172334126647,-1.6190664098303387e-06
D2_50P_lam1,162.0,24.85490915277511,1.0,-0.00039339488356881125,-0.00039339488356881125,3.985964917884523e-05,-2.4902737185486523e-06,-2.4902737196970393e-06,-2.49027371988092e-06,0.9999999992056041,3.9859650212544565e-05,0.9999999992056041,3.98685154802112e-05,2.196783200105287e-12,1.0,2.197798462435194e-12,3.986851444533041e-05,3.986851444533041e-05,0.0,0.0,0.0,0.0003954097880817162,-3.788593643994087e-05,9.232801531444679e-05,-1.3983279093354728e-05,-1.4210854715202004e-14,3.985964800784423e-05,3.9859650204627795e-05,2.19678356572385e-12,0.001444078912870702,0.0008010184367644731,1.9556738472767177e-07,-0.0003933948835879164,-1.580407953838403e-06
D2_50P_lam1,163.0,25.008334517915696,1.0,-0.0003948841571637225,-0.0003948841571637225,3.8475645512862415e-05,-2.4150723587634815e-06,-2.415072359970849e-06,-2.4150723597175794e-06,0.9999999992598124,3.847564651188438e-05,0.9999999992598121,3.8482222025132846e-05,2.1798755678375356e-12,1.0,2.1803425258996924e-12,3.848222102545758e-05,3.848222102545758e-05,0.0,0.0,0.0,0.0003967546669309055,-3.511983740844826e-05,8.81466858078106e-05,-1.3228234669149241e-05,-2.1316282072803006e-14,3.8475644324886455e-05,3.847564650476474e-05,2.1798782892126153e-12,0.0014440603223857661,0.0008009439684641545,1.9427868152297346e-07,-0.0003948841571741468,-1.435250140957578e-06
D2_50P_lam1,164.0,25.161759883056284,1.0,-0.00039626538388274653,-0.00039626538388274653,3.721750915190935e-05,-2.3624440515304657e-06,-2.3624440531888613e-06,-2.3624440527100776e-06,0.9999999993074286,3.721751013282732e-05,0.9999999993074284,3.722513885863285e-05,2.2229320629783593e-12,1.0000000000000002,2.2237325277055827e-12,3.7225137876708636e-05,3.7225137876708636e-05,0.0,0.0,0.0,0.00039800985508837067,-3.234924915085369e-05,8.452450077856e-05,-1.246311823771551e-05,-2.842170943040401e-14,3.721750790345134e-05,3.72175101263834e-05,2.2229320629783593e-12,0.0014440336334153028,0.0008008595164572164,1.9064382688052077e-07,-0.00039626538386983157,-1.461857408457945e-06
D2_50P_lam1,165.0,25.315185248196872,1.0,-0.0003978078719983036,-0.0003978078719983036,3.581136152944334e-05,-2.2918886622112777e-06,-2.2918886635504843e-06,-2.2918886634359925e-06,0.9999999993587732,3.581136246958633e-05,0.9999999993587729,3.5820667883368184e-05,2.1516723998373593e-12,1.0000000000000002,2.1528631687052198e-12,3.582066694183682e-05,3.582066694183682e-05,0.0,0.0,0.0,0.000399417190056151,-2.9539264201461357e-05,8.062557251875546e-05,-1.1706379427489644e-05,-1.4210854715202004e-14,3.581136031217275e-05,3.5811362463845146e-05,2.151672391972934e-12,0.0014440213534620708,0.0008008247923047982,1.834185277988263e-07,-0.0003978078719910627,-1.5075854378210352e-06
D2_50P_lam1,166.0,25.468610613337457,1.0,-0.0003992805547381158,-0.0003992805547381158,3.442101390441573e-05,-2.2184402514516255e-06,-2.2184402524993985e-06,-2.2184402524300095e-06,0.9999999994075968,3.4421014805673975e-05,0.9999999994075969,3.442800662779529e-05,2.1489027296370402e-12,0.9999999999999998,2.1494455265046845e-12,3.4428005725747326e-05,3.4428005725747326e-05,0.0,0.0,0.0,0.0004007619443656749,-2.605713044068203e-05,7.655421078478497e-05,-1.0977531089417791e-05,-2.1316282072803006e-14,3.442101265167563e-05,3.442101480057701e-05,2.1489013851867667e-12,0.001444029828583236,0.0008008534894338229,1.7732356927283323e-07,-0.00039928055474547364,-1.3733208277244557e-06
D2_50P_lam1,167.0,25.622035978478046,1.0,-0.0004005545136469802,-0.0004005545136469802,3.3202027348406e-05,-2.156013438184279e-06,-2.1560134399987996e-06,-2.156013439405524e-06,0.9999999994488128,3.32020282331371e-05,0.9999999994488125,3.3208702252341616e-05,2.2212447151107e-12,1.0,2.221797602505868e-12,3.32087013668001e-05,3.32087013668001e-05,0.0,0.0,0.0,0.0004019286343511773,-2.332729694110025e-05,7.304932126217523e-05,-1.0271316696675026e-05,-1.4210854715202004e-14,3.32020260073171e-05,3.3202028228560966e-05,2.2212438631519877e-12,0.0014440535288703378,0.0008009091934395878,1.724659315756306e-07,-0.0004005545136465116,-1.3301318517733307e-06
D2_50P_lam1,168.0,25.775461343618634,1.0,-0.0004019408184463683,-0.0004019408184463683,3.187580130372421e-05,-2.075478248559498e-06,-2.0754782499819713e-06,-2.0754782497668656e-06,0.9999999994919666,3.187580215379177e-05,0.9999999994919666,3.1884902087058205e-05,2.12359946653799e-12,0.9999999999999999,2.124801869681465e-12,3.1884901235527445e-05,3.1884901235527445e-05,0.0,0.0,0.0,0.00040320335199510443,-2.1703366058223317e-05,6.945726355711557e-05,-9.599215727407184e-06,-7.105427357601002e-15,3.187580002614244e-05,3.187580214974363e-05,2.123601184421558e-12,0.0014440799364584724,0.0008009408495662486,1.6932229537380712e-07,-0.0004019408184490203,-1.4026164052438617e-06
D2_50P_lam1,169.0,25.92888670875922,1.0,-0.00040335974644571876,-0.00040335974644571876,3.053935302832897e-05,-1.986317064380655e-06,-1.9863170658204754e-06,-1.9863170655741447e-06,0.9999999995336739,3.053935383693636e-05,0.9999999995336738,3.0546786044309126e-05,2.115770199501861e-12,1.0000000000000002,2.1164990215842663e-12,3.0546785234674316e-05,3.0546785234674316e-05,0.0,0.0,0.0,0.00040451462168480636,-2.048907698659619e-05,6.556394079648697e-05,-8.980747206122075e-06,-7.105427357601002e-15,3.053935171760395e-05,3.0539353833375075e-05,2.1157711267634007e-12,0.001444090868566364,0.0008009318321082191,1.6975063614190623e-07,-0.00040335974645699935,-1.2928382773225167e-06
D2_50P_lam1,170.0,26.082312073899807,1.0,-0.0004045264950095334,-0.0004045264950095334,2.941818355813419e-05,-1.91310914998688e-06,-1.9131091518291565e-06,-1.91310915111792e-06,0.9999999995672851,2.9418184349194447e-05,0.999999999567285,2.942363393968318e-05,2.220723082305251e-12,1.0000000000000002,2.2211252517844135e-12,2.94236331479571e-05,2.94236331479571e-05,0.0,0.0,0.0,0.00040559504473483657,-2.0232102990513923e-05,6.218247277711697e-05,-8.405923900944856e-06,-2.842170943040401e-14,2.9418182125288373e-05,2.941818434601122e-05,2.220722846812104e-12,0.001444079927296263,0.0008009077743633899,1.7259415494395469e-07,-0.00040452649500366533,-1.163208509069591e-06
D2_50P_lam1,171.0,26.235737439040395,1.0,-0.0004056861634807323,-0.0004056861634807323,2.8273771153187864e-05,-1.8399494798593263e-06,-1.839949481486497e-06,-1.8399494813130246e-06,0.9999999996002972,2.8273771915977825e-05,0.999999999600297,2.828129433272581e-05,2.1223367127443007e-12,1.0000000000000002,2.1233557159958724e-12,2.828129356862396e-05,2.828129356862396e-05,0.0,0.0,0.0,0.0004066706100378864,-2.0196140793959927e-05,5.8933383307646636e-05,-7.872309559120438e-06,-7.105427357601002e-15,2.827376979081414e-05,2.8273771913150873e-05,2.1223367331279903e-12,0.001444063873296715,0.0008008976503241014,1.7582098068313382e-07,-0.00040568616347513853,-1.2214070324034765e-06
D2_50P_lam1,172.0,26.38916280418098,1.0,-0.0004069693090767843,-0.0004069693090767843,2.7094568813512945e-05,-1.7636203462415012e-06,-1.7636203475425438e-06,-1.7636203475807077e-06,0.9999999996329421,2.709456953421364e-05,0.9999999996329422,2.7102058197768567e-05,2.0815785367814124e-12,0.9999999999999999,2.0825497113607123e-12,2.7102057475771988e-05,2.7102057475771988e-05,0.0,0.0,0.0,0.00040787060708998084,-1.9320361470676062e-05,5.535208535301095e-05,-7.393908469766064e-06,-7.105427357601002e-15,2.7094567450148897e-05,2.7094569531728343e-05,2.0815794465483734e-12,0.0014440690099743483,0.0008009072288511186,1.7454551796199004e-07,-0.0004069693090684723,-1.181183719722867e-06
D2_50P_lam1,173.0,26.54258816932157,1.0,-0.00040804853093061246,-0.00040804853093061246,2.6137654784917016e-05,-1.6933659762463638e-06,-1.6933659783106847e-06,-1.6933659776514898e-06,0.9999999996584114,2.613765548565227e-05,0.9999999996584115,2.6142273170830026e-05,2.2105145335849924e-12,1.0000000000000002,2.2108797541199906e-12,2.614227246946288e-05,2.614227246946288e-05,0.0,0.0,0.0,0.0004088849933306825,-1.818168956757571e-05,5.214046368084979e-05,-6.9612034758193e-06,-1.4210854715202004e-14,2.6137653272908446e-05,2.6137655483420086e-05,2.2105116391933524e-12,0.001444095549949634,0.0008009301765768198,1.69232921586269e-07,-0.00040804853091458426,-1.0166850188397802e-06
D2_50P_lam1,174.0,26.696013534462153,1.0,-0.0004090026791158336,-0.0004090026791158336,2.5208174926088303e-05,-1.6120688303353226e-06,-1.612068832364949e-06,-1.6120688320284127e-06,0.9999999996822743,2.520817560434378e-05,0.9999999996822739,2.521383544636812e-05,2.1524936622404668e-12,1.0000000000000002,2.153221980427426e-12,2.5213834767073635e-05,2.5213834767073635e-05,0.0,0.0,0.0,0.0004097790101809922,-1.7481599058899455e-05,4.918988668389801e-05,-6.5639793138672076e-06,-1.4210854715202004e-14,2.5208173449852683e-05,2.5208175602344145e-05,2.152491462738246e-12,0.00144411470740129,0.0008009553490840516,1.5998232328836137e-07,-0.00040900267910615185,-1.0368877951805189e-06
D2_50P_lam1,175.0,26.84943889960274,1.0,-0.0004101223065038758,-0.0004101223065038758,2.4210263751923087e-05,-1.5197687409443383e-06,-1.5197687424362005e-06,-1.5197687423910977e-06,0.9999999997069315,2.4210264390477638e-05,0.9999999997069315,2.421755071516649e-05,2.0504443179769603e-12,1.0,2.0515930953263814e-12,2.421755007511796e-05,2.421755007511796e-05,0.0,0.0,0.0,0.00041083657779342073,-1.7249821506748475e-05,4.5898218371309696e-05,-6.212037206410059e-06,-2.1316282072803006e-14,2.4210262338259487e-05,2.4210264388704174e-05,2.050444686571898e-12,0.0014441046180530342,0.000800962989974288,1.417973051672293e-07,-0.0004101223065049453,-1.0712896454379006e-06
D2_50P_lam1,176.0,27.00286426474333,1.0,-0.00041114525837973977,-0.00041114525837973977,2.3405276620339943e-05,-1.422477228198854e-06,-1.4224772302284805e-06,-1.4224772297184718e-06,0.9999999997260967,2.3405277236524374e-05,0.9999999997260967,2.3409597426310807e-05,2.1889098583962557e-12,1.0000000000000002,2.1893439439587877e-12,2.3409596809398385e-05,2.3409596809398385e-05,0.0,0.0,0.0,0.0004118110661650959,-1.7707680144862792e-05,4.2768701296047595e-05,-5.9000060805836085e-06,-2.1316282072803006e-14,2.340527504601319e-05,2.340527723492349e-05,2.188910300237915e-12,0.0014440794706509605,0.0008009387807646062,1.2232563960157635e-07,-0.00041114525839702765,-9.08165532109706e-07
D2_50P_lam1,177.0,27.156289629883915,1.0,-0.00041193863757487043,-0.00041193863757487043,2.2664184593744995e-05,-1.3046057657957466e-06,-1.3046057679537426e-06,-1.304605767336181e-06,0.9999999997431674,2.2664185192075774e-05,0.9999999997431672,2.2668021867219936e-05,2.2055758629059906e-12,0.9999999999999999,2.2060480160355973e-12,2.2668021268151472e-05,2.2668021268151472e-05,0.0,0.0,0.0,0.00041256176150844184,-1.8665118733385277e-05,3.996395821292964e-05,-5.613237069879151e-06,-1.4210854715202004e-14,2.2664182985042627e-05,2.266418519061985e-05,2.205577223037782e-12,0.0014440703213581588,0.0008008951891525245,1.073245336418372e-07,-0.0004119386375691647,-8.560495246001665e-07
D2_50P_lam1,178.0,27.309714995024503,1.0,-0.00041285735745886056,-0.00041285735745886056,2.1862389990789498e-05,-1.1638140078630566e-06,-1.1638140096394134e-06,-1.1638140095700245e-06,0.9999999997610182,2.1862390554748662e-05,0.9999999997610178,2.1868703876000737e-05,2.030728178587359e-12,1.0000000000000002,2.0319010072780803e-12,2.1868703310548615e-05,2.1868703310548615e-05,0.0,0.0,0.0,0.0004134360237421474,-1.9121801419941242e-05,3.688867292916953e-05,-5.354871622120783e-06,-2.1316282072803006e-14,2.186238852271346e-05,2.186239055344164e-05,2.030728178587359e-12,0.001444073759014332,0.000800867377299686,9.493102899026487e-08,-0.000412857357446228,-9.414005859298413e-07
D2_50P_lam1,179.0,27.46314036016509,1.0,-0.0004138214387415008,-0.0004138214387415008,2.119483216527603e-05,-9.976802615510594e-07,-9.976802634766024e-07,-9.976802631331272e-07,0.9999999997753896,2.1194832704724832e-05,0.9999999997753896,2.119933335972436e-05,2.1580523738167983e-12,1.0,2.15867057967391e-12,2.1199332819322467e-05,2.1199332819322467e-05,0.0,0.0,0.0,0.00041436399161930224,-1.892826014771032e-05,3.38153836163535e-05,-5.124415999480103e-06,-1.4210854715202004e-14,2.119483054548006e-05,2.1194832703532393e-05,2.158052331550842e-12,0.0014440707278036537,0.0008008783901442972,8.804597554693448e-08,-0.0004138214387410244,-8.394318200544149e-07
D2_50P_lam1,180.0,27.616565725305676,1.0,-0.00041453622107353444,-0.00041453622107353444,2.0627962779297914e-05,-8.215455116304671e-07,-8.215455141666328e-07,-8.215455132992711e-07,0.9999999997872436,2.0627963304241944e-05,0.9999999997872435,2.0630772618119585e-05,2.261613754196459e-12,1.0,2.2619383697249467e-12,2.063077209261201e-05,2.063077209261201e-05,0.0,0.0,0.0,0.00041504920949390976,-1.841664239821128e-05,3.113454104664015e-05,-4.910926755918865e-06,-2.1316282072803006e-14,2.0627961041532173e-05,2.0627963303144732e-05,2.2616125579821115e-12,0.0014440727192342518,0.0008009166009996559,8.487334526370911e-08,-0.0004145362210863368,-7.361446279219308e-07
D2_50P_lam1,181.0,27.769991090446265,1.0,-0.0004152937279931379,-0.0004152937279931379,2.000399160391944e-05,-6.55185637792044e-07,-6.55185639554523e-07,-6.551856394435007e-07,0.9999999997999203,2.0003992100962314e-05,0.9999999997999202,2.00093143606079e-05,2.035485592509138e-12,1.0,2.0364899599968803e-12,2.000931386222501e-05,2.000931386222501e-05,0.0,0.0,0.0,0.00041577538529044246,-1.766739452457866e-05,2.8351882157551245e-05,-4.7161630919445585e-06,-2.1316282072803006e-14,2.000399006447461e-05,2.0003992099960694e-05,2.0354860840597005e-12,0.0014440953863607791,0.0008009532086598115,7.86417550800805e-08,-0.00041529372799686826,-8.445150427860426e-07
D2_50P_lam1,182.0,27.923416455586853,1.0,-0.00041622525117325965,-0.00041622525117325965,1.943248061623284e-05,-4.862349971233859e-07,-4.862349990281123e-07,-4.862349987679038e-07,0.9999999998111897,1.9432481087013342e-05,0.9999999998111896,1.9437868351840466e-05,2.1183628437005304e-12,1.0,2.1192285876450983e-12,1.943786787976716e-05,1.943786787976716e-05,0.0,0.0,0.0,0.000416678783450608,-1.6776523338868365e-05,2.549518784311644e-05,-4.545605647443551e-06,-1.4210854715202004e-14,1.9432478967733462e-05,1.943248108609642e-05,2.118362955426849e-12,0.0014441190272577158,0.0008009692804755804,6.843925680519979e-08,-0.0004162252511719089,-8.319097588582736e-07
D2_50P_lam1,183.0,28.076841820727438,1.0,-0.00041695754749579054,-0.00041695754749579054,1.8994130788177165e-05,-3.3211663817006576e-07,-3.321166406056175e-07,-3.321166396376418e-07,0.9999999998196114,1.899413124690061e-05,0.9999999998196115,1.8996744919592796e-05,2.3042853683916285e-12,0.9999999999999999,2.304573753582863e-12,1.8996744460329014e-05,1.8996744460329014e-05,0.0,0.0,0.0,0.00041739000389194906,-1.6256534571379433e-05,2.307236168830329e-05,-4.394039736399513e-06,-7.105427357601002e-15,1.8994128941758175e-05,1.8994131246045717e-05,2.304287541975706e-12,0.0014441167357470283,0.0008009614352785325,6.004573534142478e-08,-0.0004169575475145848,-6.861100558808175e-07
D2_50P_lam1,184.0,28.230267185868026,1.0,-0.00041759747127185175,-0.00041759747127185175,1.8499069599277632e-05,-2.0002613760478072e-07,-2.0002613970726557e-07,-2.000261392666458e-07,0.999999999828892,1.849907003572033e-05,0.999999999828892,1.850310496464782e-05,2.0734283685082985e-12,1.0,2.074149575355784e-12,1.850310452715513e-05,1.850310452715513e-05,0.0,0.0,0.0,0.0004180071086875589,-1.6569731759896733e-05,2.070340342630317e-05,-4.258833561754383e-06,-2.1316282072803006e-14,1.849906796150191e-05,1.8499070034928357e-05,2.0734264440976697e-12,0.0014440950014310164,0.0008009367459915684,5.350536464845097e-08,-0.00041759747128367053,-7.441580436307049e-07
D2_50P_lam1,185.0,28.383692551008615,1.0,-0.00041844586359420676,-0.00041844586359420676,1.800561214338801e-05,-6.497895959842181e-08,-6.497896145804538e-08,-6.497896113538681e-08,0.999999999837899,1.8005612553368842e-05,0.9999999998378987,1.801134049995041e-05,2.073075462250506e-12,1.0000000000000002,2.0741626277207202e-12,1.8011340088406134e-05,1.8011340088406134e-05,0.0,0.0,0.0,0.0004188332209712031,-1.7417829689891917e-05,1.8210996174161664e-05,-4.142113113336787e-06,0.0,1.8005610479563536e-05,1.8005612552638846e-05,2.073075310037386e-12,0.001444076764133217,0.0008009097922487637,4.7738689537565435e-08,-0.0004184458636018462,-7.961838122128029e-07
D2_50P_lam1,186.0,28.5371179161492,1.0,-0.0004191898389043933,-0.0004191898389043933,1.7679217188698143e-05,4.798884777057477e-08,4.7988845276042413e-08,4.7988846365448756e-08,0.9999999998437227,1.7679217588728015e-05,0.9999999998437227,1.7681824731781656e-05,2.3288599867114067e-12,1.0,2.3292085262104745e-12,1.7681824331121676e-05,1.7681824331121676e-05,0.0,0.0,0.0,0.00041956252450663615,-1.8391730557953956e-05,1.6154504016707705e-05,-4.039770911956619e-06,-7.105427357601002e-15,1.7679215259177377e-05,1.767921758803737e-05,2.328859991879819e-12,0.001444073661953333,0.0008008946293880895,4.66881067625898e-08,-0.00041918983890809614,-6.379041934678753e-07
D2_50P_lam1,187.0,28.690543281289788,1.0,-0.00041972167198958,-0.00041972167198958,1.7304673418278676e-05,1.3033315454658023e-07,1.3033315237470644e-07,1.3033315287083735e-07,0.9999999998502741,1.7304673800799595e-05,0.9999999998502739,1.7307207760824013e-05,2.140146434523117e-12,1.0,2.1406125731010683e-12,1.7307207377594123e-05,1.7307207377594123e-05,0.0,0.0,0.0,0.00042007828622084325,-1.89245120278958e-05,1.4289794677768697e-05,-3.945065921662216e-06,-1.4210854715202004e-14,1.7304671660007894e-05,1.7304673800153973e-05,2.140146079677932e-12,0.001444078925676946,0.0008008963763127246,4.7857209450029445e-08,-0.00041972167198878196,-6.190155943386344e-07
D2_50P_lam1,188.0,28.843968646430373,1.0,-0.0004204278701067588,-0.0004204278701067588,1.690818470380696e-05,2.0867176885389083e-07,2.0867176696998113e-07,2.086717673446814e-07,0.9999999998570569,1.690818506203516e-05,0.9999999998570568,1.69133887139288e-05,2.0361548861416995e-12,1.0,2.0373139931761855e-12,1.6913388354104475e-05,1.6913388354104475e-05,0.0,0.0,0.0,0.00042076784556336017,-1.8964081538674904e-05,1.2294804697887685e-05,-3.855531143792668e-06,-1.4210854715202004e-14,1.690818302527656e-05,1.6908185061431374e-05,2.0361548124066097e-12,0.001444081631808899,0.0008009097439202885,4.7610494404305375e-08,-0.0004204278700967734,-7.276040037140774e-07
D2_50P_lam1,189.0,28.99739401157096,1.0,-0.0004211768800071967,-0.0004211768800071967,1.6672802341881935e-05,2.580172777169598e-07,2.5801727543059427e-07,2.5801727645755057e-07,0.999999999861009,1.6672802692111868e-05,0.999999999861009,1.6675877142192808e-05,2.333053847689898e-12,0.9999999999999999,2.333568524731729e-12,1.6675876791083617e-05,1.6675876791083617e-05,0.0,0.0,0.0,0.0004215068085420246,-1.891875667692222e-05,1.070197667329964e-05,-3.770903330424513e-06,-1.4210854715202004e-14,1.6672800358477497e-05,1.667280269153342e-05,2.333055923034861e-12,0.001444083133075231,0.0008009249540027426,4.431518127716045e-08,-0.0004211768799962101,-6.240063044060662e-07
D2_50P_lam1,190.0,29.15081937671155,1.0,-0.0004216758827050164,-0.0004216758827050164,1.638867156339516e-05,2.7318694601624616e-07,2.731869436917167e-07,2.73186944291931e-07,0.9999999998657059,1.6388671900505295e-05,0.9999999998657056,1.6390411526594744e-05,2.2238132906468627e-12,1.0000000000000002,2.224129868754742e-12,1.639041118897403e-05,1.639041118897403e-05,0.0,0.0,0.0,0.00042199425409730925,-1.8697708185300144e-05,9.381154871590525e-06,-3.688046604666262e-06,-2.1316282072803006e-14,1.6388669676140187e-05,1.638867189995477e-05,2.223814584909506e-12,0.0014440897513051016,0.000800936280768955,3.8854684477807346e-08,-0.00042167588270558554,-5.403105802770369e-07
D2_50P_lam1,191.0,29.304244741852134,1.0,-0.00042225750114901323,-0.00042225750114901323,1.6054299856556898e-05,2.891731157583788e-07,2.8917311379120236e-07,2.8917311412426927e-07,0.9999999998711298,1.605430017299519e-05,0.9999999998711298,1.6058688039053663e-05,2.020022161430056e-12,0.9999999999999999,2.021053884916369e-12,1.6058687721191126e-05,1.6058687721191126e-05,0.0,0.0,0.0,0.0004225626688463595,-1.8508728498956017e-05,7.900567328800179e-06,-3.6033451520922632e-06,-7.105427357601002e-15,1.6054298152455025e-05,1.6054300172478297e-05,2.0200232713013346e-12,0.0014440986657959364,0.0008009429212695949,3.418901979688083e-08,-0.0004222575011567642,-6.671037482419706e-07
D2_50P_lam1,192.0,29.457670106992722,1.0,-0.0004230100902175034,-0.0004230100902175034,1.585303896946153e-05,2.954187803341779e-07,2.954187781553652e-07,2.954187789810936e-07,0.9999999998743405,1.585303927958479e-05,0.9999999998743407,1.5857048510055064e-05,2.3171150407626613e-12,1.0,2.3178609644512255e-12,1.58570481986886e-05,1.58570481986886e-05,0.0,0.0,0.0,0.0004233071176920399,-1.831025848320067e-05,6.724112953104822e-06,-3.520005518176106e-06,-1.4210854715202004e-14,1.5853036961969403e-05,1.585303927908514e-05,2.3171157384760676e-12,0.0014441019397551092,0.0008009439421966302,3.203073525218014e-08,-0.0004230100902020695,-6.454950352008382e-07
D2_50P_lam1,193.0,29.61109547213331,1.0,-0.000423548491215384,-0.000423548491215384,1.5630847407275475e-05,2.9204198694759986e-07,2.920419841408173e-07,2.9204198504634293e-07,0.9999999998778386,1.5630847709145272e-05,0.9999999998778384,1.5632432326014735e-05,2.304901482056696e-12,1.0000000000000002,2.305173950358104e-12,1.563243202367093e-05,1.563243202367093e-05,0.0,0.0,0.0,0.0004238368255442137,-1.804073856770394e-05,5.849414737912895e-06,-3.440639917640098e-06,-2.1316282072803006e-14,1.5630845403766195e-05,1.5630847708668294e-05,2.3049020972484326e-12,0.001444096916733594,0.0008009382165240554,3.226014686757452e-08,-0.00042354849122716587,-5.145247143900633e-07
D2_50P_lam1,194.0,29.764520837273896,1.0,-0.0004240391396474463,-0.0004240391396474463,1.5349227235270966e-05,3.0386639035540064e-07,3.0386638840557145e-07,3.0386638887741624e-07,0.9999999998822006,1.5349227520126533e-05,0.9999999998822007,1.53525962600278e-05,2.0281136578077667e-12,1.0000000000000002,2.028896756607494e-12,1.535259597405737e-05,1.535259597405737e-05,0.0,0.0,0.0,0.0004243169023181221,-1.804673514160804e-05,4.791649010460475e-06,-3.3615424114841197e-06,-1.4210854715202004e-14,1.5349225491558722e-05,1.534922751967238e-05,2.0281136578077667e-12,0.001444087533085755,0.000800927286913166,3.246798399691772e-08,-0.0004240391396308496,-6.082766219606128e-07
D2_50P_lam1,195.0,29.917946202414484,1.0,-0.0004247650444823665,-0.0004247650444823665,1.5193924207664565e-05,3.0892125494480505e-07,3.089212528631369e-07,3.0892125351192345e-07,0.9999999998845721,1.519392448800306e-05,0.9999999998845726,1.5198883707194263e-05,2.280166395606737e-12,1.0000000000000002,2.2811385492338564e-12,1.5198883425251029e-05,1.5198883425251029e-05,0.0,0.0,0.0,0.00042503679401912107,-1.783522681397809e-05,3.957425767975309e-06,-3.28609631972121e-06,-7.105427357601002e-15,1.5193922207397566e-05,1.5193924487564498e-05,2.2801669325868317e-12,0.0014440818123826766,0.0008009148273007504,3.20333106702282e-08,-0.0004247650444710871,-6.733862250030143e-07
D2_50P_lam1,196.0,30.071371567555072,1.0,-0.0004253859120814869,-0.0004253859120814869,1.5075728076082942e-05,2.985740099707701e-07,2.985740073825627e-07,2.985740082707411e-07,0.9999999998863612,1.5075728353564729e-05,0.9999999998863612,1.5077782874275776e-05,2.360407864249325e-12,1.0,2.3607396170321473e-12,1.5077782596177452e-05,1.5077782596177452e-05,0.0,0.0,0.0,0.00042565298767475854,-1.6938072227357104e-05,3.4930288768109108e-06,-3.2222177120400097e-06,-1.4210854715202004e-14,1.5075725992728591e-05,1.507572835313667e-05,2.360408079635628e-12,0.0014440838283133815,0.0008009061121161246,3.066118702387233e-08,-0.00042538591208085563,-5.412498182977288e-07
D2_50P_lam1,197.0,30.224796932695657,1.0,-0.0004258475441290381,-0.0004258475441290381,1.4871780348898195e-05,2.9920426771953834e-07,2.992042654852145e-07,2.9920426588073146e-07,0.9999999998894148,1.487178061180305e-05,0.9999999998894152,1.4874353427217055e-05,2.0509669102930707e-12,1.0,2.051496126249897e-12,1.4874353163489918e-05,1.4874353163489918e-05,0.0,0.0,0.0,0.0004261071746333331,-1.5837464799051126e-05,2.8595159440314433e-06,-3.167765921574528e-06,-1.4210854715202004e-14,1.4871778560424649e-05,1.4871780611391558e-05,2.0509669102930707e-12,0.0014440894102563276,0.0008009072232714994,2.8915499602820264e-08,-0.00042584754410768255,-5.684934336613878e-07
D2_50P_lam1,198.0,30.378222297836246,1.0,-0.0004265228989603935,-0.0004265228989603935,1.4791568186125373e-05,2.95427103152307e-07,2.9542710132737793e-07,2.9542710161881147e-07,0.9999999998906048,1.479156844659058e-05,0.9999999998906047,1.4796975164792565e-05,2.2210861920066795e-12,1.0,2.2221686038118215e-12,1.4796974902547815e-05,1.4796974902547815e-05,0.0,0.0,0.0,0.0004267794023176699,-1.5130434323218367e-05,2.3628402812114757e-06,-3.12211026315401e-06,-2.842170943040401e-14,1.4791566225099917e-05,1.479156844618611e-05,2.2210861920066795e-12,0.0014440927834541034,0.0008009198507008129,2.615514722734226e-08,-0.0004265228989481784,-6.872426752124738e-07
D2_50P_lam1,199.0,30.531647662976834,1.0,-0.0004272220294682046,-0.0004272220294682046,1.4763212259219613e-05,2.6610792295406194e-07,2.661079202617711e-07,2.661079212228079e-07,0.9999999998910238,1.476321252127837e-05,0.9999999998910236,1.4766113986738043e-05,2.3701442007837894e-12,1.0,2.3706298323866173e-12,1.4766113723772175e-05,1.4766113723772175e-05,0.0,0.0,0.0,0.0004274770687847373,-1.5238388678784354e-05,2.2937856671845225e-06,-3.0934871851351353e-06,-7.105427357601002e-15,1.4763210150736244e-05,1.4763212520878309e-05,2.37014206551011e-12,0.0014440953665986868,0.0008009362480597301,2.1118201552390424e-08,-0.0004272220294581075,-5.803505445101109e-07
D2_50P_lam1,200.0,30.68507302811742,1.0,-0.00042768360002613624,-0.00042768360002613624,1.460793125488726e-05,2.3673708189272946e-07,2.3673707931146093e-07,2.3673708002963645e-07,0.9999999998933042,1.4607931504425226e-05,0.9999999998933042,1.46097115828405e-05,2.0756326866254367e-12,1.0000000000000002,2.076005828870087e-12,1.4609711332717838e-05,1.4609711332717838e-05,0.0,0.0,0.0,0.0004279330097747518,-1.6088108675482715e-05,2.068905215146799e-06,-3.0793223055880503e-06,-1.4210854715202004e-14,1.460792942840033e-05,1.4607931504033778e-05,2.0756334475088964e-12,0.0014441004867660865,0.0008009450159662654,1.7930082420441184e-08,-0.00042768360003719863,-5.100388449363891e-07
D2_50P_lam1,201.0,30.838498393258007,1.0,-0.0004282421071682738,-0.0004282421071682738,1.4579462039318933e-05,2.0361214462041866e-07,2.036121425179338e-07,2.036121429238591e-07,0.9999999998937196,1.4579462289220883e-05,0.9999999998937196,1.4583793426511935e-05,2.14368217433764e-12,1.0,2.14470690042555e-12,1.4583793175069067e-05,1.4583793175069067e-05,0.0,0.0,0.0,0.0004284902815188759,-1.7454289319318583e-05,1.8705225390824864e-06,-3.0691488329126493e-06,-1.4210854715202004e-14,1.4579460145151217e-05,1.457946228883354e-05,2.1436823226892178e-12,0.001444103439472997,0.0008009425453167258,1.9117997157854607e-08,-0.0004282421071479803,-6.244324026738468e-07
D2_50P_lam1,202.0,30.991923758398595,1.0,-0.00042893246485470576,-0.00042893246485470576,1.4588625969293552e-05,1.5600775211607742e-07,1.560077492399059e-07,1.560077504507429e-07,0.999999999893586,1.4588626223895017e-05,0.9999999998935859,1.4592048624171106e-05,2.328986494202679e-12,1.0,2.3297158530047416e-12,1.4592048368367696e-05,1.4592048368367696e-05,0.0,0.0,0.0,0.000429180528775282,-1.8798503758410412e-05,2.1261170926045736e-06,-3.065237148047739e-06,-2.1316282072803006e-14,1.4588623894521715e-05,1.4588626223506749e-05,2.3289850332817344e-12,0.0014440969055005315,0.0008009342399155139,1.9301202582171558e-08,-0.0004289324648425463,-5.791689829948155e-07
D2_50P_lam1,203.0,31.14534912353918,1.0,-0.0004294004451255332,-0.0004294004451255332,1.448062504132712e-05,1.3581426418565745e-07,1.3581426148642772e-07,1.3581426234338112e-07,0.999999999895156,1.4480625287573435e-05,0.9999999998951559,1.448192366505657e-05,2.097888828569377e-12,0.9999999999999999,2.098219345237511e-12,1.4481923418333749e-05,1.4481923418333749e-05,0.0,0.0,0.0,0.00042964453883706283,-1.9164027322382537e-05,2.242493417625724e-06,-3.0669793810167434e-06,-1.4210854715202004e-14,1.4480623189303916e-05,1.4480625287193829e-05,2.097889912436247e-12,0.0014440852371880102,0.000800925710592296,2.1325810058933754e-08,-0.0004294004451139699,-4.560931898822673e-07
D2_50P_lam1,204.0,31.29877448867977,1.0,-0.00042984465121772425,-0.00042984465121772425,1.4494846226519766e-05,1.3720195493616139e-07,1.372019526393875e-07,1.3720195329511298e-07,0.9999999998949497,1.4494846476604121e-05,0.9999999998949496,1.4497885007993106e-05,2.0653985533953503e-12,1.0,2.0662351430665502e-12,1.4497884756754753e-05,1.4497884756754753e-05,0.0,0.0,0.0,0.0004300890083679802,-1.878089450169096e-05,2.2510092545502403e-06,-3.0615667103717215e-06,-7.105427357601002e-15,1.449484441082824e-05,1.4494846476222999e-05,2.065394759061474e-12,0.001444080645177085,0.0008009184218060732,2.125463154799923e-08,-0.00042984465122231086,-5.537859522064537e-07
D2_50P_lam1,205.0,31.452199853820353,1.0,-0.00043050801702149507,-0.00043050801702149507,1.4514497984524038e-05,1.3767920559529245e-07,1.3767920267748757e-07,1.3767920386056898e-07,0.9999999998946646,1.4514498241295845e-05,0.9999999998946648,1.4518697765558172e-05,2.252390666899454e-12,0.9999999999999999,2.253378189874383e-12,1.4518697507256593e-05,1.4518697507256593e-05,0.0,0.0,0.0,0.00043075268737387913,-1.807998749225881e-05,2.7031788767395426e-06,-3.051540201637337e-06,-7.105427357601002e-15,1.451449598852024e-05,1.4514498240913071e-05,2.252392830218036e-12,0.001444085609517287,0.0008009136688617654,2.1806418102313475e-08,-0.0004305080170183828,-6.065913851216465e-07
D2_50P_lam1,206.0,31.60562521896094,1.0,-0.00043105783398618945,-0.00043105783398618945,1.4447279375197104e-05,1.6190831501547431e-07,1.619083121844056e-07,1.619083131454424e-07,0.9999999998956381,1.4447279630507743e-05,0.9999999998956381,1.4448936660460856e-05,2.1218990814528472e-12,0.9999999999999999,2.122293813883618e-12,1.444893640455912e-05,1.444893640455912e-05,0.0,0.0,0.0,0.0004312998776132025,-1.73154393143804e-05,3.0992236337290535e-06,-3.0460625466410818e-06,-7.105427357601002e-15,1.4447277508232128e-05,1.444727963013138e-05,2.121899250550636e-12,0.0014440899316386171,0.0008009145452868122,2.9890106857936715e-08,-0.00043105783399255415,-4.843199548076882e-07
D2_50P_lam1,207.0,31.75905058410153,1.0,-0.00043147665694317485,-0.00043147665694317485,1.4477696734710354e-05,1.9547429865388044e-07,1.9547429659996785e-07,1.954742971203849e-07,0.9999999998951983,1.4477696997659701e-05,0.9999999998951983,1.4480009189373008e-05,2.0122329062874373e-12,0.9999999999999999,2.012850007544658e-12,1.4480008925576975e-05,1.4480008925576975e-05,0.0,0.0,0.0,0.0004317194981054755,-1.735531012792002e-05,3.2965385288186155e-06,-3.036994874361376e-06,-2.842170943040401e-14,1.4477694985052116e-05,1.4477696997281038e-05,2.0122289220107946e-12,0.0014440880626850488,0.0008009210280824194,3.880296758817594e-08,-0.0004314766569279982,-5.264361107037985e-07
D2_50P_lam1,208.0,31.912475949242115,1.0,-0.0004321107062159538,-0.0004321107062159538,1.4499380150129084e-05,2.1981965457953945e-07,2.1981965177969576e-07,2.1981965283440763e-07,0.9999999998948841,1.4499380421340001e-05,0.999999999894884,1.4504203928804914e-05,2.1670339931228343e-12,1.0000000000000002,2.1681830731326534e-12,1.4504203655863887e-05,1.4504203655863887e-05,0.0,0.0,0.0,0.00043235397716067,-1.778712907885005e-05,3.930234693250156e-06,-3.0249643304114393e-06,-7.105427357601002e-15,1.4499378253926692e-05,1.4499380420960581e-05,2.1670338903484212e-12,0.0014440877306412135,0.0008009282625186236,4.637311754957567e-08,-0.00043211070621396175,-6.442192557187809e-07
D2_50P_lam1,209.0,32.06590131438271,1.0,-0.000432765095439166,-0.000432765095439166,1.4527103438450705e-05,2.4852156133708947e-07,2.485215579786648e-07,2.4852155938379084e-07,0.9999999998944817,1.4527103716946207e-05,0.9999999998944814,1.4529774137303189e-05,2.1483041895654858e-12,1.0,2.148877758651281e-12,1.4529773857907013e-05,1.4529773857907013e-05,0.0,0.0,0.0,0.0004330088763831225,-1.734982300782839e-05,4.69953051585037e-06,-3.024224083603144e-06,-7.105427357601002e-15,1.4527101568258663e-05,1.4527103716562851e-05,2.1483041895654858e-12,0.0014440949895504274,0.0008009331039376411,5.1626190597739044e-08,-0.00043276509543943575,-5.607103616966924e-07
D2_50P_lam1,210.0,32.21932667952329,1.0,-0.000433232126933862,-0.000433232126933862,1.4662076759100635e-05,2.755192366650505e-07,2.755192341531709e-07,2.7551923500665487e-07,0.9999999998925118,1.4662077049596815e-05,0.9999999998925115,1.4664160795967613e-05,2.0008847255632883e-12,0.9999999999999999,2.001351139790401e-12,1.4664160504785898e-05,1.4664160504785898e-05,0.0,0.0,0.0,0.0004334801772143198,-1.623856563270909e-05,5.2463460091800584e-06,-3.032521974366542e-06,-7.105427357601002e-15,1.4662075048321014e-05,1.4662077049204723e-05,2.000883709389605e-12,0.0014441032132174367,0.0008009370366366113,5.3394489016665686e-08,-0.00043323212693735513,-5.392005419935231e-07
D2_50P_lam1,211.0,32.372752044663876,1.0,-0.00043384349651249144,-0.00043384349651249144,1.4801613834276602e-05,2.9410310301708487e-07,2.941031000507077e-07,2.941031011644002e-07,0.9999999998904562,1.4801614134267996e-05,0.9999999998904563,1.4806675682039952e-05,2.0939678463703587e-12,1.0,2.0950972411803392e-12,1.4806675380357741e-05,1.4806675380357741e-05,0.0,0.0,0.0,0.0004340960046398595,-1.5018050771864466e-05,6.182675849064623e-06,-3.0479704238861594e-06,-7.105427357601002e-15,1.4801612039893324e-05,1.4801614133861483e-05,2.0939681577081495e-12,0.0014441045411194924,0.0008009399412361745,5.2354352511801394e-08,-0.0004338434965234228,-6.859889936094987e-07
D2_50P_lam1,212.0,32.52617740980447,1.0,-0.00043460410493059584,-0.00043460410493059584,1.5019803088104636e-05,3.0400423956661315e-07,3.040042357779771e-07,3.040042376133145e-07,0.9999999998872026,1.5019803403262321e-05,0.9999999998872026,1.5024148393390243e-05,2.166524127718581e-12,1.0000000000000002,2.167362033031001e-12,1.5024148076877708e-05,1.5024148076877708e-05,0.0,0.0,0.0,0.00043486363585493984,-1.3885336138108606e-05,7.469164057916089e-06,-3.0863246309187353e-06,-7.105427357601002e-15,1.5019801236313852e-05,1.5019803402838009e-05,2.1665241574473396e-12,0.0014441006914529542,0.000800937472617335,5.0520939499399935e-08,-0.00043460410492457413,-6.731029458251214e-07
D2_50P_lam1,213.0,32.67960277494505,1.0,-0.00043518970243426505,-0.00043518970243426505,1.5328635511056587e-05,3.000348993247026e-07,3.000348970244593e-07,3.0003489785712656e-07,0.9999999998825163,1.5328635843092187e-05,0.9999999998825164,1.5331011837227985e-05,2.0260662824503115e-12,1.0,2.0264845849165072e-12,1.5331011504516977e-05,1.5331011504516977e-05,0.0,0.0,0.0,0.0004354595995821536,-1.3511278134203941e-05,8.539643873817226e-06,-3.1516017183763623e-06,-7.105427357601002e-15,1.5328633816576957e-05,1.532863584264333e-05,2.0260663728874187e-12,0.0014440974120224384,0.0008009279497916418,4.724702915316757e-08,-0.00043518970241507304,-5.925273285356525e-07
D2_50P_lam1,214.0,32.83302814008564,1.0,-0.00043578915957705747,-0.00043578915957705747,1.563337138949559e-05,2.722416883975398e-07,2.7224168557341e-07,2.722416866073052e-07,0.9999999998777988,1.5633371732030233e-05,0.9999999998777989,1.563787919929188e-05,2.0410574807129006e-12,1.0,2.0420111402905806e-12,1.563787885535481e-05,1.563787885535481e-05,0.0,0.0,0.0,0.00043606955925362087,-1.4108577408689094e-05,9.887632840044347e-06,-3.2370407858084427e-06,-1.4210854715202004e-14,1.563336969049508e-05,1.56333717315528e-05,2.0410577214651863e-12,0.0014440956562426386,0.0008009172885636074,4.4211455354321936e-08,-0.00043578915958164544,-7.016795962044853e-07
D2_50P_lam1,215.0,32.98645350522622,1.0,-0.000436593061611058,-0.000436593061611058,1.6030541409665043e-05,2.0528470146691236e-07,2.0528469796970983e-07,2.0528469976688335e-07,0.9999999998715109,1.6030541771534177e-05,0.9999999998715108,1.603603817960054e-05,2.164645145119102e-12,1.0000000000000002,2.1657467394098303e-12,1.6036037816044015e-05,1.6036037816044015e-05,0.0,0.0,0.0,0.0004368873686147671,-1.4876197572677441e-05,1.1793185113351257e-05,-3.350672710511482e-06,-7.105427357601002e-15,1.603053960637655e-05,1.6030541771020194e-05,2.16464364449592e-12,0.0014440935197454585,0.0008009138836710466,4.57388314613083e-08,-0.000436593061607482,-7.522059632947276e-07
D2_50P_lam1,216.0,33.139878870366815,1.0,-0.00043729357151245,-0.00043729357151245,1.6524735172175564e-05,1.1634149030617658e-07,1.1634148753061901e-07,1.1634148853328918e-07,0.9999999998634664,1.6524735556410468e-05,0.9999999998634667,1.6527576605993153e-05,2.0695398980948314e-12,1.0,2.070032743107939e-12,1.652757622098957e-05,1.652757622098957e-05,0.0,0.0,0.0,0.00043760572067086536,-1.5138825204541462e-05,1.3541382316351047e-05,-3.497933771690054e-06,-1.4210854715202004e-14,1.6524733486306777e-05,1.652473555584677e-05,2.069539994515084e-12,0.0014440927866362385,0.0008009203411422051,4.575201698864876e-08,-0.0004372935715082349,-6.474810447798518e-07
D2_50P_lam1,217.0,33.2933042355074,1.0,-0.00043788802369685323,-0.00043788802369685323,1.6998848496791998e-05,2.121487130066213e-08,2.1214868611840743e-08,2.1214869472263587e-08,0.9999999998555194,1.699884889296429e-05,0.9999999998555195,1.700240369484906e-05,2.0138896565285394e-12,0.9999999999999999,2.0146242584748856e-12,1.70024032976491e-05,1.70024032976491e-05,0.0,0.0,0.0,0.0004382179061075689,-1.5075829193578194e-05,1.5364124352768016e-05,-3.668248375054972e-06,-7.105427357601002e-15,1.699884687845773e-05,1.6998848892349805e-05,2.0138920756954105e-12,0.0014440961619359663,0.0008009313882249051,4.220434815451068e-08,-0.0004378880236970417,-6.92975348215441e-07
D2_50P_lam1,218.0,33.446729600647984,1.0,-0.0004386795222146658,-0.0004386795222146658,1.7526187079473777e-05,-1.0489573881028447e-07,-1.0489574213401465e-07,-1.0489574037500504e-07,0.9999999998464165,1.752618749471825e-05,0.9999999998464164,1.7531979092651686e-05,2.1415526211783636e-12,1.0000000000000002,2.1428071946769444e-12,1.7531978675655635e-05,1.7531978675655635e-05,0.0,0.0,0.0,0.00043902961588909,-1.5310064907958498e-05,1.7829828219184662e-05,-3.8608185217170465e-06,0.0,1.7526185352494066e-05,1.7526187494044773e-05,2.1415507076754375e-12,0.0014441007087330972,0.0008009387505001412,4.302871366869224e-08,-0.00043867952220466577,-7.999844342521101e-07
D2_50P_lam1,219.0,33.600154965788576,1.0,-0.0004394879925613333,-0.0004394879925613333,1.81826113822025e-05,-2.4214741546624285e-07,-2.4214741845690613e-07,-2.4214741713504684e-07,0.9999999998346962,1.8182611826464986e-05,0.9999999998346962,1.8186255286727675e-05,2.1170368758548054e-12,1.0,2.117721319711499e-12,1.818625484148266e-05,1.818625484148266e-05,0.0,0.0,0.0,0.0004398640267039187,-1.6051753278345515e-05,2.019657726570756e-05,-4.083247918618138e-06,0.0,1.818260970867686e-05,1.818261182571347e-05,2.117036611021592e-12,0.0014441005084639786,0.0008009378209222196,4.707631399536247e-08,-0.00043948799256554594,-7.212341728290994e-07
D2_50P_lam1,220.0,33.75358033092916,1.0,-0.00044012199055665306,-0.00044012199055665306,1.8780603010436675e-05,-3.649508872362317e-07,-3.649508897550502e-07,-3.6495088896748573e-07,0.9999999998236444,1.878060346883449e-05,0.9999999998236445,1.8783496482390904e-05,2.0193007394930833e-12,1.0000000000000002,2.0198701703035444e-12,1.8783496023219534e-05,1.8783496023219534e-05,0.0,0.0,0.0,0.00044052255247864426,-1.719467167127231e-05,2.2371724563541306e-05,-4.326267540710749e-06,0.0,1.878060144870418e-05,1.8780603468005364e-05,2.0193011819284167e-12,0.001444093954768476,0.0008009303351098218,5.292313666758767e-08,-0.00044012199055032397,-6.924261555241173e-07
D2_50P_lam1,221.0,33.907005696069746,1.0,-0.0004408728448706427,-0.0004408728448706427,1.936909464445586e-05,-5.034716875386425e-07,-5.034716909144143e-07,-5.034716893254076e-07,0.999999999812419,1.9369095119346692e-05,0.9999999998124192,1.9374332030648867e-05,2.1051567195917013e-12,1.0,2.1063914070760898e-12,1.9374331554209466e-05,1.9374331554209466e-05,0.0,0.0,0.0,0.0004412982430226485,-1.85689091359853e-05,2.516414760078689e-05,-4.580362738260124e-06,-7.105427357601002e-15,1.9369093013281705e-05,1.9369095118438425e-05,2.1051567195917013e-12,0.0014440856977165127,0.0008009216062009049,6.414953737372867e-08,-0.00044087284487659417,-8.160025828374273e-07
D2_50P_lam1,222.0,34.06043106121034,1.0,-0.0004417539957179026,-0.0004417539957179026,2.0147863758367052e-05,-6.362243353229269e-07,-6.362243383066513e-07,-6.362243371860199e-07,0.9999999997970318,2.0147864268960275e-05,0.9999999997970318,2.0152381432616272e-05,2.161451583491139e-12,1.0000000000000002,2.16240644625508e-12,2.0152380920769224e-05,2.0152380920769224e-05,0.0,0.0,0.0,0.0004422133248496798,-1.9481924290354335e-05,2.7981174558711075e-05,-4.852420954548631e-06,-1.4210854715202004e-14,2.0147862106488227e-05,2.0147864267939837e-05,2.1614516097631202e-12,0.0014440812091445494,0.0008009162817631809,7.635379726364924e-08,-0.0004417539957159988,-8.001972986448891e-07
D2_50P_lam1,223.0,34.21385642635092,1.0,-0.00044247323948792215,-0.00044247323948792215,2.083411400853149e-05,-7.394354831317951e-07,-7.394354860044972e-07,-7.394354849740714e-07,0.9999999997829699,2.083411453659417e-05,0.9999999997829699,2.0836898482627445e-05,2.0556759671342997e-12,1.0000000000000002,2.056201722947718e-12,2.083689795387749e-05,2.083689795387749e-05,0.0,0.0,0.0,0.0004429635131882602,-1.982540668199473e-05,3.0402890217384737e-05,-5.139023339928439e-06,-7.105427357601002e-15,2.0834112479788678e-05,2.0834114535464535e-05,2.0556758586630133e-12,0.0014440807037365742,0.00080091578897261,8.430309451818742e-08,-0.00044247323947388395,-7.252931908396931e-07
D2_50P_lam1,224.0,34.36728179149151,1.0,-0.00044320458208809484,-0.00044320458208809484,2.1477191881076994e-05,-8.604803665261673e-07,-8.60480369589689e-07,-8.604803682504825e-07,0.9999999997693653,2.1477192423245684e-05,0.9999999997693648,2.148173678247377e-05,2.071754639406431e-12,1.0,2.0728250080708522e-12,2.148173623904911e-05,2.148173623904911e-05,0.0,0.0,0.0,0.00044372477559783384,-2.0450118856207844e-05,3.3356769320036506e-05,-5.4280561145869655e-06,-1.4210854715202004e-14,2.1477190350252184e-05,2.14771924220066e-05,2.0717544162907022e-12,0.0014440803833805215,0.0008009180707883235,9.162130700977897e-08,-0.0004432045820976782,-8.353500504654221e-07
D2_50P_lam1,225.0,34.5207071566321,1.0,-0.00044414393959250946,-0.00044414393959250946,2.2349316845281717e-05,-1.0001878164335454e-06,-1.0001878196774783e-06,-1.0001878183590884e-06,0.999999999750254,2.234931742780405e-05,0.999999999750254,2.2354843938880446e-05,2.19826164958526e-12,1.0000000000000002,2.199492220873906e-12,2.2354843354869704e-05,2.2354843354869704e-05,0.0,0.0,0.0,0.0004447060565216481,-2.1180492262518058e-05,3.654480584902586e-05,-5.7264370261211894e-06,-7.105427357601002e-15,2.234931522814459e-05,2.2349317426409436e-05,2.198264844067877e-12,0.001444079019014665,0.0008009198674802543,1.02649265920047e-07,-0.0004441439395748148,-9.037472494810572e-07
D2_50P_lam1,226.0,34.674132521772684,1.0,-0.00044501207660217724,-0.00044501207660217724,2.3126035588968484e-05,-1.1247261594155011e-06,-1.1247261619586058e-06,-1.1247261612716553e-06,0.9999999997325932,2.31260361941647e-05,0.9999999997325932,2.312952393211812e-05,2.1112507902687294e-12,0.9999999999999999,2.1118610940195444e-12,2.3129523326134094e-05,2.3129523326134094e-05,0.0,0.0,0.0,0.0004456126571977035,-2.14673423761802e-05,3.9243305767655556e-05,-6.039900412924126e-06,-7.105427357601002e-15,2.3126034081368128e-05,2.3126036192619003e-05,2.1112508739686165e-12,0.0014440778602362262,0.0008009199939307429,1.1644672141022537e-07,-0.0004450120765966403,-8.275663248014098e-07
D2_50P_lam1,227.0,34.82755788691327,1.0,-0.00044579907220921314,-0.00044579907220921314,2.3841674874096095e-05,-1.2625620900638679e-06,-1.2625620932453507e-06,-1.2625620917014468e-06,0.9999999997157873,2.3841675492395357e-05,0.9999999997157871,2.3845938429341403e-05,2.059729877614449e-12,1.0,2.0605906043299037e-12,2.3845937810024627e-05,2.3845937810024627e-05,0.0,0.0,0.0,0.00044643627599313273,-2.1565621210362096e-05,4.230357758894243e-05,-6.358688947272206e-06,-1.4210854715202004e-14,2.3841673430973273e-05,2.3841675490702477e-05,2.059729204352943e-12,0.001444077714975164,0.0008009196152104335,1.295828252839311e-07,-0.0004457990722244176,-8.942154607893826e-07
D2_50P_lam1,228.0,34.98098325205386,1.0,-0.000446800507498097,-0.000446800507498097,2.4790028698539213e-05,-1.417381936624773e-06,-1.417381940069934e-06,-1.417381938456641e-06,0.9999999996927271,2.4790029358320128e-05,0.9999999996927272,2.4796522050081374e-05,2.2186791830732e-12,1.0000000000000002,2.2200634091893882e-12,2.479652138868082e-05,2.479652138868082e-05,0.0,0.0,0.0,0.00044748792638244167,-2.1428993118965955e-05,4.578141333855257e-05,-6.687538548433292e-06,-2.1316282072803006e-14,2.4790027137738134e-05,2.4790029356417316e-05,2.2186791830732e-12,0.0014440785949559273,0.0008009198699563609,1.4129290072596036e-07,-0.0004468005075182191,-1.029437868282912e-06
D2_50P_lam1,229.0,35.134408617194445,1.0,-0.0004478579479696488,-0.0004478579479696488,2.569014125676902e-05,-1.5382852352752163e-06,-1.538285238144449e-06,-1.5382852371834121e-06,0.9999999996700083,2.569014194603307e-05,0.9999999996700084,2.569511619610642e-05,2.1746466093484858e-12,1.0,2.1754718955159247e-12,2.5695115505799065e-05,2.5695115505799065e-05,0.0,0.0,0.0,0.0004485943330331657,-2.1206957972808027e-05,4.874040256064305e-05,-7.03939435847678e-06,0.0,2.5690139769266822e-05,2.5690141943913393e-05,2.1746465718446697e-12,0.001444078868079999,0.0008009203467158162,1.5041707590414864e-07,-0.00044785794796098344,-9.918511949535969e-07
D2_50P_lam1,230.0,35.28783398233503,1.0,-0.0004487842099075106,-0.0004487842099075106,2.6508783132418364e-05,-1.6487100361756157e-06,-1.6487100392703624e-06,-1.6487100380283004e-06,0.9999999996486423,2.650878383521578e-05,0.9999999996486421,2.651329203890313e-05,2.0801858737990233e-12,1.0,2.0808949928572854e-12,2.6513291335226792e-05,2.6513291335226792e-05,0.0,0.0,0.0,0.0004495665909378523,-2.151264238003936e-05,5.181136797860475e-05,-7.409807367741994e-06,-7.105427357601002e-15,2.6508781752701765e-05,2.6508783832886836e-05,2.0801850709526176e-12,0.0014440768378570824,0.0008009194843233323,1.5457686998279456e-07,-0.0004487842099081263,-9.984834150600364e-07
D2_50P_lam1,231.0,35.44125934747562,1.0,-0.0004498549147981093,-0.0004498549147981093,2.7535807354454053e-05,-1.76961117391225e-06,-1.7696111776766e-06,-1.769611175869018e-06,0.9999999996208895,2.753580809644984e-05,0.9999999996208896,2.7542875677328844e-05,2.2198000146443328e-12,1.0000000000000002,2.2211702694398843e-12,2.7542874933757146e-05,2.7542874933757146e-05,0.0,0.0,0.0,0.00045069715386228414,-2.2072812923656926e-05,5.542698686689107e-05,-7.79838288333945e-06,0.0,2.753580587403978e-05,2.7535808093839795e-05,2.2198000146443328e-12,0.001444073645438342,0.0008009163956650456,1.5943794764393376e-07,-0.0004498549147911035,-1.1549400653620978e-06
D2_50P_lam1,232.0,35.59468471261621,1.0,-0.00045109409002548764,-0.00045109409002548764,2.8590741964295005e-05,-1.8533691906325034e-06,-1.8533691937723529e-06,-1.8533691926413132e-06,0.9999999995912846,2.8590742742892905e-05,0.9999999995912846,2.8597583060114737e-05,2.2383753208503634e-12,1.0000000000000002,2.2395057459539627e-12,2.8597582280145647e-05,2.8597582280145647e-05,0.0,0.0,0.0,0.00045199952309852274,-2.224802501993306e-05,5.862498438080621e-05,-8.218947464944115e-06,-7.105427357601002e-15,2.8590740501597038e-05,2.8590742739971424e-05,2.238374384668064e-12,0.0014440716566962136,0.0008009123431924222,1.6870439646506946e-07,-0.0004510940900388505,-1.1815063771791756e-06
D2_50P_lam1,233.0,35.74811007775679,1.0,-0.0004522179275434534,-0.0004522179275434534,2.9550201659874363e-05,-1.9283373583305063e-06,-1.9283373612899446e-06,-1.9283373602803355e-06,0.9999999995633926,2.9550202454006423e-05,0.9999999995633928,2.9555469129741033e-05,2.128675700322354e-12,0.9999999999999999,2.1293555471293424e-12,2.9555468334733795e-05,2.9555468334733795e-05,0.0,0.0,0.0,0.0004531825922720642,-2.2234968793166665e-05,6.171781512787078e-05,-8.67251289587978e-06,0.0,2.955020032210598e-05,2.9550202450781142e-05,2.1286751615692193e-12,0.0014440708163568153,0.0008009098443227075,1.7437251403366967e-07,-0.00045221792754546186,-1.1400376251913258e-06
D2_50P_lam1,234.0,35.901535442897384,1.0,-0.00045337416528049164,-0.00045337416528049164,3.0666859731534215e-05,-2.024025762086684e-06,-2.0240257658545036e-06,-2.024025764275905e-06,0.9999999995297719,3.066686056006501e-05,0.9999999995297717,3.067406477503297e-05,2.2111066441689748e-12,1.0000000000000002,2.212319908093571e-12,3.067406394510841e-05,3.067406394510841e-05,0.0,0.0,0.0,0.0004544104879810926,-2.260685461152878e-05,6.542127214581583e-05,-9.152674223245061e-06,-1.4210854715202004e-14,3.066685834535347e-05,3.066686055646011e-05,2.2111066441689748e-12,0.0014440692234193042,0.000800910020538626,1.7662651333779107e-07,-0.00045337416528923313,-1.2694761863940585e-06
D2_50P_lam1,235.0,36.05496080803797,1.0,-0.00045475687991688584,-0.00045475687991688584,3.1882709192725756e-05,-2.0889370491161685e-06,-2.0889370528805185e-06,-2.088937051222123e-06,0.9999999994917464,3.188271006370382e-05,0.9999999994917464,3.189119377991401e-05,2.290587478267763e-12,1.0000000000000002,2.292013978109091e-12,3.189119290730216e-05,3.189119290730216e-05,0.0,0.0,0.0,0.00045587357033194327,-2.3615815097688397e-05,6.890518896263131e-05,-9.667934098123165e-06,0.0,3.1882707769069654e-05,3.188271005965561e-05,2.2905859543327615e-12,0.0014440665673415955,0.0008009113115080809,1.810761314145957e-07,-0.00045475687991825,-1.3625747641299313e-06
D2_50P_lam1,236.0,36.20838617317855,1.0,-0.0004560993148073192,-0.0004560993148073192,3.2986050526949675e-05,-2.1343609433281674e-06,-2.134360946592917e-06,-2.134360945638819e-06,0.9999999994559602,3.298605141729994e-05,0.99999999945596,3.299247609748097e-05,2.1992201197790933e-12,1.0,2.2000081564351984e-12,3.299247520614397e-05,3.299247520614397e-05,0.0,0.0,0.0,0.0004572908802016734,-2.5051289255673126e-05,7.210018222902903e-05,-1.0223047684498887e-05,-7.105427357601002e-15,3.298604921359324e-05,3.298605141281304e-05,2.1992197973016345e-12,0.001444063736191332,0.0008009114518860197,1.8289290107011414e-07,-0.000456099314817493,-1.3026958072259731e-06
D2_50P_lam1,237.0,36.361811538319145,1.0,-0.00045736227151977547,-0.00045736227151977547,3.417579925603805e-05,-2.1931450287539234e-06,-2.1931450325356205e-06,-2.1931450310160028e-06,0.9999999994160073,3.417580017544515e-05,0.9999999994160075,3.418284807841765e-05,2.2064854329781966e-12,1.0,2.207492617807767e-12,3.418284715784292e-05,3.418284715784292e-05,0.0,0.0,0.0,0.0004586377278040514,-2.662820606424976e-05,7.586774903556304e-05,-1.0806661776274762e-05,-1.4210854715202004e-14,3.4175797963971935e-05,3.417580017045641e-05,2.206484474566012e-12,0.0014440603003637727,0.0008009098169850267,1.8264243731787225e-07,-0.0004573622715327019,-1.3686907180954222e-06
D2_50P_lam1,238.0,36.51523690345973,1.0,-0.00045883669623086014,-0.00045883669623086014,3.551931250039074e-05,-2.2396532025278915e-06,-2.2396532066287778e-06,-2.2396532047622153e-06,0.9999999993691894,3.5519313465769024e-05,0.999999999369189,3.552872212555635e-05,2.3236704186471404e-12,0.9999999999999999,2.32526790770411e-12,3.552872115845299e-05,3.552872115845299e-05,0.0,0.0,0.0,0.0004602099822321283,-2.802388897449326e-05,7.968053679041631e-05,-1.1418300943089044e-05,-7.105427357601002e-15,3.551931113650096e-05,3.5519313460168293e-05,2.3236673353304866e-12,0.001444055647935048,0.0008009069660499711,1.8505440138405182e-07,-0.00045883669625368384,-1.5131443404925449e-06
D2_50P_lam1,239.0,36.668662268600315,1.0,-0.00046038856021423963,-0.00046038856021423963,3.675823983521136e-05,-2.2850985934470824e-06,-2.2850985965661152e-06,-2.285098595726509e-06,0.9999999993244159,3.675824082557426e-05,0.9999999993244157,3.6766187399967404e-05,2.2863633714161377e-12,0.9999999999999999,2.2873871168402316e-12,3.676618640839935e-05,3.676618640839935e-05,0.0,0.0,0.0,0.00046185410336384796,-2.8961010022032774e-05,8.31273132382293e-05,-1.2065749234790868e-05,0.0,3.6758238533004034e-05,3.6758240819366235e-05,2.2863621978788557e-12,0.0014440506938091676,0.0008009033337059314,1.841489453777403e-07,-0.000460388560213687,-1.4842655673419358e-06
D2_50P_lam1,240.0,36.82208763374091,1.0,-0.00046180522737594373,-0.00046180522737594373,3.800864814675732e-05,-2.3564801761057075e-06,-2.3564801801510826e-06,-2.356480178732079e-06,0.9999999992776712,3.80086491613747e-05,0.9999999992776712,3.8015790552347294e-05,2.2179716337986138e-12,1.0,2.218829306250903e-12,3.801578953672622e-05,3.801578953672622e-05,0.0,0.0,0.0,0.00046336714066487397,-3.009942555731726e-05,8.703094888540264e-05,-1.2737683971142388e-05,-7.105427357601002e-15,3.8008646936540104e-05,3.800864915450908e-05,2.217968971555033e-12,0.0014440457122071718,0.0008008994637650322,1.8127529915618836e-07,-0.0004618052273883677,-1.4816450857324526e-06
D2_50P_lam1,241.0,36.97551299888149,1.0,-0.00046335185039930065,-0.00046335185039930065,3.9426168270298416e-05,-2.4364602515224154e-06,-2.436460255810652e-06,-2.436460253857353e-06,0.9999999992227886,3.942616933128438e-05,0.9999999992227889,3.9435826484673056e-05,2.3407061871894452e-12,0.9999999999999998,2.3422871675448797e-12,3.943582542204274e-05,3.943582542204274e-05,0.0,0.0,0.0,0.0004650268057421854,-3.2199661372467325e-05,9.122104408243459e-05,-1.342442242030506e-05,0.0,3.942616698291844e-05,3.942616932362245e-05,2.3407040140267082e-12,0.0014440398286014156,0.0008008961313372609,1.8450196069889338e-07,-0.0004633518503851519,-1.6368981761161194e-06
D2_50P_lam1,242.0,37.128938364022076,1.0,-0.00046507902375172267,-0.00046507902375172267,4.0760570361776685e-05,-2.5253621554199857e-06,-2.525362158674327e-06,-2.5253621578312513e-06,0.9999999991692878,4.076057145427881e-05,0.9999999991692882,4.077004581371068e-05,2.381114545539225e-12,0.9999999999999999,2.3824576407284687e-12,4.0770044719742745e-05,4.0770044719742745e-05,0.0,0.0,0.0,0.0004668623999844065,-3.4556184715262006e-05,9.502921866699765e-05,-1.413351514595318e-05,0.0,4.076056906469929e-05,4.076057144581433e-05,2.3811150398335054e-12,0.0014440333635616955,0.0008008935371837153,1.8983913531929166e-07,-0.00046507902374059995,-1.6627816847858412e-06
D2_50P_lam1,243.0,37.28236372916267,1.0,-0.00046667741376423607,-0.00046667741376423607,4.2016196841218474e-05,-2.642474732354738e-06,-2.642474736157252e-06,-2.6424747350435596e-06,0.9999999991173194,4.201619795455425e-05,0.9999999991173196,4.2023699955937375e-05,2.25631357371921e-12,0.9999999999999999,2.257141737653866e-12,4.202369884164823e-05,4.202369884164823e-05,0.0,0.0,0.0,0.00046856549437297127,-3.659931501931446e-05,9.908859834828476e-05,-1.485590958127947e-05,-2.1316282072803006e-14,4.201619568897088e-05,4.2016197945284417e-05,2.2563135356213215e-12,0.0014440271306246828,0.0008008911017789882,1.9222713292272928e-07,-0.0004666774137547236,-1.6007126504291591e-06
D2_50P_lam1,244.0,37.43578909430325,1.0,-0.00046828044904421263,-0.00046828044904421263,4.34340233386547e-05,-2.7883921343979656e-06,-2.7883921390990662e-06,-2.788392136798823e-06,0.9999999990567427,4.343402449641667e-05,0.9999999990567426,4.344326627062222e-05,2.351230212305346e-12,1.0,2.3526283099670345e-12,4.344326511143655e-05,4.344326511143655e-05,0.0,0.0,0.0,0.0004702910751104146,-3.89327745552448e-05,0.00010359592864839229,-1.5573464864249154e-05,0.0,4.343402213494515e-05,4.343402448617507e-05,2.351229921975716e-12,0.001444020656150386,0.0008008881804653183,1.929214164690754e-07,-0.00046828044904145827,-1.7207952396347537e-06
D2_50P_lam1,245.0,37.58921445944384,1.0,-0.00047011900423799756,-0.00047011900423799756,4.480826751281867e-05,-2.946077059161334e-06,-2.9460770624573085e-06,-2.946077061607294e-06,0.9999999989961095,4.4808268708419985e-05,0.9999999989961096,4.481886129787787e-05,2.4730764638961126e-12,0.9999999999999999,2.4747084703444344e-12,4.481886010060995e-05,4.481886010060995e-05,0.0,0.0,0.0,0.0004722503451626879,-4.129367115313087e-05,0.00010775711296417967,-1.6290375865424256e-05,-7.105427357601002e-15,4.480826622409738e-05,4.480826869717391e-05,2.4730765280635105e-12,0.0014440139144641024,0.0008008848066226016,1.9268685080663498e-07,-0.0004701190042339931,-1.8168499309467734e-06
D2_50P_lam1,246.0,37.74263982458442,1.0,-0.00047191414892446893,-0.00047191414892446893,4.604442736651358e-05,-3.1052994398234057e-06,-3.105299443674492e-06,-3.1052994423907965e-06,0.9999999989399552,4.604442858176764e-05,0.9999999989399553,4.6052812778845386e-05,2.3272392825476213e-12,1.0,2.32819165311995e-12,4.605281156254134e-05,4.605281156254134e-05,0.0,0.0,0.0,0.00047415569711588724,-4.320155360093558e-05,0.00011190244112002645,-1.7003374815194316e-05,-7.105427357601002e-15,4.60444262423244e-05,4.6044428569564455e-05,2.3272400574940994e-12,0.00144400777322183,0.0008008817601473945,1.9361459582211617e-07,-0.0004719141489033518,-1.7464381301124376e-06
D2_50P_lam1,247.0,37.896065189725014,1.0,-0.00047361188048941546,-0.00047361188048941546,4.742916726428102e-05,-3.2719110536795493e-06,-3.2719110583459554e-06,-3.271911056052651e-06,0.999999998875237,4.742916852042538e-05,0.999999998875237,4.743811300364689e-05,2.366285518159207e-12,1.0,2.3674599317396023e-12,4.743811174629258e-05,4.743811174629258e-05,0.0,0.0,0.0,0.0004759814875234951,-4.493911386027616e-05,0.000116520163651046,-1.7693113563810314e-05,-7.105427357601002e-15,4.742916614080141e-05,4.742916850708783e-05,2.3662864196625476e-12,0.0014440030223230266,0.0008008796107439783,1.9769911323181843e-07,-0.000473611880494218,-1.8129934176158713e-06
D2_50P_lam1,248.0,38.0494905548656,1.0,-0.0004755401357404363,-0.0004755401357404363,4.8812913069636724e-05,-3.4284375410621737e-06,-3.4284375445073345e-06,-3.4284375432964975e-06,0.9999999988086498,4.881291436826832e-05,0.9999999988086496,4.882440269988757e-05,2.552315693356049e-12,1.0000000000000002,2.5541003570507147e-12,4.882440139948943e-05,4.882440139948943e-05,0.0,0.0,0.0,0.00047803974580433044,-4.605051117312353e-05,0.00012085698370567499,-1.836248009312591e-05,0.0,4.881291180141069e-05,4.881291435372638e-05,2.552315693356049e-12,0.0014439996603608889,0.000800878092888818,2.0498169203855005e-07,-0.00047554013573858356,-1.972674567696231e-06
D2_50P_lam1,249.0,38.202915920006184,1.0,-0.00047755722964617304,-0.00047755722964617304,5.002969748561121e-05,-3.5718595446515566e-06,-3.571859548356926e-06,-3.571859547434053e-06,0.9999999987485148,5.002969880512546e-05,0.9999999987485145,5.003971621592267e-05,2.4273151071963443e-12,1.0,2.4285237032843287e-12,5.003971489514384e-05,5.003971489514384e-05,0.0,0.0,0.0,0.0004801714770894324,-4.672858977738947e-05,0.00012495240994692125,-1.9017693815237546e-05,-7.105427357601002e-15,5.0029696362161183e-05,5.002969878947274e-05,2.4273115615597656e-12,0.0014439961847510891,0.0008008765018818174,2.1358921501986862e-07,-0.00047755722962961045,-1.9434116040883964e-06
D2_50P_lam1,250.0,38.356341285146776,1.0,-0.0004794269589279989,-0.0004794269589279989,5.135216838215706e-05,-3.7270677722099632e-06,-3.7270677769145333e-06,-3.727067774631637e-06,0.9999999986814774,5.135216973792771e-05,0.9999999986814774,5.1361385611152315e-05,2.3933246691238245e-12,1.0,2.394336633216691e-12,5.1361384254305476e-05,5.1361384254305476e-05,0.0,0.0,0.0,0.0004821700655392516,-4.812064459502885e-05,0.00012948930428269279,-1.96451948262788e-05,0.0,5.135216732767522e-05,5.135216972100046e-05,2.3933252434218994e-12,0.001443991637689163,0.0008008741331486713,2.1894904108620583e-07,-0.00047942695894676035,-1.9450225181572023e-06
D2_50P_lam1,251.0,38.50976665028736,1.0,-0.0004814472746527386,-0.0004814472746527386,5.2716897503484815e-05,-3.88393593371561e-06,-3.8839359374313875e-06,-3.8839359360332e-06,0.9999999986104642,5.271689890438289e-05,0.9999999986104642,5.272895495817915e-05,2.61088003679722e-12,0.9999999999999999,2.612623486601362e-12,5.2728953555560854e-05,5.2728953555560854e-05,0.0,0.0,0.0,0.00048432587618940567,-4.961430588845683e-05,0.00013389574371824864,-2.0246261726197812e-05,0.0,5.271689627519113e-05,5.271689888606978e-05,2.6108786506361454e-12,0.0014439874649706105,0.0008008709665829404,2.224633534329709e-07,-0.00048144727466592485,-2.124995788221895e-06
D2_50P_lam1,252.0,38.663192015427946,1.0,-0.0004836769505281757,-0.0004836769505281757,5.3919092625828506e-05,-4.036061052949819e-06,-4.03606105645396e-06,-4.036061055527618e-06,0.9999999985463657,5.391909405062418e-05,0.9999999985463657,5.3931167751075755e-05,2.5453068624854254e-12,0.9999999999999999,2.5468567629585756e-12,5.393116632471929e-05,5.393116632471929e-05,0.0,0.0,0.0,0.00048667411167545625,-5.018878788631831e-05,0.00013795112509784602,-2.0833666477926283e-05,0.0,5.391909148572335e-05,5.391909403102926e-05,2.5453059034137116e-12,0.0014439847671792938,0.0008008681832619374,2.2622589908088056e-07,-0.00048367695052320414,-2.168883995068427e-06
D2_50P_lam1,253.0,38.81661738056854,1.0,-0.0004857850426584551,-0.0004857850426584551,5.518620981282928e-05,-4.203375274791643e-06,-4.203375279565602e-06,-4.203375277456178e-06,0.9999999984772411,5.518621126909588e-05,0.9999999984772411,5.519643126452941e-05,2.4326909413753904e-12,1.0,2.4336816112284416e-12,5.5196429807202285e-05,5.5196429807202285e-05,0.0,0.0,0.0,0.0004889105209816018,-5.0278877550269385e-05,0.0001423751249829408,-2.1402598489594915e-05,0.0,5.518620881539648e-05,5.518621124808823e-05,2.432691751113848e-12,0.001443983154877098,0.0008008668832041449,2.2409725450609307e-07,-0.0004857850426560617,-2.125812770259472e-06
D2_50P_lam1,254.0,38.97004274570912,1.0,-0.0004879285760600477,-0.0004879285760600477,5.6543955105601945e-05,-4.3736319567874715e-06,-4.373631960728763e-06,-4.373631958935059e-06,0.9999999984013905,5.6543956607284147e-05,0.9999999984013905,5.6556462180843346e-05,2.6487857533107153e-12,1.0000000000000002,2.650339006674356e-12,5.6556460677583644e-05,5.6556460677583644e-05,0.0,0.0,0.0,0.0004911951139402853,-5.022483632377561e-05,0.00014682399873144902,-2.1953128316931636e-05,7.105427357601002e-15,5.654395393590054e-05,5.654395658468632e-05,2.648785778594172e-12,0.0014439824450707523,0.0008008667782962208,2.1925873127799811e-07,-0.0004879285760637231,-2.2846720497682327e-06
D2_50P_lam1,255.0,39.12346811084971,1.0,-0.0004903543867544169,-0.0004903543867544169,5.7757947955806716e-05,-4.522402064405934e-06,-4.522402068208448e-06,-4.522402067271697e-06,0.9999999983320099,5.7757949484608636e-05,0.9999999983320095,5.777224559219983e-05,2.6629682162554703e-12,1.0000000000000002,2.664826831366494e-12,5.7772244061565115e-05,5.7772244061565115e-05,0.0,0.0,0.0,0.0004937456249526793,-5.0112405585500674e-05,0.00015086083071169654,-2.250052590468954e-05,0.0,5.7757946797555134e-05,5.775794946052398e-05,2.6629688457250684e-12,0.0014439822410901577,0.0008008669299555709,2.1781805726275147e-07,-0.0004903543867555982,-2.4113719945262346e-06
D2_50P_lam1,256.0,39.2768934759903,1.0,-0.0004927513200522246,-0.0004927513200522246,5.89798039542346e-05,-4.6677864020475135e-06,-4.667786406249014e-06,-4.667786404625313e-06,0.9999999982606912,5.8979805510110916e-05,0.9999999982606912,5.899181642035622e-05,2.482548514397938e-12,0.9999999999999999,2.483674093724215e-12,5.8991814863284574e-05,5.8991814863284574e-05,0.0,0.0,0.0,0.0004962696876229793,-5.0205199994657335e-05,0.00015512572810072456,-2.30486186132417e-05,-7.105427357601002e-15,5.8979803001913524e-05,5.8979805484462006e-05,2.482548485464361e-12,0.001443981822401982,0.00080086670906851,2.1302925858704622e-07,-0.0004927513200527756,-2.3525141585878373e-06
D2_50P_lam1,257.0,39.430318841130884,1.0,-0.0004950594150757369,-0.0004950594150757369,6.03095021239058e-05,-4.820243856833162e-06,-4.820243861034662e-06,-4.820243858946055e-06,0.9999999981813822,6.030950372327387e-05,0.9999999981813819,6.03223328792021e-05,2.6735183153769765e-12,1.0,2.674835890726151e-12,6.0322331278448754e-05,6.0322331278448754e-05,0.0,0.0,0.0,0.0004987206606084467,-5.05516867594924e-05,0.00015953491446296653,-2.3594889371203465e-05,0.0,6.030950102233447e-05,6.0309503695852695e-05,2.6735182259748286e-12,0.0014439803689137126,0.0008008658582556405,2.0506871017766572e-07,-0.0004950594150727738,-2.4369295630322085e-06
D2_50P_lam1,258.0,39.58374420627147,1.0,-0.0004976251792041021,-0.0004976251792041021,6.150919125526114e-05,-4.957537656277017e-06,-4.957537659815853e-06,-4.957537658865224e-06,0.9999999981083098,6.150919288421364e-05,0.9999999981083098,6.152495864474932e-05,2.759408585912783e-12,1.0000000000000002,2.7614326323461936e-12,6.152495701382912e-05,6.152495701382912e-05,0.0,0.0,0.0,0.0005014137895796933,-5.1383269655369546e-05,0.00016354683259001135,-2.41486296095883e-05,0.0,6.150919009571465e-05,6.150919285512324e-05,2.759408585912783e-12,0.0014439772180320808,0.0008008641780673964,1.984080584170809e-07,-0.00049762517917884,-2.608369484846662e-06
D2_50P_lam1,259.0,39.73716957141206,1.0,-0.0005002761540498893,-0.0005002761540498893,6.266428324172776e-05,-5.093040274069954e-06,-5.093040278601052e-06,-5.093040277001637e-06,0.999999998036594,6.266428489440701e-05,0.9999999980365937,6.267820381281584e-05,2.547432873029701e-12,1.0,2.5488545460484134e-12,6.267820215871343e-05,6.267820215871343e-05,0.0,0.0,0.0,0.0005041869202564481,-5.2646060483385604e-05,0.00016765674187135815,-2.471533941217352e-05,-7.105427357601002e-15,6.26642823162138e-05,6.266428486364928e-05,2.5474354699999227e-12,0.0014439730560257035,0.0008008615607978449,1.8823060138029545e-07,-0.0005002761540424672,-2.5636774978465837e-06
D2_50P_lam1,260.0,39.890594936552645,1.0,-0.000502752534174247,-0.000502752534174247,6.393543818247722e-05,-5.232480115999888e-06,-5.232480120298533e-06,-5.232480118268906e-06,0.9999999979561298,6.393543987528109e-05,0.9999999979561298,6.394836527757142e-05,2.688942754088462e-12,1.0,2.6900833344562186e-12,6.394836358353411e-05,6.394836358353411e-05,0.0,0.0,0.0,0.0005068028931446138,-5.39589919529293e-05,0.00017198804385953892,-2.5287416023977993e-05,-2.1316282072803006e-14,6.393543715366784e-05,6.393543984261059e-05,2.688942754088462e-12,0.0014439688694530813,0.0008008585164185904,1.7670851331569998e-07,-0.0005027525341745331,-2.5547235651401934e-06
D2_50P_lam1,261.0,40.04402030169323,1.0,-0.0005053856011730696,-0.0005053856011730696,6.510031724540117e-05,-5.345640304230126e-06,-5.345640308070804e-06,-5.345640306859967e-06,0.999999997880974,6.510031896892741e-05,0.999999997880974,6.511640212421586e-05,2.827013923100495e-12,1.0000000000000002,2.828991680495546e-12,6.511640039877661e-05,6.511640039877661e-05,0.0,0.0,0.0,0.0005095629257774367,-5.519140896026453e-05,0.00017596563828181644,-2.5863838465478572e-05,0.0,6.510031610742716e-05,6.510031893444108e-05,2.827013923100495e-12,0.0014439647744622372,0.0008008558657227918,1.6898583477702452e-07,-0.0005053856011727476,-2.7319958491034413e-06
D2_50P_lam1,262.0,40.19744566683382,1.0,-0.0005082165258614974,-0.0005082165258614974,6.618624138988828e-05,-5.449926338236405e-06,-5.449926342816075e-06,-5.449926341192374e-06,0.999999997809691,6.618624313497703e-05,0.9999999978096907,6.620186474083779e-05,2.624287825118165e-12,1.0000000000000002,2.626090891421054e-12,6.620186299405102e-05,6.620186299405102e-05,0.0,0.0,0.0,0.0005125098493636816,-5.6305487537433585e-05,0.00017990854801563927,-2.6448968263648176e-05,7.105427357601002e-15,6.618624047444828e-05,6.618624309873592e-05,2.6242876410867753e-12,0.0014439606809883445,0.0008008538660364405,1.6016964759934442e-07,-0.00050821652587274,-2.7419976902365306e-06
D2_50P_lam1,263.0,40.35087103197441,1.0,-0.0005108695965524296,-0.0005108695965524296,6.738007010740214e-05,-5.562319190945131e-06,-5.562319195670518e-06,-5.562319193214149e-06,0.9999999977299633,6.7380071888671e-05,0.9999999977299631,6.739327376771658e-05,2.7012448767687467e-12,1.0000000000000002,2.7023426803590603e-12,6.739327198527195e-05,6.739327198527195e-05,0.0,0.0,0.0,0.0005152952966989847,-5.790725131127328e-05,0.0001840969458446473,-2.703367364598197e-05,0.0,6.738006914918785e-05,6.738007185043243e-05,2.7012445783449622e-12,0.001443955904802066,0.0008008521847687178,1.5005813728150349e-07,-0.0005108695965532206,-2.6606473255696983e-06
D2_50P_lam1,264.0,40.50429639711499,1.0,-0.0005135378205276588,-0.0005135378205276588,6.848853309813444e-05,-5.652907709329663e-06,-5.65290771348953e-06,-5.652907711862359e-06,0.9999999976546603,6.848853491004517e-05,0.9999999976546605,6.850411162045267e-05,2.8656817791993986e-12,1.0,2.8674399372074524e-12,6.850410980681408e-05,6.850410980681408e-05,0.0,0.0,0.0,0.0005180863961729752,-6.0304593499371784e-05,0.00018799158364535273,-2.7608639593224016e-05,-7.105427357601002e-15,6.848853200420664e-05,6.848853486988643e-05,2.865679788677516e-12,0.0014439502968112377,0.0008008502943195413,1.4229863515715264e-07,-0.0005135378205238794,-2.7998146379104583e-06
D2_50P_lam1,265.0,40.65772176225558,1.0,-0.000516469225838846,-0.000516469225838846,6.949471808888327e-05,-5.730528921898265e-06,-5.7305289262281345e-06,-5.730528924705047e-06,0.9999999975852419,6.949471992108964e-05,0.9999999975852417,6.951155737597138e-05,2.7025735180625177e-12,1.0000000000000002,2.7047305596370377e-12,6.951155554183635e-05,6.951155554183635e-05,0.0,0.0,0.0,0.0005211256108611857,-6.23437248082892e-05,0.00019174301402680172,-2.8175434641730668e-05,-7.105427357601002e-15,6.949471717656418e-05,6.94947198791377e-05,2.7025735180625177e-12,0.0014439449414635377,0.0008008480107396023,1.350506811781671e-07,-0.0005164692258290415,-2.8819309960681494e-06
D2_50P_lam1,266.0,40.81114712739617,1.0,-0.0005193016825093832,-0.0005193016825093832,7.059360180364524e-05,-5.812157095896192e-06,-5.812157100826276e-06,-5.81215709860583e-06,0.9999999975082717,7.059360366812657e-05,0.9999999975082715,7.060751406048283e-05,2.7212505821332638e-12,1.0000000000000002,2.722463768353365e-12,7.060751219475781e-05,7.060751219475781e-05,0.0,0.0,0.0,0.0005240794528369923,-6.357328775852267e-05,0.00019573724148269633,-2.872691987204634e-05,0.0,7.059360090290185e-05,7.059360362415188e-05,2.7212500254763437e-12,0.0014439404413689918,0.0008008455958597639,1.2937805554891004e-07,-0.0005193016825160157,-2.7752139146741683e-06
D2_50P_lam1,267.0,40.96457249253675,1.0,-0.0005220196536748581,-0.0005220196536748581,7.163219074930751e-05,-5.877990407857775e-06,-5.877990412291728e-06,-5.877990410331491e-06,0.9999999974344144,7.16321926433992e-05,0.9999999974344144,7.164707219285024e-05,2.875706917065197e-12,1.0,2.877207088250651e-12,7.164707029725868e-05,7.164707029725868e-05,0.0,0.0,0.0,0.000526913101023736,-6.474927777933015e-05,0.00019951381965999104,-2.925144421317416e-05,0.0,7.163218972174922e-05,7.163219259745614e-05,2.8757069127752758e-12,0.0014439363942174482,0.0008008432309196643,1.2471396506402764e-07,-0.0005220196536583899,-2.8478911531237827e-06
D2_50P_lam1,268.0,41.117997857677345,1.0,-0.000524997464816972,-0.000524997464816972,7.254674838542188e-05,-5.950649698806265e-06,-5.950649702910621e-06,-5.950649701717131e-06,0.9999999973684843,7.254675029851381e-05,0.9999999973684842,7.256427984790316e-05,2.778390228213826e-12,1.0,2.7807277689311608e-12,7.256427793277236e-05,7.256427793277236e-05,0.0,0.0,0.0,0.0005299881745115875,-6.604118864517172e-05,0.0002030819780136639,-2.9749287410563152e-05,0.0,7.254674747239654e-05,7.254675025078677e-05,2.778390228213826e-12,0.001443932286612357,0.0008008409328367844,1.196077893785237e-07,-0.0005249974648222633,-2.9928033313808555e-06
D2_50P_lam1,269.0,41.27142322281793,1.0,-0.0005280052603342611,-0.0005280052603342611,7.35248547414354e-05,-6.049741981782597e-06,-6.049741986605128e-06,-6.049741984454071e-06,0.9999999972970479,7.352485668332898e-05,0.9999999972970476,7.353997717201536e-05,2.7518277583518632e-12,1.0,2.7533201912729694e-12,7.35399752286871e-05,7.35399752286871e-05,0.0,0.0,0.0,0.0005331015467809137,-6.737642623100282e-05,0.00020688442024674458,-3.0217723819225828e-05,0.0,7.352485388181769e-05,7.352485663364761e-05,2.751829915486431e-12,0.0014439279924944272,0.000800838752043953,1.1619561294513077e-07,-0.0005280052603211516,-2.908186843342264e-06
D2_50P_lam1,270.0,41.424848587958515,1.0,-0.0005308138384748821,-0.0005308138384748821,7.44609683427489e-05,-6.1514720095558195e-06,-6.151472013906506e-06,-6.151472011769327e-06,0.9999999972277821,7.446097031309549e-05,0.9999999972277819,7.44753577764811e-05,2.869700192348522e-12,1.0,2.870993360261472e-12,7.44753558048257e-05,7.44753558048257e-05,0.0,0.0,0.0,0.0005360125829722363,-6.889568526236012e-05,0.00021054678355181267,-3.0646934672584614e-05,-7.105427357601002e-15,7.446096739178989e-05,7.446097026148943e-05,2.8696995451891046e-12,0.0014439237974479696,0.0008008366783993563,1.131019617931795e-07,-0.0005308138385089478,-2.8956050073247752e-06
D2_50P_lam1,271.0,41.57827395309911,1.0,-0.0005337964703717358,-0.0005337964703717358,7.525320034180661e-05,-6.266917129901101e-06,-6.266917133582184e-06,-6.266917132319305e-06,0.999999997168478,7.525320232966236e-05,0.9999999971684777,7.527069354531589e-05,2.8475383064721786e-12,1.0,2.8498213279453995e-12,7.52706915554643e-05,7.52706915554643e-05,0.0,0.0,0.0,0.0005390768758401951,-7.020004230062771e-05,0.00021393486933085626,-3.103493057837747e-05,-7.105427357601002e-15,7.525319942885381e-05,7.525320227639212e-05,2.8475383064721786e-12,0.0014439202950939905,0.0008008348105795059,1.1096035696203215e-07,-0.0005337964703358011,-3.062202011960835e-06
D2_50P_lam1,272.0,41.73169931823969,1.0,-0.0005369382425389535,-0.0005369382425389535,7.609635464000166e-05,-6.402618465694426e-06,-6.40261847043716e-06,-6.402618468542842e-06,0.9999999971046726,7.609635665392875e-05,0.9999999971046725,7.611288027754734e-05,2.7934787038102257e-12,0.9999999999999999,2.7953623933292715e-12,7.611287826192356e-05,7.611287826192356e-05,0.0,0.0,0.0,0.0005423056156126269,-7.099615717276464e-05,0.00021751379414913785,-3.138171054289929e-05,0.0,7.609635380536963e-05,7.60963565988489e-05,2.7934792709407145e-12,0.001443917774989892,0.0008008335926494858,1.1227638279307262e-07,-0.0005369382425328695,-3.042823522036997e-06
D2_50P_lam1,273.0,41.885124683380276,1.0,-0.0005398821173818431,-0.0005398821173818431,7.693397749224735e-05,-6.534659779379448e-06,-6.53465978407361e-06,-6.534659781724794e-06,0.9999999970405817,7.693397953378197e-05,0.9999999970405814,7.694847715820921e-05,2.867504831943541e-12,1.0000000000000002,2.868733231657938e-12,7.694847511543028e-05,7.694847511543028e-05,0.0,0.0,0.0,0.0005453378075406843,-7.133870906073092e-05,0.00022101183347533748,-3.1683800106818705e-05,-7.105427357601002e-15,7.693397660935688e-05,7.693397947686171e-05,2.867504831943541e-12,0.0014439166394268979,0.000800833231634509,1.115109700640762e-07,-0.0005398821173798751,-2.9704598034641094e-06
D2_50P_lam1,274.0,42.03855004852087,1.0,-0.0005428791621259126,-0.0005428791621259126,7.762320079121953e-05,-6.6642496841344545e-06,-6.664249688127788e-06,-6.664249686809398e-06,0.9999999969873193,7.762320284822931e-05,0.9999999969873192,7.7640408068872e-05,2.900670579294149e-12,1.0,2.902716669768865e-12,7.764040601002475e-05,7.764040601002475e-05,0.0,0.0,0.0,0.0005484025224295441,-7.099271026578258e-05,0.0002241535148730378,-3.194132715345077e-05,0.0,7.762319988909892e-05,7.762320278976745e-05,2.9006685293755237e-12,0.0014439171622443612,0.0008008334045189754,1.0982424974393508e-07,-0.0005428791621397977,-3.124357334627348e-06
D2_50P_lam1,275.0,42.19197541366145,1.0,-0.0005461308320668974,-0.0005461308320668974,7.835561086285285e-05,-6.800328310952591e-06,-6.800328315265114e-06,-6.800328313738557e-06,0.9999999969301989,7.83556129433269e-05,0.9999999969301988,7.837376214822396e-05,2.8487822259951326e-12,1.0,2.851041622809939e-12,7.837376006579342e-05,7.837376006579342e-05,0.0,0.0,0.0,0.0005517253118370556,-7.044795806832038e-05,0.000227426309834744,-3.215813555829117e-05,0.0,7.835561003441177e-05,7.83556128831939e-05,2.848782122523872e-12,0.001443918208593808,0.0008008337560753852,1.1376794345792538e-07,-0.0005461308320491298,-3.195776656639282e-06
D2_50P_lam1,276.0,42.34540077880204,1.0,-0.0005492707154216616,-0.0005492707154216616,7.911799328017492e-05,-6.938089585371843e-06,-6.938089590249885e-06,-6.9380895876061666e-06,0.9999999968701715,7.911799538792944e-05,0.9999999968701714,7.913356201156924e-05,2.8771520093044753e-12,0.9999999999999999,2.8784847542382614e-12,7.913355990249296e-05,7.913355990249296e-05,0.0,0.0,0.0,0.0005549413988177359,-7.013403670719232e-05,0.00023069896768301845,-3.2341249395162475e-05,7.105427357601002e-15,7.911799244887115e-05,7.911799532602332e-05,2.8771521682272614e-12,0.0014439191534328533,0.0008008340429442364,1.1560563352119309e-07,-0.0005492707154530763,-3.104129916664533e-06
D2_50P_lam1,277.0,42.49882614394263,1.0,-0.0005523390918847415,-0.0005523390918847415,7.97292597665393e-05,-7.080182507238075e-06,-7.080182510992017e-06,-7.080182509673627e-06,0.9999999968216227,7.972926188769263e-05,0.9999999968216224,7.974633127803389e-05,2.9359214520614576e-12,1.0,2.9376675886339715e-12,7.97463291552379e-05,7.97463291552379e-05,0.0,0.0,0.0,0.0005580657993411689,-6.933740610126637e-05,0.0002335699822739734,-3.249646306996423e-05,0.0,7.972925888842598e-05,7.972926182434303e-05,2.9359170481768856e-12,0.0014439207985567216,0.0008008342963372858,1.1268393644690608e-07,-0.0005523390918824589,-3.203679398211534e-06
D2_50P_lam1,278.0,42.652251509083214,1.0,-0.000555678074274594,-0.000555678074274594,8.037422103811254e-05,-7.230182423760556e-06,-7.230182428121651e-06,-7.230182426716525e-06,0.9999999967699923,8.037422317967483e-05,0.9999999967699922,8.039384316183901e-05,2.910013958012427e-12,0.9999999999999999,2.9124948821965047e-12,8.039384101814696e-05,8.039384101814696e-05,0.0,0.0,0.0,0.0005614630295615726,-6.818697870469848e-05,0.00023652236907079072,-3.2628313239801976e-05,0.0,8.037422020475715e-05,8.037422311477156e-05,2.910014404007565e-12,0.0014439231642596703,0.0008008347956134513,1.105817123766031e-07,-0.0005556780742494993,-3.349314397382841e-06
D2_50P_lam1,279.0,42.8056768742238,1.0,-0.0005590377206926593,-0.0005590377206926593,8.108491076054051e-05,-7.3743661522761295e-06,-7.3743661572131525e-06,-7.374366154788009e-06,0.9999999967126184,8.108491292928841e-05,0.9999999967126185,8.11023202474409e-05,2.902199465867339e-12,0.9999999999999999,2.903804086728316e-12,8.110231807716138e-05,8.110231807716138e-05,0.0,0.0,0.0,0.0005648895678292184,-6.699176060787071e-05,0.00023956842336270157,-3.2751138424158555e-05,0.0,8.108490996044564e-05,8.108491286264605e-05,2.902200417850601e-12,0.0014439260232529966,0.0008008354987266892,1.046658542447816e-07,-0.0005590377206772246,-3.2803169744966e-06
D2_50P_lam1,280.0,42.959102239364384,1.0,-0.0005622387081737246,-0.0005622387081737246,8.165063591249251e-05,-7.506382181565047e-06,-7.506382185492461e-06,-7.506382183903454e-06,0.9999999966665868,8.165063809294912e-05,0.9999999966665867,8.166789404638897e-05,2.953635241628964e-12,1.0,2.955144506560708e-12,8.166789186445173e-05,8.166789186445173e-05,0.0,0.0,0.0,0.000568138599656491,-6.552365627043866e-05,0.00024218107925610965,-3.2875900858986284e-05,0.0,8.165063507127026e-05,8.165063802490566e-05,2.9536354030820783e-12,0.0014439291340019695,0.0008008362944215693,9.49285085932946e-08,-0.0005622387081984925,-3.3008837476700137e-06
D2_50P_lam1,281.0,43.112527604504976,1.0,-0.0005656394881336115,-0.0005656394881336115,8.222347376099433e-05,-7.636981887174099e-06,-7.63698189143458e-06,-7.636981890025984e-06,0.9999999966196502,8.222347595769156e-05,0.9999999966196502,8.224395951655672e-05,2.9687329685633487e-12,1.0,2.971196040145341e-12,8.22439573177111e-05,8.22439573177111e-05,0.0,0.0,0.0,0.0005715868272694867,-6.453419279428552e-05,0.00024478692873586283,-3.300314839121965e-05,0.0,8.22234729194733e-05,8.222347588820542e-05,2.9687321157230115e-12,0.0014439314087284197,0.0008008372202453806,8.910375271046254e-08,-0.0005656394881725646,-3.4724217528037116e-06
D2_50P_lam1,282.0,43.26595296964556,1.0,-0.0005691835517123015,-0.0005691835517123015,8.288483643404066e-05,-7.767139461448136e-06,-7.767139466294953e-06,-7.767139463717154e-06,0.9999999965650518,8.288483865751679e-05,0.9999999965650519,8.290422061082746e-05,2.9404626455393507e-12,0.9999999999999999,2.9424413073368825e-12,8.290421838553904e-05,8.290421838553904e-05,0.0,0.0,0.0,0.0005751890413189299,-6.402030904606448e-05,0.0002475823638539154,-3.314670159720867e-05,7.105427357601002e-15,8.288483564587749e-05,8.288483858634013e-05,2.940462641157715e-12,0.0014439328665172412,0.0008008379195123911,8.582063772644519e-08,-0.0005691835517041,-3.4485670994399698e-06
D2_50P_lam1,283.0,43.419378334786146,1.0,-0.0005725366223650345,-0.0005725366223650345,8.341758495617661e-05,-7.890189454785174e-06,-7.890189458910346e-06,-7.890189457102764e-06,0.9999999965207534,8.341758719096155e-05,0.9999999965207531,8.343512345140043e-05,2.960162791266801e-12,0.9999999999999998,2.9615758387370357e-12,8.34351212152133e-05,8.34351212152133e-05,0.0,0.0,0.0,0.0005785836425709019,-6.363778355122918e-05,0.00024996312839054013,-3.331797769040579e-05,-7.105427357601002e-15,8.341758415823867e-05,8.341758711840246e-05,2.960163790520444e-12,0.0014439333941826415,0.0008008380746693598,8.187216855860872e-08,-0.0005725366223714445,-3.3824002514393214e-06
D2_50P_lam1,284.0,43.57280369992674,1.0,-0.0005759483522194855,-0.0005759483522194855,8.391461782077487e-05,-8.00272358339807e-06,-8.002723587249155e-06,-8.00272358627424e-06,0.9999999964791685,8.391462006658403e-05,0.9999999964791682,8.393481271709859e-05,3.0195305884829423e-12,1.0000000000000002,3.0217693943187434e-12,8.393481046928752e-05,8.393481046928752e-05,0.0,0.0,0.0,0.0005820317299187942,-6.426250985591686e-05,0.0002522121752619455,-3.3508102691481856e-05,0.0,8.391461697318926e-05,8.391461999272004e-05,3.019530776836652e-12,0.0014439321048425548,0.0008008376938737541,7.954828256825231e-08,-0.0005759483522069786,-3.5178747452846437e-06
D2_50P_lam1,285.0,43.72622906506732,1.0,-0.00057957237183276,-0.00057957237183276,8.452708464714723e-05,-8.106797610891309e-06,-8.106797615918537e-06,-8.106797613607886e-06,0.9999999964275857,8.452708691873729e-05,0.9999999964275857,8.454769458728649e-05,2.985291173983207e-12,0.9999999999999999,2.9876441699588087e-12,8.454769231364112e-05,8.454769231364112e-05,0.0,0.0,0.0,0.0005857062469031075,-6.540904644514178e-05,0.00025472334271148256,-3.3721843229084225e-05,-7.105427357601002e-15,8.452708385795533e-05,8.45270868432472e-05,2.9852918767481093e-12,0.0014439297609415646,0.0008008367704924357,7.861113689961648e-08,-0.0005795723718620138,-3.5518122558642062e-06
D2_50P_lam1,286.0,43.87965443020791,1.0,-0.0005830519767173431,-0.0005830519767173431,8.505476536534463e-05,-8.202285225890338e-06,-8.202285230105716e-06,-8.202285228103845e-06,0.9999999963828435,8.505476764960629e-05,0.9999999963828435,8.507265646130349e-05,2.9676671870369465e-12,0.9999999999999999,2.969155189133192e-12,8.507265417559966e-05,8.507265417559966e-05,0.0,0.0,0.0,0.0005892252191648941,-6.616799989922484e-05,0.00025689163946118754,-3.3969225058883e-05,0.0,8.50547646050247e-05,8.505476757269176e-05,2.967667060113703e-12,0.0014439272663969748,0.0008008355491734974,7.800863093603438e-08,-0.000583051976718707,-3.4414125309467636e-06
D2_50P_lam1,287.0,44.0330797953485,1.0,-0.0005864551969092977,-0.0005864551969092977,8.550447393453528e-05,-8.288015343034527e-06,-8.288015346861327e-06,-8.28801534590376e-06,0.9999999963444925,8.550447622423873e-05,0.9999999963444922,8.55237767077718e-05,3.055504768253199e-12,0.9999999999999999,3.0574280736799727e-12,8.552377441628881e-05,8.552377441628881e-05,0.0,0.0,0.0,0.0005926578918163351,-6.69630825468337e-05,0.000258781880754011,-3.423607450292465e-05,-7.105427357601002e-15,8.550447309059506e-05,8.55044761460985e-05,3.0555034373494746e-12,0.0014439248429703713,0.000800834337798758,7.905380195570125e-08,-0.0005864551969239074,-3.518666858326469e-06
D2_50P_lam1,288.0,44.186505160489084,1.0,-0.0005900893104365235,-0.0005900893104365235,8.60943279108489e-05,-8.372000875594282e-06,-8.372000880333547e-06,-8.37200087805759e-06,0.9999999962938836,8.609433022421567e-05,0.9999999962938834,8.61155996640101e-05,3.0299282996025127e-12,0.9999999999999999,3.0325017909578812e-12,8.611559734844382e-05,8.611559734844382e-05,0.0,0.0,0.0,0.0005963393424052683,-6.769966543485051e-05,0.00026096761819704994,-3.451909476581694e-05,0.0,8.609432711451764e-05,8.609433014444629e-05,3.0299286638266287e-12,0.0014439228022391957,0.0008008331410703596,8.053769064639361e-08,-0.00059008931043536,-3.623479528869211e-06
D2_50P_lam1,289.0,44.33993052562967,1.0,-0.0005937021560267372,-0.0005937021560267372,8.664745490786526e-05,-8.447628220289993e-06,-8.447628224859255e-06,-8.447628222482684e-06,0.9999999962461095,8.664745723646379e-05,0.9999999962461091,8.666635058452633e-05,2.98041562883622e-12,1.0000000000000002,2.9821480648062234e-12,8.666634825431766e-05,8.666634825431766e-05,0.0,0.0,0.0,0.0005999938792640209,-6.802707454367507e-05,0.0002629198960133472,-3.483034472889779e-05,0.0,8.664745417473231e-05,8.664745715514802e-05,2.980415700409875e-12,0.0014439209989418778,0.0008008319201191514,8.175274252481756e-08,-0.0005937021559816458,-3.5338921122729516e-06
D2_50P_lam1,290.0,44.49335589077026,1.0,-0.0005971570946577754,-0.0005971570946577754,8.707082404484529e-05,-8.492721381963414e-06,-8.492721385852664e-06,-8.492721384693869e-06,0.9999999962093356,8.707082637394421e-05,0.9999999962093353,8.708961290848588e-05,3.0743595596727108e-12,1.0,3.0760249883504734e-12,8.708961057779379e-05,8.708961057779379e-05,0.0,0.0,0.0,0.0006034737257296169,-6.859981374407464e-05,0.0002644062108667633,-3.5158075568197944e-05,0.0,8.707082321706996e-05,8.707082629143206e-05,3.074362102489668e-12,0.0014439187733885116,0.0008008307333113232,8.21260280239179e-08,-0.0005971570946599059,-3.543583687815044e-06
D2_50P_lam1,291.0,44.646781255910845,1.0,-0.0006007893233325752,-0.0006007893233325752,8.76237547854454e-05,-8.51759651093048e-06,-8.517596515909137e-06,-8.517596513799713e-06,0.9999999961610385,8.762375713416913e-05,0.9999999961610386,8.764528159672523e-05,3.0637511125670327e-12,1.0,3.066318692055494e-12,8.764527924580459e-05,8.764527924580459e-05,0.0,0.0,0.0,0.0006071480802094545,-6.974117260794e-05,0.0002661213095556114,-3.54928316293468e-05,0.0,8.762375398632276e-05,8.762375705007372e-05,3.0637509658628514e-12,0.0014439158999528928,0.0008008295220538901,8.115724410064366e-08,-0.0006007893233572759,-3.6846871012130578e-06
D2_50P_lam1,292.0,44.80020662105143,1.0,-0.0006045264688773881,-0.0006045264688773881,8.81775452517032e-05,-8.5322303330429e-06,-8.532230338052782e-06,-8.53223033542641e-06,0.9999999961123602,8.817754761841342e-05,0.99999999611236,8.819782146973885e-05,2.9985932971775486e-12,0.9999999999999999,3.0006806839193497e-12,8.819781910117602e-05,8.819781910117602e-05,0.0,0.0,0.0,0.0006109258562476391,-7.05648073358045e-05,0.0002677448462340415,-3.584672863016225e-05,0.0,8.81775445341214e-05,8.817754753271336e-05,2.9985919613120583e-12,0.0014439131888377768,0.00080082813178122,8.081042276261037e-08,-0.000604526468862332,-3.6458111765114154e-06
D2_50P_lam1,293.0,44.95363198619202,1.0,-0.0006080809456791364,-0.0006080809456791364,8.855569354088189e-05,-8.5081080337078e-06,-8.508108037860729e-06,-8.508108036493767e-06,0.9999999960789446,8.855569590474713e-05,0.9999999960789446,8.857436992602583e-05,3.0790206178389842e-12,1.0000000000000002,3.0805562914453246e-12,8.857436756066732e-05,8.857436756066732e-05,0.0,0.0,0.0,0.0006144974925081132,-7.128789526056334e-05,0.00026876541730525005,-3.621196536929272e-05,0.0,8.855569273891818e-05,8.85556958179388e-05,3.0790206178389842e-12,0.0014439102197865608,0.0008008266087982758,7.794125664903132e-08,-0.0006080809457102987,-3.5828006446081417e-06
D2_50P_lam1,294.0,45.10705735133261,1.0,-0.0006116920701101551,-0.0006116920701101551,8.901728571212775e-05,-8.466970793635092e-06,-8.466970798474971e-06,-8.466970796369017e-06,0.9999999960379613,8.901728808933114e-05,0.9999999960379612,8.903830993507035e-05,3.0784110349451862e-12,0.9999999999999999,3.0807705305003136e-12,8.903830755581389e-05,8.903830755581389e-05,0.0,0.0,0.0,0.0006181377438033628,-7.288707548380735e-05,0.0002699084339070623,-3.6572192229744616e-05,0.0,8.901728492274674e-05,8.901728800115715e-05,3.078410415778306e-12,0.0014439060160888475,0.0008008248147982053,7.073597200689788e-08,-0.0006116920701515483,-3.7003052568707062e-06
D2_50P_lam1,295.0,45.26048271647319,1.0,-0.0006154815562554258,-0.0006154815562554258,8.951735916941741e-05,-8.439990581934897e-06,-8.439990587076618e-06,-8.439990584380858e-06,0.9999999959933215,8.951736156657878e-05,0.9999999959933215,8.953856008445979e-05,3.0215671385646045e-12,1.0,3.0240099402977774e-12,8.953855768522299e-05,8.953855768522299e-05,0.0,0.0,0.0,0.0006219597626630876,-7.46941369477172e-05,0.00027115761095197755,-3.693361786843985e-05,0.0,8.951735845534505e-05,8.951736147691316e-05,3.021568101526425e-12,0.0014439010982683393,0.0008008225184733081,6.368172001928657e-08,-0.0006154815562240401,-3.717460401730932e-06
D2_50P_lam1,296.0,45.41390808161378,1.0,-0.0006191269909940343,-0.0006191269909940343,8.982198050331005e-05,-8.3929164763491e-06,-8.392916480411822e-06,-8.392916478937307e-06,0.9999999959660058,8.9821982896619e-05,0.9999999959660058,8.984070326342209e-05,3.0772659244774225e-12,0.9999999999999999,3.0788547660722977e-12,8.984070086859476e-05,8.984070086859476e-05,0.0,0.0,0.0,0.0006256107928952202,-7.65499803718761e-05,0.00027177731234173663,-3.729091666632156e-05,-7.105427357601002e-15,8.982197972876878e-05,8.982198280603436e-05,3.077265573866935e-12,0.0014438956066935853,0.0008008200146590207,5.535964907702516e-08,-0.0006191269909550101,-3.6064083133169333e-06
D2_50P_lam1,297.0,45.56733344675437,1.0,-0.0006226943728329672,-0.0006226943728329672,9.014728102677835e-05,-8.342105303323077e-06,-8.342105307979075e-06,-8.342105306369252e-06,0.9999999959367338,9.014728342544979e-05,0.9999999959367335,9.016712735029325e-05,3.0714699244974494e-12,1.0000000000000002,3.0735350533462063e-12,9.016712494978947e-05,9.016712494978947e-05,0.0,0.0,0.0,0.0006291880825585297,-7.875080945474178e-05,0.00027236857180890084,-3.7622821647043114e-05,-7.105427357601002e-15,9.014728026240797e-05,9.0147283333878e-05,3.0714700289616927e-12,0.0014438900434604318,0.0008008175987800696,4.434173097063183e-08,-0.000622694372850674,-3.6608851132768905e-06
D2_50P_lam1,298.0,45.72075881189495,1.0,-0.0006264487612306867,-0.0006264487612306867,9.055616627069507e-05,-8.314493789345068e-06,-8.314493794549238e-06,-8.31449379209287e-06,0.9999999958997904,9.055616868951198e-05,0.9999999958997902,9.057751765527608e-05,3.0518866229137656e-12,1.0,3.0545453178254824e-12,9.057751523426241e-05,9.057751523426241e-05,0.0,0.0,0.0,0.0006329625178008881,-8.046130324379508e-05,0.00027324493049540877,-3.7927229056100575e-05,0.0,9.055616554480422e-05,9.055616859668892e-05,3.0518846943196615e-12,0.0014438854115538093,0.0008008154284210624,3.818788511741686e-08,-0.0006264487611815639,-3.7346106864788453e-06
D2_50P_lam1,299.0,45.874184177035545,1.0,-0.0006301635942485663,-0.0006301635942485663,9.078447510214841e-05,-8.267235867696204e-06,-8.267235871887296e-06,-8.267235870024203e-06,0.9999999958790897,9.078447751828819e-05,0.9999999958790892,9.080361292969503e-05,3.074375873358146e-12,1.0000000000000002,3.0761889109671073e-12,9.080361051189686e-05,9.080361051189686e-05,0.0,0.0,0.0,0.0006366715751062301,-8.159459653656054e-05,0.0002735525865267263,-3.820322294795231e-05,0.0,9.078447435038362e-05,9.078447742475949e-05,3.074375873358146e-12,0.0014438817550214145,0.0008008137618154919,3.699752944957925e-08,-0.0006301635942236317,-3.6347115042190126e-06
D2_50P_lam1,300.0,46.02760954217613,1.0,-0.0006337181842221343,-0.0006337181842221343,9.096000015061906e-05,-8.220090111463185e-06,-8.220090115879791e-06,-8.22009011412772e-06,0.9999999958631395,9.09600025635987e-05,0.9999999958631391,9.097884979951103e-05,3.0528274152132798e-12,1.0000000000000002,3.0546315166714972e-12,9.097884738489409e-05,9.097884738489409e-05,0.0,0.0,0.0,0.0006402149070843248,-8.251293459560216e-05,0.0002736300292869309,-3.843398952452226e-05,-7.105427357601002e-15,9.095999941670172e-05,9.096000246952918e-05,3.052827449042354e-12,0.0014438790200529265,0.0008008125706297106,3.447011236020074e-08,-0.0006337181841900019,-3.6222877497493755e-06
D2_50P_lam1,301.0,46.181034907316715,1.0,-0.000637408169708498,-0.000637408169708498,9.124425584823387e-05,-8.213030396601873e-06,-8.21303040176094e-06,-8.213030399138038e-06,0.9999999958372426,9.12442582790837e-05,0.9999999958372425,9.126533019979783e-05,3.084840028641109e-12,1.0000000000000002,3.087473465434722e-12,9.12653277667772e-05,9.12653277667772e-05,0.0,0.0,0.0,0.0006439081618977178,-8.323961304357308e-05,0.0002741076679488863,-3.861377374003716e-05,-7.105427357601002e-15,9.124425509928812e-05,9.124425818412836e-05,3.0848402365520613e-12,0.0014438769274143115,0.0008008116344230166,3.698129334757226e-08,-0.0006374081697231304,-3.731438283693933e-06
D2_50P_lam1,302.0,46.33446027245731,1.0,-0.0006411810607213009,-0.0006411810607213009,9.138217569476576e-05,-8.201879539759815e-06,-8.201879544551122e-06,-8.20187954217802e-06,0.9999999958246493,9.138217812598442e-05,0.9999999958246489,9.14021921511744e-05,3.073870173640662e-12,1.0,3.076027101466722e-12,9.140218971808414e-05,9.140218971808414e-05,0.0,0.0,0.0,0.000647662496270818,-8.393328718692139e-05,0.00027416750142439383,-3.874813284976408e-05,0.0,9.138217495672416e-05,9.138217803059516e-05,3.0738710106990774e-12,0.001443875103867257,0.0008008108907919633,4.3614288079699244e-08,-0.0006411810607573898,-3.686485712250942e-06
D2_50P_lam1,303.0,46.48788563759789,1.0,-0.0006447811411135427,-0.0006447811411135427,9.139626851394653e-05,-8.180668436452015e-06,-8.180668440490452e-06,-8.180668439043692e-06,0.9999999958233611,9.139627093488495e-05,0.999999995823361,9.141477719955535e-05,3.039848865782978e-12,1.0,3.0415230196232237e-12,9.141477477708806e-05,9.141477477708806e-05,0.0,0.0,0.0,0.0006512285300992918,-8.437177776488003e-05,0.00027378139496914145,-3.883128462689456e-05,0.0,9.139626779960538e-05,9.13962708394531e-05,3.0398477061119233e-12,0.0014438740925644747,0.0008008104386439072,4.3522718937972325e-08,-0.0006447811411476323,-3.6179872324737516e-06
D2_50P_lam1,304.0,46.641311002738476,1.0,-0.0006484170352079221,-0.0006484170352079221,9.153061726060271e-05,-8.185164734719752e-06,-8.185164740100864e-06,-8.18516473755776e-06,0.9999999958110731,9.153061969457445e-05,0.9999999958110728,9.155120799290012e-05,3.1039110388466804e-12,1.0000000000000002,3.1063294435381537e-12,9.155120555687914e-05,9.155120555687914e-05,0.0,0.0,0.0,0.0006548476465916532,-8.425364559050408e-05,0.00027380705634305613,-3.885716446949683e-05,0.0,9.153061649481132e-05,9.153061959872103e-05,3.103909712406578e-12,0.0014438744606225051,0.0008008105091081167,4.1838552965834286e-08,-0.0006484170352223373,-3.724678492744715e-06
D2_50P_lam1,305.0,46.79473636787907,1.0,-0.0006522304981104321,-0.0006522304981104321,9.158313070606193e-05,-8.185237076945712e-06,-8.185237081792529e-06,-8.185237079294527e-06,0.9999999958062652,9.158313314401348e-05,0.9999999958062652,9.160434075882841e-05,3.0871843623372844e-12,1.0000000000000002,3.0896928796312804e-12,9.160433831876418e-05,9.160433831876418e-05,0.0,0.0,0.0,0.0006586312476091593,-8.349723283263e-05,0.00027363309618788634,-3.883663937992443e-05,0.0,9.158312996081012e-05,9.158313304799448e-05,3.0871843623372844e-12,0.0014438763327953082,0.0008008112146831593,3.8428836232995914e-08,-0.0006522304981331217,-3.761849683314722e-06
D2_50P_lam1,306.0,46.94816173301965,1.0,-0.00065594073457191,-0.00065594073457191,9.146410401963797e-05,-8.174581019038119e-06,-8.174581023187577e-06,-8.174581021466731e-06,0.9999999958171587,9.146410644220133e-05,0.9999999958171587,9.14832974966996e-05,3.0334448459243515e-12,1.0,3.0351731673971557e-12,9.148329507254853e-05,9.148329507254853e-05,0.0,0.0,0.0,0.0006622889213340546,-8.187494052247501e-05,0.0002728612568079214,-3.8778570075559404e-05,0.0,9.146410331311093e-05,9.146410634655578e-05,3.0334448459243515e-12,0.0014438799496800836,0.0008008124014762767,2.773464628773858e-08,-0.0006559407345889667,-3.676749003034274e-06
D2_50P_lam1,307.0,47.10158709816024,1.0,-0.0006595839961255472,-0.0006595839961255472,9.144100934797799e-05,-8.193768443447852e-06,-8.193768448509775e-06,-8.193768446195654e-06,0.9999999958192709,9.144101177571946e-05,0.9999999958192707,9.146139232787774e-05,3.101650113762074e-12,1.0,3.1037684453059856e-12,9.146138989826012e-05,9.146138989826012e-05,0.0,0.0,0.0,0.0006658944168683464,-8.001340701668802e-05,0.00027243071045957024,-3.868038758120251e-05,0.0,9.144100857849536e-05,9.144101168014626e-05,3.101650901183222e-12,0.0014438842391810206,0.0008008139325192642,2.0213529308819832e-08,-0.0006595839961391903,-3.7435426634147007e-06
D2_50P_lam1,308.0,47.25501246330083,1.0,-0.0006634278199624412,-0.0006634278199624412,9.139285259659578e-05,-8.213651380706288e-06,-8.213651386076992e-06,-8.213651383245923e-06,0.9999999958236734,9.139285503064432e-05,0.9999999958236733,9.141524679769515e-05,3.1138677950361068e-12,1.0,3.1165676460337366e-12,9.141524436137501e-05,9.141524436137501e-05,0.0,0.0,0.0,0.0006696956837921785,-7.858248491265929e-05,0.0002720370417992335,-3.855344727943244e-05,-7.105427357601002e-15,9.13928518213633e-05,9.139285493522585e-05,3.113862552704501e-12,0.001443888108907224,0.0008008154976827223,2.1169960044942196e-08,-0.0006634278199157961,-3.84202442660353e-06
D2_50P_lam1,309.0,47.408437828441414,1.0,-0.0006672680449990075,-0.0006672680449990075,9.113332106639952e-05,-8.206802703140254e-06,-8.206802707407673e-06,-8.206802705749278e-06,0.999999995847359,9.113332348231267e-05,0.9999999958473588,9.115380733124659e-05,3.025359236207351e-12,1.0000000000000002,3.027309931694983e-12,9.115380491357844e-05,9.115380491357844e-05,0.0,0.0,0.0,0.000673464757384124,-7.71019505424464e-05,0.00027095673458976677,-3.8415076608344645e-05,7.105427357601002e-15,9.113332036234418e-05,9.113332338770036e-05,3.0253561830220305e-12,0.001443891669849236,0.0008008167920098818,2.639621341411236e-08,-0.0006672680449923973,-3.758032534051381e-06
D2_50P_lam1,310.0,47.561863193582,1.0,-0.0006709438849658397,-0.0006709438849658397,9.090991843327014e-05,-8.210208203601743e-06,-8.210208208597747e-06,-8.210208206436281e-06,0.9999999958676934,9.090992084464809e-05,0.9999999958676934,9.092994522082385e-05,3.0866255605832925e-12,1.0000000000000002,3.0884759481538386e-12,9.092994280774271e-05,9.092994280774271e-05,0.0,0.0,0.0,0.0006770768580122747,-7.616003397248328e-05,0.00027003989232143866,-3.8262272520128704e-05,-1.4210854715202004e-14,9.090991766410553e-05,9.090992075073186e-05,3.086626335116113e-12,0.001443893989534798,0.0008008178679626616,3.082424778711986e-08,-0.0006709438849838989,-3.7346937062920915e-06
D2_50P_lam1,311.0,47.715288558722584,1.0,-0.0006747374324411391,-0.0006747374324411391,9.071996588334913e-05,-8.217848289832075e-06,-8.217848295175023e-06,-8.217848292510488e-06,0.9999999958849437,9.071996830134808e-05,0.9999999958849434,9.074232744003654e-05,3.1341344223828634e-12,1.0,3.1368100261177535e-12,9.074232501976478e-05,9.074232501976478e-05,0.0,0.0,0.0,0.0006808111590019216,-7.615229093882458e-05,0.00026936275706823665,-3.809646375901865e-05,0.0,9.071996507388255e-05,9.07199682080199e-05,3.134137351051915e-12,0.0014438949576767099,0.000800818572701486,3.6610904511073136e-08,-0.0006747374324049815,-3.832624713595578e-06
D2_50P_lam1,312.0,47.868713923863176,1.0,-0.0006786091343789091,-0.0006786091343789091,9.032361158112413e-05,-8.203700862567664e-06,-8.203700866956515e-06,-8.20370086510036e-06,0.9999999959208226,9.032361398097717e-05,0.9999999959208223,9.034484896044922e-05,3.0241135041760097e-12,1.0000000000000002,3.026397394479975e-12,9.034484655861721e-05,9.034484655861721e-05,0.0,0.0,0.0,0.0006845959575771085,-7.621999583995454e-05,0.0002680354031108223,-3.793183730577132e-05,-7.105427357601002e-15,9.03236108647516e-05,9.03236138888653e-05,3.024113703288173e-12,0.0014438951566288307,0.0008008188611145114,4.750819511372849e-08,-0.00067860913441109,-3.76876613472632e-06
D2_50P_lam1,313.0,48.02213928900376,1.0,-0.0006822749646886297,-0.0006822749646886297,8.991581260966975e-05,-8.198050148344738e-06,-8.198050153025022e-06,-8.198050151144581e-06,0.9999999959575734,8.991581499554465e-05,0.9999999959575729,8.993506098837746e-05,3.059762962221295e-12,1.0,3.06147323110589e-12,8.993505860089845e-05,8.993505860089845e-05,0.0,0.0,0.0,0.0006881762523720505,-7.663301354454699e-05,0.00026666661054619567,-3.776243870479146e-05,1.4210854715202004e-14,8.99158118449085e-05,8.991581490467146e-05,3.059762962221295e-12,0.0014438945139163546,0.000800819003581623,6.304054363251114e-08,-0.0006822749646744342,-3.6605423758828692e-06
D2_50P_lam1,314.0,48.175564654144345,1.0,-0.0006859302191463998,-0.0006859302191463998,8.960198972776899e-05,-8.206130310689508e-06,-8.206130316042864e-06,-8.206130313617721e-06,0.9999999959857417,8.960199211785553e-05,0.9999999959857414,8.962304873263688e-05,3.1388034360128257e-12,0.9999999999999999,3.1412390375707707e-12,8.962304634043644e-05,8.962304634043644e-05,0.0,0.0,0.0,0.0006917597991582026,-7.725789617851753e-05,0.00026567595677517986,-3.757812414678652e-05,0.0,8.96019888891305e-05,8.96019920279341e-05,3.1388035930797985e-12,0.0014438939081197857,0.0008008191015946248,7.804515059754335e-08,-0.0006859302191628558,-3.7277335707130987e-06
D2_50P_lam1,315.0,48.32899001928494,1.0,-0.000689730431769329,-0.000689730431769329,8.913021373666931e-05,-8.200826505586067e-06,-8.200826509954101e-06,-8.200826507979986e-06,0.9999999960279027,8.913021611071913e-05,0.9999999960279025,8.915166001209341e-05,3.0318596748357063e-12,1.0,3.0344664226151378e-12,8.915165763586199e-05,8.915165763586199e-05,0.0,0.0,0.0,0.0006954675648460522,-7.726808915575756e-05,0.00026416663877837365,-3.7387651511067155e-05,-7.105427357601002e-15,8.91302129903509e-05,8.913021602221106e-05,3.031860168439556e-12,0.001443894087593911,0.000800819299004559,8.801213879746218e-08,-0.0006897304318158604,-3.727163971234404e-06
D2_50P_lam1,316.0,48.48241538442552,1.0,-0.0006933845470890058,-0.0006933845470890058,8.859588947276609e-05,-8.190506259879438e-06,-8.190506264417474e-06,-8.190506262988062e-06,0.9999999960753843,8.859589182481483e-05,0.9999999960753839,8.86147963822962e-05,3.023317887103846e-12,1.0,3.025070844502638e-12,8.861479402863272e-05,8.861479402863272e-05,0.0,0.0,0.0,0.0006990234680156875,-7.67272944874886e-05,0.00026237360647929364,-3.718907311472952e-05,0.0,8.859588871457214e-05,8.859589173788864e-05,3.0233164994990675e-12,0.0014438952505833145,0.0008008197562827755,9.317458777573113e-08,-0.0006933845471053246,-3.592986217881844e-06
D2_50P_lam1,317.0,48.63584074956611,1.0,-0.0006969164042751754,-0.0006969164042751754,8.817129054134116e-05,-8.171676351854257e-06,-8.171676357780072e-06,-8.17167635509472e-06,0.9999999961129118,8.817129289224127e-05,0.9999999961129116,8.819092760440496e-05,3.1241835507371497e-12,1.0,3.126283874293295e-12,8.819092525161654e-05,8.819092525161654e-05,0.0,0.0,0.0,0.0007024736198607309,-7.60929274805644e-05,0.00026094515802910223,-3.696932214020121e-05,0.0,8.817128968237444e-05,8.817129280655825e-05,3.124183818348764e-12,0.0014438968907011743,0.0008008204649497487,9.615876116626483e-08,-0.000696916404251624,-3.6117768900112424e-06
D2_50P_lam1,318.0,48.7892661147067,1.0,-0.0007006081009001976,-0.0007006081009001976,8.76376893940239e-05,-8.1229244117062e-06,-8.122924416556487e-06,-8.122924414176447e-06,0.9999999961598177,8.76376917319286e-05,0.9999999961598177,8.765908682683589e-05,3.0397959681121233e-12,1.0,3.0425718356766652e-12,8.765908448663636e-05,8.765908448663636e-05,0.0,0.0,0.0,0.000706070004813885,-7.55822119915539e-05,0.00025914736815435546,-3.673375762724973e-05,-7.105427357601002e-15,8.763768860799565e-05,8.763769164779153e-05,3.0397958845835604e-12,0.0014438983493664838,0.0008008211978918954,9.54047934026582e-08,-0.0007006081008853471,-3.6728673649122356e-06
D2_50P_lam1,319.0,48.942691479847284,1.0,-0.0007042621389817171,-0.0007042621389817171,8.697554434004929e-05,-8.047980502409041e-06,-8.04798050706157e-06,-8.047980505295621e-06,0.9999999962176274,8.697554665044942e-05,0.9999999962176273,8.699468976054932e-05,2.984622660697021e-12,1.0000000000000002,2.986589675955784e-12,8.699468744839266e-05,8.699468744839266e-05,0.0,0.0,0.0,0.0007096141956446266,-7.527078061131398e-05,0.0002568373954066061,-3.64874833916895e-05,-1.4210854715202004e-14,8.697554358358208e-05,8.697554656820564e-05,2.984623566538201e-12,0.0014438992856331627,0.000800821771385984,9.588997625988347e-08,-0.0007042621389814485,-3.549399593794078e-06
D2_50P_lam1,320.0,49.09611684498787,1.0,-0.0007077069000733562,-0.0007077069000733562,8.640441197558415e-05,-7.959872454891409e-06,-7.959872460949063e-06,-7.95987245796187e-06,0.9999999962671389,8.640441427766997e-05,0.9999999962671389,8.642271255206121e-05,3.086304101270868e-12,1.0,3.0881096446894617e-12,8.642271024829175e-05,8.642271024829175e-05,0.0,0.0,0.0,0.0007129635516214783,-7.553891401546053e-05,0.0002547998081987579,-3.621844948503705e-05,-7.105427357601002e-15,8.640441111073403e-05,8.640441419703657e-05,3.0863025329092435e-12,0.0014438993556073667,0.0008008222464094048,1.0314276929958474e-07,-0.0007077069000729352,-3.489360949515685e-06
D2_50P_lam1,321.0,49.24954221012846,1.0,-0.0007112408608651561,-0.0007112408608651561,8.578795580054946e-05,-7.8578975761176e-06,-7.857897581748513e-06,-7.857897578716216e-06,0.9999999963202133,8.578795809243313e-05,0.9999999963202133,8.580852214487913e-05,3.0396649248825755e-12,1.0,3.042381522922479e-12,8.580851985073455e-05,8.580851985073455e-05,0.0,0.0,0.0,0.00071639771700838,-7.591184162369924e-05,0.00025261654032648906,-3.592530480228673e-05,0.0,8.578795497385157e-05,8.578795801351369e-05,3.0396621274308e-12,0.001443899505519473,0.0008008227203410325,1.115491216668047e-07,-0.0007112408608804799,-3.5708736447759293e-06
D2_50P_lam1,322.0,49.402967575269045,1.0,-0.0007148486473672204,-0.0007148486473672204,8.501092171960639e-05,-7.724174238415982e-06,-7.724174243051163e-06,-7.724174241430931e-06,0.9999999963865714,8.501092398138968e-05,0.9999999963865716,8.503040053031705e-05,2.9486909316006975e-12,1.0,2.9509966249708357e-12,8.503039826655615e-05,8.503039826655615e-05,0.0,0.0,0.0,0.0007198873535926544,-7.544025475869631e-05,0.0002498266362431778,-3.5616021927920016e-05,0.0,8.501092095590675e-05,8.501092390459671e-05,2.9486899571890723e-12,0.0014439008730129078,0.000800823420401115,1.2070331497765392e-07,-0.0007148486473624871,-3.496865019769757e-06
D2_50P_lam1,323.0,49.55639294040963,1.0,-0.0007182345909281456,-0.0007182345909281456,8.429296156289302e-05,-7.5742494133647364e-06,-7.574249419158713e-06,-7.574249416383155e-06,0.9999999964473483,8.429296380814108e-05,0.9999999964473483,8.431030972080494e-05,3.0270951928313906e-12,1.0,3.028756456641703e-12,8.431030747399239e-05,8.431030747399239e-05,0.0,0.0,0.0,0.0007231654357853726,-7.442200159535339e-05,0.0002471944070623344,-3.528271951697137e-05,0.0,8.429296070618145e-05,8.429296373327682e-05,3.027095360511783e-12,0.0014439032796404174,0.0008008244977017006,1.3311974283776096e-07,-0.0007182345909200194,-3.374177026671532e-06
D2_50P_lam1,324.0,49.70981830555022,1.0,-0.00072159700142916,-0.00072159700142916,8.358847019335051e-05,-7.433060012843051e-06,-7.433060018609272e-06,-7.4330600153132975e-06,0.999999996506484,8.358847242936473e-05,0.9999999965064835,8.360769761277825e-05,3.024540351511289e-12,0.9999999999999998,3.0269976915304692e-12,8.360769537467462e-05,8.360769537467462e-05,0.0,0.0,0.0,0.0007264237877525675,-7.347802782708968e-05,0.0002446537236959756,-3.491903488272996e-05,-7.105427357601002e-15,8.358846933181916e-05,8.358847235635977e-05,3.024540610150841e-12,0.00144390593089197,0.0008008257235819322,1.4206996629423347e-07,-0.0007215970014158302,-3.437901227698603e-06
D2_50P_lam1,325.0,49.86324367069081,1.0,-0.0007251103933467911,-0.0007251103933467911,8.270223195439883e-05,-7.281064959098471e-06,-7.281064963633038e-06,-7.281064961783823e-06,0.9999999965801702,8.270223415993773e-05,0.9999999965801701,8.272193759617053e-05,2.9168155357789832e-12,1.0000000000000002,2.919463023046261e-12,8.272193538844683e-05,8.272193538844683e-05,0.0,0.0,0.0,0.000729813007045481,-7.283576013428217e-05,0.0002415340545671718,-3.4533523001922806e-05,0.0,8.270223117241351e-05,8.270223408923016e-05,2.9168166517105814e-12,0.001443907974315816,0.0008008268304200274,1.4500985978862308e-07,-0.0007251103933754166,-3.5133919595864427e-06
D3_100P_lam1,0.0,0.0,1.0,0.0,0.0,0.0,0.0,0.0,0.0,1.0000000000000002,0.0,1.0000000000000002,0.0,0.0,1.0000000000000002,0.0,0.0,0.0,0.0,0.0,0.0,0.0,0.0,0.0,0.0,0.0,0.0,0.0,0.0,0.0,0.0,8.536226862648183e-18,0.0,-4.0097758446933085e-10
D3_100P_lam1,1.0,0.1534253651405871,1.0,-4.009775653658566e-10,-4.009775653658566e-10,5.620974520841236e-09,-7.78796992173536e-11,-7.787966799233104e-11,-7.78796853395658e-11,0.9999999999999999,5.6209916568258474e-09,1.0,5.796571831930962e-09,1.1384616330888935e-12,1.0,1.1386163153090954e-12,5.796550650257744e-09,5.796550650257744e-09,0.0,0.0,0.0,5.810402948640632e-09,-1.7829596576923734e-08,6.493559467912746e-09,-1.963817997108208e-12,0.0,5.619853196545e-09,5.620991658047607e-09,1.1384615026069415e-12,0.001045631573903454,5.149354580173197e-05,4.1739971886316994e-11,-4.0097758446933085e-10,-1.9381856231071026e-08
D3_100P_lam1,2.0,0.3068507302811742,1.0,-3.876371241674218e-08,-3.876371241674218e-08,2.6581464236623394e-07,-3.4801063975020696e-09,-3.480106310765896e-09,-3.4801064113798574e-09,0.9999999999999645,2.658146832356607e-07,0.999999999999965,2.7316282572605046e-07,1.346697823714184e-12,0.9999999999999999,1.3469538711590485e-12,2.7316277990655333e-07,2.7316277990655333e-07,0.0,0.0,0.0,2.7589949190784285e-07,-7.330591548226906e-07,2.8639496063576075e-07,-1.5745502679465062e-09,1.4210854715202004e-14,2.6581333653973305e-07,2.6581468323716135e-07,1.3466974283199072e-12,0.0022946048071271767,0.0005703573856242623,5.669162548905424e-10,-3.876371246214205e-08,-2.0862518884667836e-07
D3_100P_lam1,3.0,0.4602760954217613,1.0,-4.1765135516488616e-07,-4.1765135516488616e-07,1.8572875581196218e-06,-2.1506114035452217e-08,-2.1506113948716044e-08,-2.1506114025043876e-08,0.9999999999982753,1.8572876112745446e-06,0.9999999999982752,1.8968854688049075e-06,4.2064969673525874e-13,1.0,4.2066378435741864e-13,1.8968854160436072e-06,1.8968854160436072e-06,0.0,0.0,0.0,1.9423199707678695e-06,-3.961503319049875e-06,1.742279577943151e-06,-3.042080426451932e-08,7.105427357601002e-15,1.8572871906240616e-06,1.8572876112743644e-06,4.206503027213945e-13,0.0018711325395041568,0.00154534676545105,1.2971062950878418e-09,-4.1765135527782604e-07,-7.986540681015342e-07
D3_100P_lam1,4.0,0.6137014605623484,1.0,-1.636071848768006e-06,-1.636071848768006e-06,5.335270590719946e-06,-4.783603140684489e-08,-4.7836031288883696e-08,-4.7836031382558764e-08,0.9999999999857674,5.335270673179469e-06,0.9999999999857676,5.40307833872333e-06,1.1102173536560922e-12,1.0000000000000002,1.1102660854979475e-12,5.403078255638648e-06,5.403078255638648e-06,0.0,0.0,0.0,5.645350604412048e-06,-7.906138965951826e-06,3.9192048477687536e-06,-1.8017036618189763e-07,7.105427357601002e-15,5.3352695629446585e-06,5.33527067316014e-06,1.1102154819015702e-12,0.001179004280734006,0.0019308033343024451,7.550995663064857e-09,-1.6360718486652104e-06,-1.4735252098496687e-06
D3_100P_lam1,5.0,0.7671268257029354,1.0,-3.364701775307686e-06,-3.364701775307686e-06,8.795474556403962e-06,-4.284057918829687e-08,-4.2840579212582997e-08,-4.2840579181357974e-08,0.9999999999613202,8.79547468010251e-06,0.9999999999613198,8.832677947779983e-06,1.5738363252593082e-12,1.0000000000000002,1.5741124653052028e-12,8.832677821904524e-06,8.832677821904524e-06,0.0,0.0,0.0,9.451846717606846e-06,-9.108645815936178e-06,4.311071010398848e-06,-5.424023736266825e-07,-1.4210854715202004e-14,8.79547310618014e-06,8.795474680016427e-06,1.5738362862989406e-12,0.0015062428505282876,0.0012610156297293588,1.7683615633469688e-08,-3.3647017749771635e-06,-1.3588750276127826e-06
D3_100P_lam1,6.0,0.9205521908435226,1.0,-4.353821904060508e-06,-4.353821904060508e-06,1.0124129326831096e-05,5.008150723989635e-09,5.008150599089545e-09,5.0081506858257185e-09,0.9999999999487509,1.0124129468761195e-05,0.999999999948751,1.012571290615454e-05,8.521961211049442e-13,0.9999999999999999,8.522720449085204e-13,1.0125712764052292e-05,1.0125712764052292e-05,0.0,0.0,0.0,1.1022060640190164e-05,-9.806144539714623e-06,2.9663453715578214e-06,-1.0497969854528222e-06,-7.105427357601002e-15,1.0124128616435515e-05,1.0124129468630639e-05,8.5219512392973e-13,0.0018528059603464188,0.00040673242136474527,3.3330935576931265e-08,-4.3538219038907755e-06,-4.426815363167691e-07
D3_100P_lam1,7.0,1.0739775559841096,1.0,-4.250064847291238e-06,-4.250064847291238e-06,1.0106013985284023e-05,4.7249616885736145e-08,4.724961696206398e-08,4.724961689267504e-08,0.999999999948934,1.0106014143755929e-05,0.9999999999489343,1.0107513820046627e-05,1.2039290150268911e-12,1.0000000000000002,1.2039387361863559e-12,1.0107513661672897e-05,1.0107513661672897e-05,0.0,0.0,0.0,1.096471097521912e-05,-1.2750338067468725e-05,2.9574349453831417e-06,-1.5342991763200864e-06,0.0,1.0106012939696223e-05,1.0106014143625239e-05,1.2039290150268911e-12,0.0014028798163303235,0.0001923677887295856,5.2395114573009435e-08,-4.250064847610702e-06,1.36171331099888e-07
D3_100P_lam1,8.0,1.2274029211246968,1.0,-4.081479241337966e-06,-4.081479241337966e-06,1.0487817872972055e-05,5.840903016807175e-08,5.840903020623567e-08,5.840903012296894e-08,0.9999999999450028,1.048781806383719e-05,0.9999999999450028,1.0487935180664668e-05,1.7344919691357408e-12,1.0000000000000002,1.734703855253297e-12,1.0487934989670898e-05,1.0487934989670898e-05,0.0,0.0,0.0,1.1254121570231717e-05,-1.6125446960724155e-05,4.706802923859499e-06,-1.933126862474488e-06,-7.105427357601002e-15,1.0487816329200588e-05,1.0487818063692594e-05,1.7344920062328255e-12,0.0008979725360076351,0.0004532705519891729,7.24386256760012e-08,-4.0814792416909995e-06,-5.8913446565611594e-08
D3_100P_lam1,9.0,1.3808282862652839,1.0,-4.367891740070379e-06,-4.367891740070379e-06,1.1245570345689834e-05,8.269910321823115e-08,8.26991032147617e-08,8.269910325986451e-08,0.9999999999367687,1.1245570557349168e-05,0.9999999999367687,1.1247088060430686e-05,1.2259811397128195e-12,1.0000000000000002,1.2261659800585824e-12,1.124708784844738e-05,1.124708784844738e-05,0.0,0.0,0.0,1.2065465585568475e-05,-1.7600685464413957e-05,6.071824377507085e-06,-2.2919400793353084e-06,0.0,1.1245569331190888e-05,1.1245570557172148e-05,1.225981259160775e-12,0.0011075018186410548,0.0006813497879432038,9.219614110305364e-08,-4.367891740741925e-06,-2.696995231588062e-07
D3_100P_lam1,10.0,1.5342536514058709,1.0,-4.620878288788542e-06,-4.620878288788542e-06,1.2004150697384515e-05,1.307755281843015e-07,1.307755282294043e-07,1.3077552825715988e-07,0.9999999999279502,1.2004150926775955e-05,0.9999999999279503,1.2004421438558358e-05,1.2960825161713473e-12,0.9999999999999999,1.296082400359537e-12,1.2004421209160625e-05,1.2004421209160625e-05,0.0,0.0,0.0,1.2863072844494133e-05,-1.773281760997225e-05,7.045642302472288e-06,-2.634476008234188e-06,0.0,1.2004149630477858e-05,1.200415092656175e-05,1.2960838933141e-12,0.0016458688151219766,0.0007926713174029427,9.895883993016176e-08,-4.620878288008612e-06,-2.484467565011528e-07
D3_100P_lam1,11.0,1.6876790165464581,1.0,-4.864785254356229e-06,-4.864785254356229e-06,1.2967160469226548e-05,1.5468791065079146e-07,1.546879107063026e-07,1.5468791063344423e-07,0.9999999999159261,1.2967160726892836e-05,0.9999999999159264,1.2969299598084415e-05,1.822077255311461e-12,0.9999999999999999,1.8221975398591884e-12,1.2969299340080013e-05,1.2969299340080013e-05,0.0,0.0,0.0,1.3851673377809313e-05,-1.8218481667164887e-05,8.783466974637832e-06,-2.9564636764845e-06,0.0,1.2967158904544802e-05,1.2967160726623582e-05,1.822078780510229e-12,0.0017789623730461305,0.0009570687696032043,9.988910572707253e-08,-4.8647852537442304e-06,-5.102412821145208e-07
D3_100P_lam1,12.0,1.8411043816870452,1.0,-5.641360851769401e-06,-5.641360851769401e-06,1.4388077467666586e-05,1.6291423935929639e-07,1.6291423948766592e-07,1.629142393454186e-07,0.9999999998964916,1.4388077752479316e-05,0.9999999998964915,1.4398584758262977e-05,1.5025212475446418e-12,0.9999999999999999,1.5028192689986577e-12,1.4398584472516555e-05,1.4398584472516555e-05,0.0,0.0,0.0,1.5464286907669453e-05,-1.9238318240133445e-05,1.0834995175734718e-05,-3.284636981404354e-06,-7.105427357601002e-15,1.4388076249587356e-05,1.4388077752108463e-05,1.5025211056803262e-12,0.0015096877695130882,0.0011248645006338889,1.0596351666502759e-07,-5.6413608522376535e-06,-9.616829466096988e-07
D3_100P_lam1,13.0,1.9945297468276322,1.0,-6.78815114728545e-06,-6.78815114728545e-06,1.6016578153607265e-05,1.66261225235248e-07,1.6626122531157583e-07,1.6626122523871745e-07,0.9999999998717344,1.601657845953763e-05,0.9999999998717346,1.6027216126410724e-05,1.3754286044431438e-12,1.0,1.3754412770417152e-12,1.6027215820444338e-05,1.6027215820444338e-05,0.0,0.0,0.0,1.740547661049553e-05,-1.9811164798211323e-05,1.2567753985948116e-05,-3.6581169221561183e-06,-7.105427357601002e-15,1.6016577083594148e-05,1.601657845902275e-05,1.3754286044431438e-12,0.0013495161170440696,0.001083067110961079,1.1542351489995096e-07,-6.788151146963628e-06,-1.0660381946081543e-06
D3_100P_lam1,14.0,2.147955111968219,1.0,-7.773437241648673e-06,-7.773437241648673e-06,1.7273391562849773e-05,1.3905756239898648e-07,1.390575624753143e-07,1.3905756239204758e-07,0.999999999850815,1.7273391896063678e-05,0.9999999998508148,1.727880517788431e-05,1.8440457486009787e-12,1.0,1.8440928328008723e-12,1.72788048444443e-05,1.72788048444443e-05,0.0,0.0,0.0,1.8946857186631132e-05,-1.9802373907751303e-05,1.3908401858220287e-05,-4.076964311594544e-06,-7.105427357601002e-15,1.7273390051373025e-05,1.727339189541949e-05,1.8440464654883515e-12,0.001458508900856916,0.0008269897484997939,1.281106428790181e-07,-7.773437241453962e-06,-8.393620642976884e-07
D3_100P_lam1,15.0,2.3013804771088067,1.0,-8.466875276304614e-06,-8.466875276304614e-06,1.7949098845728197e-05,1.1199702178860127e-07,1.119970218649291e-07,1.1199702169145676e-07,0.999999999838915,1.7949099209517185e-05,0.999999999838915,1.795139207993087e-05,1.7026181087221749e-12,0.9999999999999999,1.70296533767673e-12,1.7951391715638416e-05,1.7951391715638416e-05,0.0,0.0,0.0,1.9847932408227676e-05,-2.0088462106215843e-05,1.4826981459048483e-05,-4.498239720818198e-06,-7.105427357601002e-15,1.794909750617433e-05,1.7949099208793697e-05,1.7026193695415498e-12,0.001533209719834661,0.0005978938740370968,1.3882086418036567e-07,-8.466875275559005e-06,-5.561355349570363e-07
D3_100P_lam1,16.0,2.4548058422493937,1.0,-8.885708310898609e-06,-8.885708310898609e-06,1.842076260655615e-05,7.942650072714774e-08,7.94265007167394e-08,7.942650073408664e-08,0.9999999998303376,1.842076298827556e-05,0.9999999998303377,1.8421471325450913e-05,1.462518127960694e-12,1.0000000000000002,1.4626066501986694e-12,1.842147094360926e-05,1.842147094360926e-05,0.0,0.0,0.0,2.0452539967701306e-05,-2.1146085107170975e-05,1.630983136324815e-05,-4.875436032891756e-06,-2.1316282072803006e-14,1.8420761524976745e-05,1.8420762987495006e-05,1.4625182616541853e-12,0.001403713342829019,0.0005695321593225164,1.391640971967195e-07,-8.885708311368035e-06,-3.8021543602440033e-07
D3_100P_lam1,17.0,2.6082312073899807,1.0,-9.227306145229e-06,-9.227306145229e-06,1.9149093692905992e-05,-6.827245182389197e-09,-6.827245106061364e-09,-6.827245151164174e-09,0.9999999998166561,1.914909409544232e-05,0.9999999998166561,1.9150585426057388e-05,1.8227210372206718e-12,1.0000000000000002,1.8227370424515588e-12,1.9150585023458416e-05,1.9150585023458416e-05,0.0,0.0,0.0,2.125765897407553e-05,-2.2455319017677944e-05,1.900845702174081e-05,-5.200623829582085e-06,-7.105427357601002e-15,1.9149092271842682e-05,1.9149094094564015e-05,1.8227213340656197e-12,0.0012650153775740755,0.0006844021048718671,1.3416209989286513e-07,-9.227306147607806e-06,-5.103665490224785e-07
D3_100P_lam1,18.0,2.7616565725305677,1.0,-9.906441411717397e-06,-9.906441411717397e-06,2.0040798322433148e-05,-1.064864605521132e-07,-1.0648646026067965e-07,-1.0648646052782706e-07,0.9999999997991834,2.0040798757281056e-05,0.9999999997991832,2.0045905665953045e-05,1.8433113926965236e-12,1.0,1.843613237866128e-12,2.004590523047093e-05,2.004590523047093e-05,0.0,0.0,0.0,2.2360139836531863e-05,-2.3157348343572082e-05,2.1577807554518103e-05,-5.505642921455056e-06,0.0,2.0040796912959302e-05,2.0040798756272592e-05,1.8433132890878625e-12,0.001331240638394207,0.000799815474911211,1.3135485455688652e-07,-9.906441409412992e-06,-7.877592818061885e-07
D3_100P_lam1,19.0,2.9150819376711548,1.0,-1.0802824710537406e-05,-1.0802824710537406e-05,2.078008001409026e-05,-1.9811438514011348e-07,-1.9811438502909118e-07,-1.9811438512276625e-07,0.9999999997840942,2.078008047111829e-05,0.999999999784094,2.0784487530320245e-05,1.5655288323243675e-12,0.9999999999999998,1.5657641198402636e-12,2.0784487072829274e-05,2.0784487072829274e-05,0.0,0.0,0.0,2.3424258250979735e-05,-2.3095083813151618e-05,2.352129488647492e-05,-5.816680704873178e-06,-7.105427357601002e-15,2.0780078904467244e-05,2.078008046999584e-05,1.5655285976467742e-12,0.001535168433911017,0.0008629684863308905,1.2823726001263652e-07,-1.0802824711220183e-05,-8.025222388852171e-07
D3_100P_lam1,20.0,3.0685073028117418,1.0,-1.1511485888514316e-05,-1.1511485888514316e-05,2.156006556220326e-05,-3.2410713831157456e-07,-3.2410713820749115e-07,-3.2410713827341064e-07,0.9999999997675814,2.156006604043924e-05,0.9999999997675816,2.1562767525226895e-05,1.7843683049342477e-12,0.9999999999999998,1.7843787109326082e-12,2.156276704694822e-05,2.156276704694822e-05,0.0,0.0,0.0,2.4443141876407205e-05,-2.2977600898421713e-05,2.608412478011246e-05,-6.129379912955812e-06,0.0,2.1560064254817203e-05,2.156006603918625e-05,1.784369047101189e-12,0.0016196097205235043,0.0009056871395332809,1.2559866660059445e-07,-1.1511485887183426e-05,-7.606264329496071e-07
D3_100P_lam1,21.0,3.2219326679523292,1.0,-1.232407757651009e-05,-1.232407757651009e-05,2.25792462792683e-05,-4.6425135973374165e-07,-4.642513593972053e-07,-4.642513597233333e-07,0.9999999997450888,2.257924679013525e-05,0.999999999745089,2.258563726680262e-05,1.9277499378462285e-12,1.0000000000000002,1.927946267466494e-12,2.258563675542204e-05,2.258563675542204e-05,0.0,0.0,0.0,2.572924006035154e-05,-2.328920807592727e-05,2.9126493644504592e-05,-6.443637970532379e-06,-7.105427357601002e-15,2.2579244860947245e-05,2.257924678869699e-05,1.927749743911592e-12,0.001485359906475622,0.0009251551143102155,1.2896469460783997e-07,-1.2324077577119397e-05,-1.008664492374578e-06
D3_100P_lam1,22.0,3.3753580330929163,1.0,-1.352881487112523e-05,-1.352881487112523e-05,2.3613415171807878e-05,-5.888360096288625e-07,-5.888360096253931e-07,-5.888360096982515e-07,0.9999999997212032,2.361341570867341e-05,0.9999999997212032,2.362247015399753e-05,1.6835917022116134e-12,0.9999999999999998,1.6839953133661557e-12,2.3622469616320374e-05,2.3622469616320374e-05,0.0,0.0,0.0,2.7222229570488942e-05,-2.3352144639554595e-05,3.170509002758948e-05,-6.780640564030271e-06,-1.4210854715202004e-14,2.3613414023435628e-05,2.3613415707027814e-05,1.6835921878397412e-12,0.0013398490602084714,0.000858795510923112,1.371797965328294e-07,-1.3528814871932582e-05,-1.1543835984895168e-06
D3_100P_lam1,23.0,3.5287833982335033,1.0,-1.4632844775173291e-05,-1.4632844775173291e-05,2.452251247246845e-05,-7.176463605214345e-07,-7.176463604902095e-07,-7.176463605491901e-07,0.9999999996993231,2.4522513030848184e-05,0.9999999996993231,2.4527037789130702e-05,1.7479417289864238e-12,1.0,1.747980063515557e-12,2.4527037230633917e-05,2.4527037230633917e-05,0.0,0.0,0.0,2.8560385160603248e-05,-2.286706111864767e-05,3.426427592101433e-05,-7.1414911871348075e-06,0.0,2.4522511281065665e-05,2.4522513029006636e-05,1.7479409720129237e-12,0.0013909647345351132,0.0007176050588891425,1.455790464857928e-07,-1.463284477409843e-05,-9.639817175610688e-07
D3_100P_lam1,24.0,3.6822087633740903,1.0,-1.5456778306091487e-05,-1.5456778306091487e-05,2.5396044181708055e-05,-8.415633526749622e-07,-8.41563352487612e-07,-8.415633527235344e-07,0.9999999996775204,2.5396044771025028e-05,0.9999999996775204,2.5399818543118657e-05,1.9633563237820397e-12,1.0,1.9634585356993298e-12,2.5399817953544982e-05,2.5399817953544982e-05,0.0,0.0,0.0,2.973319093060896e-05,-2.286294035169778e-05,3.712373516906453e-05,-7.501045670432749e-06,0.0,2.5396042805620324e-05,2.5396044768975662e-05,1.9633553375459662e-12,0.0015072038908500469,0.0006512736899864565,1.4983660307592055e-07,-1.545677830705472e-05,-9.080142806539016e-07
D3_100P_lam1,25.0,3.8356341285146773,1.0,-1.6448873335103094e-05,-1.6448873335103094e-05,2.627989088578506e-05,-9.488407287684686e-07,-9.488407285811185e-07,-9.488407289072465e-07,0.9999999996546837,2.6279891503237122e-05,0.9999999996546838,2.6286347758527394e-05,1.8050237498630096e-12,0.9999999999999999,1.805512605474429e-12,2.628634714030147e-05,2.628634714030147e-05,0.0,0.0,0.0,3.100866527536731e-05,-2.3459011805671004e-05,3.996556484597846e-05,-7.855222711294907e-06,-2.1316282072803006e-14,2.627988969594199e-05,2.6279891500967104e-05,1.805025112029584e-12,0.001461708419409143,0.0007542829520115229,1.4754914516619222e-07,-1.6448873335406233e-05,-1.0568426453971824e-06
D3_100P_lam1,26.0,3.9890594936552644,1.0,-1.7570463594931293e-05,-1.7570463594931293e-05,2.7221068985876147e-05,-1.066525232826937e-06,-1.066525232858162e-06,-1.0665252329240815e-06,0.9999999996295067,2.7221069625071075e-05,0.9999999996295067,2.7226585084561352e-05,1.7320177150382875e-12,1.0,1.732148224972431e-12,2.7226584445070698e-05,2.7226584445070698e-05,0.0,0.0,0.0,3.2403825731993206e-05,-2.390518813155662e-05,4.31382291017357e-05,-8.224186768268638e-06,0.0,2.7221067890532252e-05,2.7221069622549983e-05,1.7320177321050414e-12,0.0013663103166761512,0.0008918761166646693,1.4088408629368713e-07,-1.7570463597849084e-05,-1.061478053898668e-06
D3_100P_lam1,27.0,4.142484858795852,1.0,-1.8571829442521894e-05,-1.8571829442521894e-05,2.823964343413298e-05,-1.1917911904614498e-06,-1.1917911903400191e-06,-1.191791190572472e-06,0.9999999996012611,2.8239644102829783e-05,0.9999999996012613,2.8244503317266445e-05,1.964579961212293e-12,0.9999999999999999,1.9646297780012158e-12,2.824450264842774e-05,2.824450264842774e-05,0.0,0.0,0.0,3.380332228812858e-05,-2.4250722139407266e-05,4.659017572050672e-05,-8.619926056496752e-06,-1.4210854715202004e-14,2.823964213543595e-05,2.8239644100015547e-05,1.9645795954646703e-12,0.0014320907569011956,0.0008888265900930695,1.3218139438495912e-07,-1.857182944320357e-05,-1.0700844192967907e-06
D3_100P_lam1,28.0,4.295910223936438,1.0,-1.9710632438782706e-05,-1.9710632438782706e-05,2.9216030621824706e-05,-1.3024438054905219e-06,-1.3024438053066412e-06,-1.302443805546033e-06,0.9999999995732116,2.9216031321102036e-05,0.9999999995732118,2.922347126769501e-05,1.913344342279389e-12,0.9999999999999999,1.9137906717358573e-12,2.92234705676641e-05,2.92234705676641e-05,0.0,0.0,0.0,3.524939725208372e-05,-2.4689082416928798e-05,4.968417482498211e-05,-9.043773605887928e-06,-2.1316282072803006e-14,2.9216029404639615e-05,2.921603131798396e-05,1.913344342279389e-12,0.001534367010511902,0.0007877272005913114,1.253177107273736e-07,-1.9710632436442665e-05,-1.215297356083056e-06
D3_100P_lam1,29.0,4.449335589077026,1.0,-2.1002424156770125e-05,-2.1002424156770125e-05,3.0158117274745584e-05,-1.4147967847058518e-06,-1.4147967848134047e-06,-1.414796784816874e-06,0.9999999995452441,3.0158117997179297e-05,0.9999999995452442,3.0164903333676637e-05,1.7574582146349183e-12,1.0000000000000002,1.7577707249009133e-12,3.0164902610707657e-05,3.0164902610707657e-05,0.0,0.0,0.0,3.675626323976549e-05,-2.54442998744997e-05,5.288551198034952e-05,-9.49159894020335e-06,-1.4210854715202004e-14,3.0158116236291332e-05,3.0158117993749498e-05,1.7574581657214977e-12,0.001463959460272465,0.0007420419772913426,1.230274344499481e-07,-2.100242415536968e-05,-1.2124332666729742e-06
D3_100P_lam1,30.0,4.602760954217613,1.0,-2.2135498969762803e-05,-2.2135498969762803e-05,3.1201943642306156e-05,-1.540365315320924e-06,-1.5403653153417407e-06,-1.540365315515213e-06,0.999999999513219,3.1201944392238566e-05,0.9999999995132192,3.120700616261057e-05,1.945497650043977e-12,1.0,1.9455382309890037e-12,3.1207005412571935e-05,3.1207005412571935e-05,0.0,0.0,0.0,3.8260387159179766e-05,-2.681213464317267e-05,5.662089772373591e-05,-9.954019882574272e-06,-1.4210854715202004e-14,3.120194244294678e-05,3.120194438844319e-05,1.945496411404251e-12,0.0013555113842715731,0.0007706742325754402,1.2112429876811006e-07,-2.2135498969788614e-05,-1.1655603557869654e-06
D3_100P_lam1,31.0,4.7561863193582,1.0,-2.3333544867396985e-05,-2.3333544867396985e-05,3.229452070838253e-05,-1.6624420074613788e-06,-1.662442007221987e-06,-1.662442007548115e-06,0.9999999994785319,3.229452148965837e-05,0.9999999994785317,3.230223666393185e-05,2.0005958115576403e-12,1.0,2.000913970803855e-12,3.2302235882067354e-05,3.2302235882067354e-05,0.0,0.0,0.0,3.984831707996712e-05,-2.843572111588255e-05,6.019006463375831e-05,-1.0427908066157343e-05,-1.4210854715202004e-14,3.229451948484862e-05,3.229452148544657e-05,2.000597950871194e-12,0.0014119970192034831,0.0007991556344743924,1.214851770980418e-07,-2.3333544866943612e-05,-1.3316495319770638e-06
D3_100P_lam1,32.0,4.909611684498787,1.0,-2.479879803265996e-05,-2.479879803265996e-05,3.332185381544364e-05,-1.789193500890962e-06,-1.7891935011338234e-06,-1.7891935010783122e-06,0.9999999994448268,3.332185462162703e-05,0.9999999994448271,3.333062177731533e-05,1.830227225002327e-12,0.9999999999999999,1.8307414152161783e-12,3.333062097034598e-05,3.333062097034598e-05,0.0,0.0,0.0,4.154407547785795e-05,-3.019480624566473e-05,6.359465508598561e-05,-1.0915811139822207e-05,-1.4210854715202004e-14,3.332185278677499e-05,3.3321854617002256e-05,1.8302272675294088e-12,0.001509811547946607,0.000818315125285928,1.2685416154453126e-07,-2.479879803374274e-05,-1.4003051784783338e-06
D3_100P_lam1,33.0,5.063037049639374,1.0,-2.6134155225200854e-05,-2.6134155225200854e-05,3.43553589729647e-05,-1.921799555906073e-06,-1.9217995559338286e-06,-1.9217995561038315e-06,0.9999999994098546,3.435535980567841e-05,0.9999999994098545,3.4360911310659865e-05,1.9216642718522613e-12,1.0,1.9217424060018388e-12,3.43609104777625e-05,3.43609104777625e-05,0.0,0.0,0.0,4.317019591693317e-05,-3.2119804376007366e-05,6.732855597535448e-05,-1.141179213581811e-05,-2.842170943040401e-14,3.435535787894889e-05,3.435535980061211e-05,1.9216632161352746e-12,0.0014793526308766551,0.0008420493117055791,1.2986311510849631e-07,-2.613415522390028e-05,-1.2622946119478229e-06
D3_100P_lam1,34.0,5.216462414779961,1.0,-2.7323387258676802e-05,-2.7323387258676802e-05,3.542285746059303e-05,-2.033311508123359e-06,-2.0333115079429476e-06,-2.03331150824132e-06,0.9999999993726105,3.542285832482916e-05,0.9999999993726107,3.542908843207401e-05,2.0642886663675394e-12,1.0000000000000002,2.064471724251815e-12,3.5429087567471926e-05,3.5429087567471926e-05,0.0,0.0,0.0,4.474133704031527e-05,-3.378115935659398e-05,7.100310649166275e-05,-1.1904726997580273e-05,-7.105427357601002e-15,3.542285625498727e-05,3.542285831927241e-05,2.0642851362469275e-12,0.0014159501488098158,0.0008338775214279694,1.3132713616144873e-07,-2.7323387257638387e-05,-1.3165363430545085e-06
D3_100P_lam1,35.0,5.369887779920548,1.0,-2.8767227909300367e-05,-2.8767227909300367e-05,3.6439708584039725e-05,-2.1242940704928326e-06,-2.1242940705067104e-06,-2.124294070683652e-06,0.9999999993360736,3.643970947460819e-05,0.9999999993360736,3.6448623400109164e-05,1.9354646562852113e-12,1.0000000000000002,1.936090981357076e-12,3.644862250866806e-05,3.644862250866806e-05,0.0,0.0,0.0,4.643333733598324e-05,-3.516381237600452e-05,7.453586487571329e-05,-1.2392369965807948e-05,-7.105427357601002e-15,3.6439707533094993e-05,3.643970946855871e-05,1.9354637159994385e-12,0.0014314123643675647,0.0007866383152930703,1.3750670999532636e-07,-2.8767227910009296e-05,-1.46776532972126e-06
D3_100P_lam1,36.0,5.5233131450611355,1.0,-3.0258917919222895e-05,-3.0258917919222895e-05,3.745006648125519e-05,-2.1994951804049645e-06,-2.199495180526395e-06,-2.1994951805923146e-06,0.9999999992987461,3.745006739849396e-05,0.9999999992987462,3.745675787910328e-05,1.910185127109841e-12,1.0000000000000002,1.9103744118651677e-12,3.745675696151432e-05,3.745675696151432e-05,0.0,0.0,0.0,4.8151948103697555e-05,-3.615964002123828e-05,7.831119751067206e-05,-1.2875093755915223e-05,-1.4210854715202004e-14,3.74500654817459e-05,3.7450067391930987e-05,1.9101850851317176e-12,0.0014576506027377883,0.0007594361037135454,1.450499209090732e-07,-3.0258917917080908e-05,-1.3873313200463144e-06
D3_100P_lam1,37.0,5.676738510201723,1.0,-3.1541890548634004e-05,-3.1541890548634004e-05,3.849050811915511e-05,-2.2621649323865956e-06,-2.262164932282512e-06,-2.262164932660682e-06,0.9999999992592404,3.849050906848238e-05,0.9999999992592404,3.849629914730289e-05,2.103036336049004e-12,1.0,2.1031475577380785e-12,3.849629819774444e-05,3.849629819774444e-05,0.0,0.0,0.0,4.976801350781044e-05,-3.674388643326587e-05,8.20275712500873e-05,-1.334271918856933e-05,-3.552713678800501e-14,3.84905069583171e-05,3.8490509061354985e-05,2.1030378860391383e-12,0.0014349673102413403,0.0007808032794508165,1.511465133967638e-07,-3.1541890550101925e-05,-1.3634161426523406e-06
D3_100P_lam1,38.0,5.8301638753423095,1.0,-3.298575020149826e-05,-3.298575020149826e-05,3.9488321029857535e-05,-2.3253663283887005e-06,-2.3253663283401282e-06,-2.3253663285378867e-06,0.9999999992203362,3.948832200661767e-05,0.9999999992203362,3.9497104997205515e-05,2.0486372753125253e-12,0.9999999999999999,2.0492299263474046e-12,3.9497104019625065e-05,3.9497104019625065e-05,0.0,0.0,0.0,5.1459498970047256e-05,-3.7276070185554566e-05,8.55820928284956e-05,-1.379008059537723e-05,-1.4210854715202004e-14,3.948831995028294e-05,3.948832199892004e-05,2.0486371009155577e-12,0.0014220474204301252,0.0008090070008448379,1.5683548789966748e-07,-3.298575020238559e-05,-1.5445625258792006e-06
D3_100P_lam1,39.0,5.983589240482897,1.0,-3.463101560342467e-05,-3.463101560342467e-05,4.049937147286181e-05,-2.3926077027183745e-06,-2.392607703002869e-06,-2.392607703002869e-06,0.9999999991799005,4.049937247650535e-05,0.9999999991799005,4.050783572158816e-05,1.9256436186041457e-12,1.0,1.9260423551609243e-12,4.050783471735517e-05,4.050783471735517e-05,0.0,0.0,0.0,5.3293441623709396e-05,-3.745590130832532e-05,8.943823030893583e-05,-1.4227980220271608e-05,-1.4210854715202004e-14,4.049937054255392e-05,4.049937246820153e-05,1.9256476116387368e-12,0.0014517681165874066,0.0008104624028748224,1.6035170796706953e-07,-3.4631015601860327e-05,-1.5727970037460182e-06
D3_100P_lam1,40.0,6.1370146056234836,1.0,-3.6131344206008446e-05,-3.6131344206008446e-05,4.1589074130103244e-05,-2.4732867185683904e-06,-2.473286718301243e-06,-2.4732867188008434e-06,0.9999999991351746,4.1589075166716273e-05,0.9999999991351743,4.15959263509684e-05,2.118640308476956e-12,0.9999999999999999,2.1187335279492424e-12,4.159592531416559e-05,4.159592531416559e-05,0.0,0.0,0.0,5.509713285585314e-05,-3.745703848478943e-05,9.340222922649133e-05,-1.4660194859961173e-05,-2.1316282072803006e-14,4.158907303908482e-05,4.158907515772521e-05,2.1186403898329092e-12,0.0014639949371409418,0.0008024519104902527,1.6133410950063097e-07,-3.6131344209877625e-05,-1.5399957540296327e-06
D3_100P_lam1,41.0,6.290439970764071,1.0,-3.7711007107150594e-05,-3.7711007107150594e-05,4.264346165964704e-05,-2.5606494218795295e-06,-2.560649421719935e-06,-2.5606494221258602e-06,0.9999999990907675,4.264346272429797e-05,0.9999999990907674,4.2653127157173286e-05,2.1501221214697205e-12,0.9999999999999999,2.1505806969004124e-12,4.2653126091817495e-05,4.2653126091817495e-05,0.0,0.0,0.0,5.693336393095516e-05,-3.775992649435178e-05,9.714565553586851e-05,-1.5082912965314055e-05,-1.4210854715202004e-14,4.264346056448488e-05,4.264346271460694e-05,2.1501220635714805e-12,0.0014386732806738777,0.0008032403800739113,1.6208242515555502e-07,-3.771100710991959e-05,-1.7207641462846368e-06
D3_100P_lam1,42.0,6.4438653359046585,1.0,-3.957287250547201e-05,-3.957287250547201e-05,4.3678266595647424e-05,-2.6548060756623193e-06,-2.6548060758496694e-06,-2.6548060759259973e-06,0.9999999990461043,4.3678267687018565e-05,0.9999999990461041,4.368912781196478e-05,1.975146238532819e-12,1.0000000000000002,1.9757848002696542e-12,4.3689126719747496e-05,4.3689126719747496e-05,0.0,0.0,0.0,5.894701437107375e-05,-3.792753301123941e-05,0.00010109144585879193,-1.5505283201822095e-05,-7.105427357601002e-15,4.367826570145621e-05,4.367826767660262e-05,1.9751464109025996e-12,0.00143072708858688,0.0008045861539577468,1.6253224991136422e-07,-3.95728725024469e-05,-1.811407482676941e-06
D3_100P_lam1,43.0,6.597290701045245,1.0,-4.1333822071219934e-05,-4.1333822071219934e-05,4.477989911837454e-05,-2.77684291895286e-06,-2.776842918852246e-06,-2.7768429192755184e-06,0.9999999989973805,4.477990024384322e-05,0.9999999989973801,4.47880075368152e-05,2.1217625159386442e-12,1.0,2.121898915211066e-12,4.478800641109015e-05,4.478800641109015e-05,0.0,0.0,0.0,6.094627885068974e-05,-3.806713498732961e-05,0.00010524397845834699,-1.5934130478900688e-05,-1.4210854715202004e-14,4.4779898110856795e-05,4.477990023261931e-05,2.1217625159386442e-12,0.001453632667567876,0.0008023045554848451,1.6068755587925264e-07,-4.1333822075273474e-05,-1.7144193904528038e-06
D3_100P_lam1,44.0,6.7507160661858325,1.0,-4.300171128841906e-05,-4.300171128841906e-05,4.582011970516384e-05,-2.909909739903793e-06,-2.9099097398066487e-06,-2.9099097402264518e-06,0.9999999989502584,4.5820120858757144e-05,0.9999999989502584,4.582936042905197e-05,2.228544709936662e-12,1.0,2.228854101667345e-12,4.582935927494911e-05,4.582935927494911e-05,0.0,0.0,0.0,6.28448537232558e-05,-3.872740063659563e-05,0.00010918354522804208,-1.6362827936655666e-05,-1.4210854715202004e-14,4.582011861818532e-05,4.5820120846731065e-05,2.2285457415737326e-12,0.0014589039082451194,0.0008051234938687053,1.553314874919294e-07,-4.3001711283352506e-05,-1.7974339847626197e-06
D3_100P_lam1,45.0,6.904141431326419,1.0,-4.4928690046383865e-05,-4.4928690046383865e-05,4.681926016717469e-05,-3.0579670393139635e-06,-3.0579670395637637e-06,-3.0579670395776415e-06,0.9999999989039785,4.681926134659688e-05,0.9999999989039785,4.683095812513967e-05,2.057228752941214e-12,1.0,2.058015329667993e-12,4.6830956944737065e-05,4.6830956944737065e-05,0.0,0.0,0.0,6.489779349247633e-05,-3.977557654977204e-05,0.00011331514598822423,-1.679388849362695e-05,-7.105427357601002e-15,4.681925927653791e-05,4.681926133376741e-05,2.0572295042265943e-12,0.0014392690558532564,0.0008089460782236058,1.497828183539366e-07,-4.4928690044798714e-05,-1.9370066794976992e-06
D3_100P_lam1,46.0,7.057566796467007,1.0,-4.687572464086562e-05,-4.687572464086562e-05,4.79098188195991e-05,-3.245228350545748e-06,-3.2452283504971757e-06,-3.245228350934326e-06,0.9999999988523244,4.790982003434368e-05,0.9999999988523246,4.7919154742146715e-05,2.129932552979104e-12,1.0,2.130200640959439e-12,4.7919153526976424e-05,4.7919153526976424e-05,0.0,0.0,0.0,6.703414616197407e-05,-4.0688072956540644e-05,0.0001177750913958775,-1.7235638272883325e-05,-2.1316282072803006e-14,4.7909817890666914e-05,4.790982002059926e-05,2.129932347140392e-12,0.0014348179661037828,0.0008016824515958067,1.4644752394394983e-07,-4.6875724642347905e-05,-1.8561577803666296e-06
D3_100P_lam1,47.0,7.210992161607593,1.0,-4.864100561022635e-05,-4.864100561022635e-05,4.894571965158934e-05,-3.438120517746529e-06,-3.4381205176493845e-06,-3.4381205181316377e-06,0.9999999988021584,4.894572089497027e-05,0.9999999988021582,4.89545217061626e-05,2.2792271076656335e-12,1.0,2.2794356233137024e-12,4.895452046242215e-05,4.895452046242215e-05,0.0,0.0,0.0,6.90107984174382e-05,-4.130339332097943e-05,0.00012197542883107815,-1.768201744567488e-05,-2.1316282072803006e-14,4.894571860108653e-05,4.894572088031367e-05,2.279227139192202e-12,0.001444088256646888,0.0007901532310223954,1.4421170090190352e-07,-4.864100560553197e-05,-1.854866386707954e-06
D3_100P_lam1,48.0,7.364417526748181,1.0,-5.058545741284021e-05,-5.058545741284021e-05,4.9922311835882204e-05,-3.632901322322274e-06,-3.632901322565135e-06,-3.6329013225581963e-06,0.9999999987538812,4.9922313103362235e-05,0.9999999987538812,4.993407306132343e-05,2.1643433021518756e-12,0.9999999999999999,2.1651169812923264e-12,4.9934071792888346e-05,4.9934071792888346e-05,0.0,0.0,0.0,7.107951355776018e-05,-4.181363731148302e-05,0.0001262445081522401,-1.812810962814604e-05,-2.1316282072803006e-14,4.9922310923463165e-05,4.992231308780925e-05,2.1643460857197392e-12,0.0014438769472518084,0.0007878644014028128,1.4590228960295357e-07,-5.058545741576381e-05,-2.0251875874066627e-06
D3_100P_lam1,49.0,7.517842891888768,1.0,-5.269138078587022e-05,-5.269138078587022e-05,5.102287020892154e-05,-3.852749451301735e-06,-3.852749451280918e-06,-3.852749451718068e-06,0.9999999986983332,5.102287151244139e-05,0.9999999986983331,5.103384160008551e-05,2.155829068116909e-12,1.0,2.1563159893906747e-12,5.1033840295897945e-05,5.1033840295897945e-05,0.0,0.0,0.0,7.335415134069107e-05,-4.2311357584035036e-05,0.00013092820325111276,-1.8580871343376604e-05,-1.4210854715202004e-14,5.1022869340011816e-05,5.102287149584089e-05,2.155829078160188e-12,0.0014388212886950183,0.0007935483619423417,1.5109282069382927e-07,-5.26913807803453e-05,-2.027538151594399e-06
D3_100P_lam1,50.0,7.671268257029355,1.0,-5.4640533721937826e-05,-5.4640533721937826e-05,5.211927096673463e-05,-4.059220874583214e-06,-4.059220874524233e-06,-4.059220874933628e-06,0.9999999986417908,5.211927230061639e-05,0.9999999986417908,5.2128709817010934e-05,2.305013304855901e-12,1.0,2.305189083604539e-12,5.21287084828255e-05,5.21287084828255e-05,0.0,0.0,0.0,7.551812499844518e-05,-4.313191119742488e-05,0.00013534515692059657,-1.9039287402711214e-05,-1.4210854715202004e-14,5.211926997790789e-05,5.2119272282920095e-05,2.30501220626034e-12,0.0014394845691750072,0.0008000850584313831,1.549900919055819e-07,-5.464053371895261e-05,-1.9928686505465976e-06
D3_100P_lam1,51.0,7.824693622169942,1.0,-5.667711808277562e-05,-5.667711808277562e-05,5.313667565639011e-05,-4.252374832147687e-06,-4.252374832324629e-06,-4.252374832456468e-06,0.9999999985882468,5.313667701232744e-05,0.9999999985882468,5.314887626471907e-05,2.2807544181537424e-12,0.9999999999999998,2.2813782530639734e-12,5.3148874907945354e-05,5.3148874907945354e-05,0.0,0.0,0.0,7.769874484457911e-05,-4.441969110469124e-05,0.00013962220299612582,-1.9498021037289703e-05,-1.4210854715202004e-14,5.3136674712819416e-05,5.313667699357346e-05,2.280754040137903e-12,0.0014453580346787936,0.0008058043201540741,1.586194648894135e-07,-5.6677118081438493e-05,-2.1618952210644693e-06
D3_100P_lam1,52.0,7.978118987310529,1.0,-5.89643241630858e-05,-5.89643241630858e-05,5.426462468391319e-05,-4.459986401229854e-06,-4.459986401417204e-06,-4.4599864016531265e-06,0.9999999985276752,5.426462607599637e-05,0.9999999985276752,5.4277587797286744e-05,2.202656954578941e-12,1.0,2.2033961667495644e-12,5.4277586404283376e-05,5.4277586404283376e-05,0.0,0.0,0.0,8.014264641702743e-05,-4.5496643590881014e-05,0.0001442714487711605,-1.996427152906044e-05,-2.1316282072803006e-14,5.426462385337168e-05,5.426462605602492e-05,2.2026532436925216e-12,0.0014520305438581577,0.0008110599651789138,1.6366532243533593e-07,-5.896432416108155e-05,-2.2322946975350533e-06
D3_100P_lam1,53.0,8.131544352451117,1.0,-6.114170748008899e-05,-6.114170748008899e-05,5.540635122660758e-05,-4.637917089770488e-06,-4.637917089708038e-06,-4.637917090207638e-06,0.999999998465068,5.540635265219894e-05,0.999999998465068,5.54168031780226e-05,2.3189160896439513e-12,1.0,2.3191419112369623e-12,5.541680175207051e-05,5.541680175207051e-05,0.0,0.0,0.0,8.251864198032583e-05,-4.5906601976120065e-05,0.00014866151536985228,-2.044215129920479e-05,-1.4210854715202004e-14,5.540635031202236e-05,5.540635263093838e-05,2.3189160155634934e-12,0.0014533570746481028,0.000813887923125232,1.67624541228651e-07,-6.11417074765086e-05,-2.1479199574514496e-06
D3_100P_lam1,54.0,8.284969717591704,1.0,-6.326016407417544e-05,-6.326016407417544e-05,5.6433243476856996e-05,-4.78237531879519e-06,-4.782375318847232e-06,-4.782375319308668e-06,0.9999999984076445,5.6433244922566996e-05,0.9999999984076445,5.644512526719294e-05,2.3840796593302737e-12,1.0,2.3845351915988798e-12,5.644512382083958e-05,5.644512382083958e-05,0.0,0.0,0.0,8.478145854782566e-05,-4.6030745361802516e-05,0.0001527603613444839,-2.0925414723760305e-05,-1.4210854715202004e-14,5.6433242516017325e-05,5.6433244900100016e-05,2.3840826916672544e-12,0.0014463264701890125,0.0008107883370240432,1.694458575714673e-07,-6.326016407598445e-05,-2.2475990633097354e-06
D3_100P_lam1,55.0,8.43839508273229,1.0,-6.563690559887794e-05,-6.563690559887794e-05,5.756151410378325e-05,-4.938058998864292e-06,-4.9380589989926615e-06,-4.938058999228584e-06,0.9999999983433362,5.756151558424718e-05,0.9999999983433359,5.7575581187536984e-05,2.272687822287456e-12,1.0000000000000002,2.273598293103205e-12,5.757557970601312e-05,5.757557970601312e-05,0.0,0.0,0.0,8.731062510770846e-05,-4.615820291486994e-05,0.0001572520944819189,-2.1417594334494083e-05,-2.1316282072803006e-14,5.756151328772024e-05,5.756151556040917e-05,2.2726889297542475e-12,0.001440389600064127,0.0008002431200375842,1.7230039594948873e-07,-6.563690560312807e-05,-2.379677223274257e-06
D3_100P_lam1,56.0,8.591820447872877,1.0,-6.801951852680747e-05,-6.801951852680747e-05,5.8732854767863416e-05,-5.091324890630494e-06,-5.091324890526411e-06,-5.091324891126625e-06,0.9999999982752253,5.873285628529227e-05,0.9999999982752258,5.874463190486605e-05,2.332773567396897e-12,0.9999999999999999,2.3331412728012455e-12,5.874463038691256e-05,5.874463038691256e-05,0.0,0.0,0.0,8.987536392384141e-05,-4.648248192684612e-05,0.00016161715857787584,-2.192651279769864e-05,-1.4210854715202004e-14,5.873285392719456e-05,5.8732856259968426e-05,2.332773866643892e-12,0.0014394234680396756,0.000788380849760219,1.7544312341390515e-07,-6.801951852253296e-05,-2.3073491988157002e-06
D3_100P_lam1,57.0,8.745245813013465,1.0,-7.025160400581413e-05,-7.025160400581413e-05,5.976112514116734e-05,-5.236617834060431e-06,-5.23661783425125e-06,-5.236617834459417e-06,0.999999998214304,5.9761126677744174e-05,0.9999999982143039,5.977276513715356e-05,2.4603719023546183e-12,0.9999999999999999,2.4607031802371e-12,5.977276360008359e-05,5.977276360008359e-05,0.0,0.0,0.0,9.22391743946664e-05,-4.740241500789111e-05,0.00016557822072238437,-2.2446573140988413e-05,-1.4210854715202004e-14,5.976112419069259e-05,5.976112665106594e-05,2.4603733593214235e-12,0.0014382722519696446,0.0007843500908938149,1.7587792688783193e-07,-7.025160400075947e-05,-2.332443102659454e-06
D3_100P_lam1,58.0,8.898671178154052,1.0,-7.268440472460664e-05,-7.268440472460664e-05,6.087588213427208e-05,-5.405259757888803e-06,-5.405259758180236e-06,-5.405259758319014e-06,0.9999999981470634,6.0875883702438404e-05,0.9999999981470635,6.0890504952212295e-05,2.3633361149534e-12,1.0,2.364249234268526e-12,6.089050338298245e-05,6.089050338298245e-05,0.0,0.0,0.0,9.481913847591993e-05,-4.87905239352493e-05,0.00016992306614938002,-2.2973820275995482e-05,-7.105427357601002e-15,6.087588131090147e-05,6.087588367423801e-05,2.363336539674732e-12,0.0014379419106794757,0.0007897133560301343,1.769876131022544e-07,-7.268440472785187e-05,-2.5104902050543387e-06
D3_100P_lam1,59.0,9.052096543294638,1.0,-7.52725844138358e-05,-7.52725844138358e-05,6.209119639597792e-05,-5.569144063896636e-06,-5.569144063986842e-06,-5.569144064413584e-06,0.9999999980723416,6.209119800410203e-05,0.9999999980723415,6.210501838874088e-05,2.3564869403663222e-12,1.0,2.357088790315723e-12,6.210501677985393e-05,6.210501677985393e-05,0.0,0.0,0.0,9.758579623025378e-05,-5.006957213471441e-05,0.00017431617197338767,-2.351590485760724e-05,-7.105427357601002e-15,6.209119561769278e-05,6.209119797417918e-05,2.356486399445051e-12,0.0014419632300237343,0.000799164364493306,1.7890727388726996e-07,-7.527258441086815e-05,-2.519548729651433e-06
D3_100P_lam1,60.0,9.205521908435227,1.0,-7.772350218524855e-05,-7.772350218524855e-05,6.317846475340984e-05,-5.694953871041714e-06,-5.69495387124988e-06,-5.694953871572539e-06,0.9999999980042409,6.317846638165889e-05,0.9999999980042408,6.319098948030896e-05,2.5112443469366535e-12,1.0000000000000002,2.5115287999515873e-12,6.31909878516277e-05,6.31909878516277e-05,0.0,0.0,0.0,0.0001001700359938071,-5.099586851542437e-05,0.0001781539994158976,-2.4072741022340693e-05,-7.105427357601002e-15,6.317846383889405e-05,6.317846635013474e-05,2.5112406804933627e-12,0.0014479069855303727,0.0008082808800745716,1.7692272708065974e-07,-7.772350218715474e-05,-2.4990252782686184e-06
D3_100P_lam1,61.0,9.358947273575813,1.0,-8.027063496993406e-05,-8.027063496993406e-05,6.429592356505216e-05,-5.819561003567175e-06,-5.819561003813506e-06,-5.819561003889834e-06,0.9999999979330171,6.42959252201126e-05,0.9999999979330171,6.431109133846303e-05,2.4641584386130848e-12,1.0000000000000002,2.4649384923459053e-12,6.431108968244722e-05,6.431108968244722e-05,0.0,0.0,0.0,0.00010285563701493969,-5.189477565148426e-05,0.00018217701818246113,-2.463702775451493e-05,-2.842170943040401e-14,6.42959227227274e-05,6.429592518688692e-05,2.464159523686174e-12,0.0014508199441379474,0.0008146110288173039,1.7433041258899337e-07,-8.027063496740539e-05,-2.6595027655673675e-06
D3_100P_lam1,62.0,9.5123726387164,1.0,-8.3042507719069e-05,-8.3042507719069e-05,6.552649332814816e-05,-5.931011524712426e-06,-5.931011524917124e-06,-5.931011525201618e-06,0.9999999978531394,6.552649502477648e-05,0.9999999978531393,6.554216590630976e-05,2.40026434474344e-12,0.9999999999999999,2.40112532470743e-12,6.55421642086864e-05,6.55421642086864e-05,0.0,0.0,0.0,0.00010579141487218406,-5.3117184257822636e-05,0.00018635071403583225,-2.5212839727284386e-05,-2.1316282072803006e-14,6.552649258934682e-05,6.552649498960816e-05,2.400261348253221e-12,0.0014505307878483493,0.0008149131934094121,1.7604422254679862e-07,-8.304250771828947e-05,-2.7169552261341323e-06
D3_100P_lam1,63.0,9.665798003856986,1.0,-8.570454542132599e-05,-8.570454542132599e-05,6.663499108487491e-05,-5.998592701200733e-06,-5.9985927012874696e-06,-5.9985927017454366e-06,0.9999999977798887,6.663499280486624e-05,0.9999999977798888,6.66482901932617e-05,2.5473911810325575e-12,0.9999999999999999,2.5477282555479362e-12,6.664828847278765e-05,6.664828847278765e-05,0.0,0.0,0.0,0.00010856911921194851,-5.450659763983623e-05,0.00018991781606780833,-2.580306174831959e-05,-2.1316282072803006e-14,6.663499022049055e-05,6.663499276788155e-05,2.547391002023748e-12,0.0014481786916174509,0.0008081821414489296,1.791955765401433e-07,-8.570454541967365e-05,-2.6351063588947454e-06
D3_100P_lam1,64.0,9.819223368997575,1.0,-8.831272044005614e-05,-8.831272044005614e-05,6.769640241228779e-05,-6.066869205144376e-06,-6.066869205574588e-06,-6.066869205539893e-06,0.9999999977085985,6.769640415343755e-05,0.9999999977085984,6.771098229105785e-05,2.561780634618539e-12,1.0000000000000002,2.5623804302338194e-12,6.771098054913657e-05,6.771098054913657e-05,0.0,0.0,0.0,0.00011128298378432104,-5.59687834669198e-05,0.00019351595279060163,-2.639598059667181e-05,-7.105427357601002e-15,6.769640155287542e-05,6.769640411465718e-05,2.5617817643834824e-12,0.0014430563206926502,0.0007981166415069262,1.8221544192136756e-07,-8.831272043607896e-05,-2.7223802447906564e-06
D3_100P_lam1,65.0,9.972648734138161,1.0,-9.114930590356256e-05,-9.114930590356256e-05,6.889513176754545e-05,-6.132458087643178e-06,-6.132458087847875e-06,-6.132458088076859e-06,0.9999999976267304,6.889513354998621e-05,0.9999999976267305,6.891155631619171e-05,2.471188799729544e-12,1.0000000000000002,2.4722201494435565e-12,6.891155453261388e-05,6.891155453261388e-05,0.0,0.0,0.0,0.00011426716838573906,-5.7360656522065234e-05,0.0001974422172117407,-2.6987675190104365e-05,-2.1316282072803006e-14,6.889513103792374e-05,6.889513350911254e-05,2.471188799729544e-12,0.0014375471998802384,0.0007896131162644162,1.8685941071320044e-07,-9.114930590925496e-05,-2.837997843840867e-06
D3_100P_lam1,66.0,10.126074099278748,1.0,-9.398871612433566e-05,-9.398871612433566e-05,7.002603522082614e-05,-6.168957072116843e-06,-6.168957072179293e-06,-6.168957072661546e-06,0.9999999975481771,7.002603703149337e-05,0.999999997548177,7.004044713171487e-05,2.582754817926126e-12,0.9999999999999999,2.583238299813155e-12,7.004044532040903e-05,7.004044532040903e-05,0.0,0.0,0.0,0.00011721574185791763,-5.8417978128999515e-05,0.00020087505588417542,-2.7584174311034992e-05,-2.1316282072803006e-14,7.002603440581444e-05,7.002603698856953e-05,2.582755081055902e-12,0.001435647859695109,0.0007860622865200781,1.898224489075808e-07,-9.39887161237607e-05,-2.7794399137803794e-06
D3_100P_lam1,67.0,10.279499464419336,1.0,-9.670818574526686e-05,-9.670818574526686e-05,7.10524291114396e-05,-6.209766840136605e-06,-6.209766840389874e-06,-6.209766840514774e-06,0.9999999974757762,7.105243093797868e-05,0.9999999974757758,7.106692516983076e-05,2.6455070510111887e-12,1.0,2.645968232730463e-12,7.10669233426703e-05,7.10669233426703e-05,0.0,0.0,0.0,0.00012001236313803256,-5.9546280283151454e-05,0.00020417880630985152,-2.817742402611012e-05,-1.4210854715202004e-14,7.105242824763322e-05,7.105243089314133e-05,2.645508110935469e-12,0.0014391705237534462,0.0007890630056727144,1.8885979602407483e-07,-9.670818573681572e-05,-2.8207275342140292e-06
D3_100P_lam1,68.0,10.432924829559923,1.0,-9.963017119288336e-05,-9.963017119288336e-05,7.22414330769501e-05,-6.25615190217102e-06,-6.256151902514495e-06,-6.25615190267409e-06,0.9999999973905879,7.224143494201605e-05,0.9999999973905874,7.225880595685926e-05,2.567832856822958e-12,1.0000000000000004,2.5688776087252486e-12,7.225880409064178e-05,7.225880409064178e-05,0.0,0.0,0.0,0.00012307513962666643,-6.086707549324277e-05,0.00020793427261711628,-2.876051932709789e-05,-1.4210854715202004e-14,7.224143232705527e-05,7.224143489488852e-05,2.567833251697658e-12,0.0014444786856982743,0.0007982381344202923,1.8883993014292384e-07,-9.963017119218875e-05,-2.9990228256338014e-06
D3_100P_lam1,69.0,10.58635019470051,1.0,-0.00010270623141047671,-0.00010270623141047671,7.342489431576738e-05,-6.294735548629388e-06,-6.294735548726532e-06,-6.294735549139396e-06,0.9999999973043925,7.342489621422156e-05,0.9999999973043923,7.344162728128318e-05,2.6279265123119393e-12,1.0,2.628641661076329e-12,7.34416253819558e-05,7.34416253819558e-05,0.0,0.0,0.0,0.0001262625269335285,-6.17940450208243e-05,0.00021139025264682587,-2.9344727729863074e-05,-2.842170943040401e-14,7.342489353681193e-05,7.342489616473851e-05,2.6279265749974172e-12,0.0014477763139653915,0.0008096377449829222,1.9087126388832836e-07,-0.00010270623138808332,-3.0165137943072295e-06
D3_100P_lam1,70.0,10.739775559841096,1.0,-0.00010566319879804444,-0.00010566319879804444,7.443481356499676e-05,-6.347276957609921e-06,-6.347276957696657e-06,-6.347276958071357e-06,0.9999999972297292,7.443481547577359e-05,0.9999999972297292,7.44503338242565e-05,2.7120585887778737e-12,1.0000000000000002,2.7124714068760088e-12,7.445033191291761e-05,7.445033191291761e-05,0.0,0.0,0.0,0.00012925767466326243,-6.247385691215968e-05,0.00021451290077800778,-2.9931262392146607e-05,-7.105427357601002e-15,7.443481271216247e-05,7.443481542422104e-05,2.712058561845438e-12,0.001449486068261271,0.0008166810612874085,1.8990668761819832e-07,-0.00010566319878080321,-2.9977990152474376e-06
D3_100P_lam1,71.0,10.893200924981684,1.0,-0.00010870182942705329,-0.00010870182942705329,7.556090936186867e-05,-6.42308437618852e-06,-6.423084376545873e-06,-6.423084376708937e-06,0.9999999971452743,7.556091130569955e-05,0.9999999971452741,7.5578741983892e-05,2.67702983182415e-12,0.9999999999999999,2.677936048025365e-12,7.557874003901051e-05,7.557874003901051e-05,0.0,0.0,0.0,0.00013239416222023053,-6.351613429456116e-05,0.00021806767263621296,-3.0509787005750244e-05,-1.4210854715202004e-14,7.556090857474204e-05,7.5560911251773e-05,2.677030956759825e-12,0.001450477374240298,0.0008148783965660857,1.8660446621580252e-07,-0.0001087018294185782,-3.1389708254891957e-06
D3_100P_lam1,72.0,11.046626290122271,1.0,-0.00011194114044228102,-0.00011194114044228102,7.671278963096117e-05,-6.512044162493291e-06,-6.512044162531455e-06,-6.512044163114322e-06,0.9999999970575739,7.671279161224035e-05,0.9999999970575738,7.673110622515788e-05,2.6900191678710713e-12,1.0000000000000002,2.6909802938380918e-12,7.673110424278451e-05,7.673110424278451e-05,0.0,0.0,0.0,0.00013571462776172639,-6.475235036373927e-05,0.00022156236566983623,-3.1086751651976385e-05,-2.842170943040401e-14,7.671278886579034e-05,7.671279155581026e-05,2.690019912353475e-12,0.0014482675454352853,0.0008055497353534264,1.839391004548127e-07,-0.0001119411404317816,-3.1920619676384376e-06
D3_100P_lam1,73.0,11.200051655262858,1.0,-0.00011508595336544747,-0.00011508595336544747,7.765712191805504e-05,-6.607416319345805e-06,-6.607416319463766e-06,-6.607416320036225e-06,0.9999999969846858,7.765712391077764e-05,0.9999999969846854,7.767330940929986e-05,2.7627775508129484e-12,1.0,2.7632398197722817e-12,7.767330741596307e-05,7.767330741596307e-05,0.0,0.0,0.0,0.00013884487117510878,-6.58184452982935e-05,0.0002245982126400925,-3.1666164126864516e-05,-1.4210854715202004e-14,7.765712108945943e-05,7.765712385223701e-05,2.7627775780004744e-12,0.0014415530701773589,0.0007944529550630252,1.7833918877655045e-07,-0.00011508595335385507,-3.1198225656225986e-06
D3_100P_lam1,74.0,11.353477020403446,1.0,-0.00011818078557886942,-0.00011818078557886942,7.86648571955448e-05,-6.722913317498691e-06,-6.722913317932372e-06,-6.722913317911555e-06,0.9999999969059201,7.866485921351393e-05,0.99999999690592,7.868219323136829e-05,2.7794901456196255e-12,0.9999999999999999,2.7802071606599996e-12,7.86821912125198e-05,7.86821912125198e-05,0.0,0.0,0.0,0.0001419773296174391,-6.704910554877763e-05,0.00022798703505122475,-3.2232603132453796e-05,-2.1316282072803006e-14,7.866485637317507e-05,7.866485915266404e-05,2.7794889671432977e-12,0.001435508524317978,0.0007871581569095501,1.7045627750760948e-07,-0.0001181807855630268,-3.2022534952602655e-06
D3_100P_lam1,75.0,11.506902385544032,1.0,-0.00012149046034451571,-0.00012149046034451571,7.976345508887638e-05,-6.871348217012824e-06,-6.871348217085682e-06,-6.8713482175540574e-06,0.9999999968188956,7.976345714621102e-05,0.9999999968188957,7.978268355185893e-05,2.7711312013001696e-12,1.0,2.7722445102951534e-12,7.978268149329131e-05,7.978268149329131e-05,0.0,0.0,0.0,0.00014534504552246656,-6.851959978859679e-05,0.0002315666498051705,-3.2784889950843166e-05,-2.842170943040401e-14,7.976345431164755e-05,7.976345708277395e-05,2.7711263963696853e-12,0.0014361344149399161,0.0007866714824310238,1.6536760585783468e-07,-0.0001214904603443756,-3.3208333860557104e-06
D3_100P_lam1,76.0,11.660327750684619,1.0,-0.00012482245232738748,-0.00012482245232738748,8.06660688215935e-05,-7.025073426161765e-06,-7.025073426245032e-06,-7.0250734268383075e-06,0.9999999967464928,8.066607089199371e-05,0.9999999967464925,8.068359168335643e-05,2.8007823153489843e-12,1.0,2.8013930320767197e-12,8.068358961219255e-05,8.068358961219255e-05,0.0,0.0,0.0,0.0001486285972462469,-6.97276365873023e-05,0.00023459164870809346,-3.333252209092308e-05,-1.4210854715202004e-14,8.066606802559876e-05,8.066607082638058e-05,2.800781818940315e-12,0.0014419910175679051,0.0007935473307655929,1.5893097779313696e-07,-0.00012482245233513822,-3.2741586935003397e-06
D3_100P_lam1,77.0,11.813753115825207,1.0,-0.00012803877772621174,-0.00012803877772621174,8.155876734413964e-05,-7.176718105555285e-06,-7.176718105943863e-06,-7.1767181060375385e-06,0.9999999966740838,8.155876943088993e-05,0.9999999966740837,8.157614406379245e-05,2.860456302926209e-12,0.9999999999999999,2.8610241145459123e-12,8.157614197631553e-05,8.157614197631553e-05,0.0,0.0,0.0,0.00015181754776550155,-7.093261992008326e-05,0.00023772414514855456,-3.386296669155575e-05,-1.4210854715202004e-14,8.155876650262044e-05,8.15587693630748e-05,2.8604543630230985e-12,0.0014470379128125599,0.0008047733458590913,1.4887267453364812e-07,-0.00012803877773137629,-3.2992913432394744e-06
D3_100P_lam1,78.0,11.967178480965794,1.0,-0.00013142103502415637,-0.00013142103502415637,8.25874233456424e-05,-7.330634260355878e-06,-7.330634260709762e-06,-7.330634261011604e-06,0.999999996589659,8.258742547083127e-05,0.9999999965896587,8.260735858402396e-05,2.8654424807874776e-12,1.0000000000000002,2.8665538634513255e-12,8.260735645760542e-05,8.260735645760542e-05,0.0,0.0,0.0,0.00015522703470667273,-7.250210940790147e-05,0.00024115850991179855,-3.436872734385865e-05,-2.1316282072803006e-14,8.258742253497718e-05,8.258742540041926e-05,2.86544208113887e-12,0.0014489989351919859,0.0008136364843453613,1.4099373301463867e-07,-0.00013142103502161717,-3.4491496592181647e-06
D3_100P_lam1,79.0,12.12060384610638,1.0,-0.00013493707705243058,-0.00013493707705243058,8.343860125171459e-05,-7.448065467624554e-06,-7.4480654677841485e-06,-7.448065468349668e-06,0.9999999965189998,8.343860339335259e-05,0.999999996519,8.345783154555822e-05,2.832235657188674e-12,1.0,2.8330818569327156e-12,8.345782940293274e-05,8.345782940293274e-05,0.0,0.0,0.0,0.00015866061666284026,-7.384889977002373e-05,0.00024396202093157626,-3.4862508287492044e-05,-1.4210854715202004e-14,8.343860048850377e-05,8.343860332073942e-05,2.832235657188674e-12,0.0014489954318596624,0.0008144775627797501,1.3419367668552503e-07,-0.00013493707704981261,-3.4426790236352645e-06
D3_100P_lam1,80.0,12.274029211246967,1.0,-0.00013830639306219286,-0.00013830639306219286,8.418061385052222e-05,-7.5420146719885894e-06,-7.54201467235982e-06,-7.5420146724777815e-06,0.999999996456812,8.418061600023518e-05,0.9999999964568119,8.419816200670347e-05,2.9125957418402158e-12,0.9999999999999999,2.9131076934442578e-12,8.419815985633312e-05,8.419815985633312e-05,0.0,0.0,0.0,0.00016191959560241229,-7.492194583447187e-05,0.00024656324669214413,-3.533657412430058e-05,-1.4210854715202004e-14,8.418061301306484e-05,8.418061592566476e-05,2.91259991690345e-12,0.001447147149669893,0.000807355466990656,1.2560243229845901e-07,-0.0001383063930688877,-3.3836782975527058e-06
D3_100P_lam1,81.0,12.427454576387555,1.0,-0.0001417044336408558,-0.0001417044336408558,8.50697139228025e-05,-7.647157305338409e-06,-7.647157305726987e-06,-7.647157306032298e-06,0.9999999963815719,8.506971610687963e-05,0.9999999963815717,8.508915958112113e-05,2.9600119642749474e-12,1.0,2.960980625067584e-12,8.508915739592518e-05,8.508915739592518e-05,0.0,0.0,0.0,0.00016528845850996863,-7.61372201332211e-05,0.00024955555317163203,-3.5774943660971115e-05,-2.1316282072803006e-14,8.506971306991374e-05,8.5069716029925e-05,2.960011258014772e-12,0.00144343188225048,0.0007972734906677706,1.1888038247636243e-07,-0.00014170443364491803,-3.491940248068204e-06
D3_100P_lam1,82.0,12.580879941528142,1.0,-0.00014529027355849328,-0.00014529027355849328,8.583549917658202e-05,-7.735317742119108e-06,-7.735317742334213e-06,-7.735317742930958e-06,0.9999999963161336,8.583550138107595e-05,0.9999999963161335,8.58556289741646e-05,2.866249988514905e-12,1.0,2.867342219843295e-12,8.585562676847826e-05,8.585562676847826e-05,0.0,0.0,0.0,0.0001687614079240695,-7.703627235522426e-05,0.00025206718708226106,-3.618702097463178e-05,-2.1316282072803006e-14,8.583549843577689e-05,8.583550130202605e-05,2.8662491661500113e-12,0.0014396956969363293,0.000790354590301436,1.1388754207345768e-07,-0.0001452902735650241,-3.541033450460418e-06
D3_100P_lam1,83.0,12.734305306668729,1.0,-0.00014878650055452609,-0.00014878650055452609,8.642695505163716e-05,-7.81078641228991e-06,-7.810786412622978e-06,-7.810786412876247e-06,0.9999999962651908,8.642695725784195e-05,0.9999999962651905,8.644491540052888e-05,2.9350135642403348e-12,0.9999999999999999,2.9355684755299523e-12,8.644491319361476e-05,8.644491319361476e-05,0.0,0.0,0.0,0.00017207587440737414,-7.764441953306278e-05,0.0002541899599672881,-3.6572193966522004e-05,-1.4210854715202004e-14,8.642695424213345e-05,8.642695717714682e-05,2.9350133727747985e-12,0.0014382920539012555,0.0007902335264053424,1.0669031907934837e-07,-0.00014878650054583886,-3.458365974040589e-06
D3_100P_lam1,84.0,12.887730671809317,1.0,-0.00015220700551279927,-0.00015220700551279927,8.716502606824234e-05,-7.903884761562702e-06,-7.903884761961688e-06,-7.903884762246183e-06,0.999999996201129,8.716502830201561e-05,0.9999999962011289,8.718390031679938e-05,3.0402303774847497e-12,1.0,3.0410071412825816e-12,8.718389808208016e-05,8.718389808208016e-05,0.0,0.0,0.0,0.00017540798832444874,-7.874970414267768e-05,0.0002567279056515659,-3.691327073240824e-05,-1.4210854715202004e-14,8.716502517900367e-05,8.716502821923405e-05,3.0402303859062912e-12,0.0014405423545704836,0.0007960393991491587,9.870107702487668e-08,-0.0001522070055131053,-3.5235835440516894e-06
D3_100P_lam1,85.0,13.041156036949904,1.0,-0.00015583366763121707,-0.00015583366763121707,8.783685608509015e-05,-7.988450153633558e-06,-7.988450153980503e-06,-7.988450154539084e-06,0.9999999961423433,8.783685834251258e-05,0.9999999961423435,8.78577980073836e-05,2.9105730546358775e-12,1.0,2.911818209284539e-12,8.785779574864514e-05,8.785779574864514e-05,0.0,0.0,0.0,0.00017889403966030057,-7.981702317105821e-05,0.00025896646573864146,-3.721809189688452e-05,-1.4210854715202004e-14,8.783685534722669e-05,8.783685825779974e-05,2.9105730546358775e-12,0.0014452059288809272,0.0008035741422523516,9.31424431666809e-08,-0.00015583366763394224,-3.63906200107067e-06
D3_100P_lam1,86.0,13.19458140209049,1.0,-0.0001594851295178841,-0.0001594851295178841,8.828495178260456e-05,-8.049438438014617e-06,-8.04943843843789e-06,-8.0494384387432e-06,0.9999999961028837,8.828495403816845e-05,0.9999999961028835,8.830413122218404e-05,2.930871631015255e-12,1.0,2.9315894605722844e-12,8.830412896576577e-05,8.830412896576577e-05,0.0,0.0,0.0,0.00018229942037770885,-8.013669853013106e-05,0.00026062687879280233,-3.749548521786439e-05,-2.1316282072803006e-14,8.828495102127995e-05,8.828495395215263e-05,2.930872679496246e-12,0.0014484070113450437,0.000808444187825464,8.800594328101618e-08,-0.00015948512951524663,-3.576723742071408e-06
D3_100P_lam1,87.0,13.348006767231077,1.0,-0.0001629871151201929,-0.0001629871151201929,8.884477888496151e-05,-8.117067685626395e-06,-8.1170676862162e-06,-8.117067686209262e-06,0.9999999960533026,8.88447811594549e-05,0.9999999960533024,8.886344031346781e-05,3.0957331829480582e-12,0.9999999999999999,3.096354449998932e-12,8.886343803818445e-05,8.886343803818445e-05,0.0,0.0,0.0,0.0001856379855342137,-8.032559331561107e-05,0.00026260378614395563,-3.773090408765167e-05,-2.842170943040401e-14,8.884477797605943e-05,8.884478107179258e-05,3.0957331447905106e-12,0.0014475941475643088,0.0008083016553700548,8.084061711698924e-08,-0.00016298711511808506,-3.5722044202657344e-06
D3_100P_lam1,88.0,13.501432132371665,1.0,-0.00016662953836444792,-0.00016662953836444792,8.939678393171674e-05,-8.176685115875854e-06,-8.176685116472598e-06,-8.176685116802196e-06,0.9999999960041074,8.939678623112695e-05,0.9999999960041072,8.941802878122637e-05,2.9641727455673696e-12,1.0000000000000002,2.9654130496986673e-12,8.941802648049738e-05,8.941802648049738e-05,0.0,0.0,0.0,0.00018910561100887393,-8.047451016368612e-05,0.0002644746672264553,-3.7926993274151055e-05,-1.4210854715202004e-14,8.939678317765094e-05,8.939678614182394e-05,2.9641729950751593e-12,0.001444410734028646,0.0008037478512916849,7.471350979282503e-08,-0.0001666295383557781,-3.7087740878405384e-06
D3_100P_lam1,89.0,13.654857497512252,1.0,-0.0001704046632832243,-0.0001704046632832243,8.970732839796002e-05,-8.20494472391839e-06,-8.204944724334723e-06,-8.204944724771873e-06,0.9999999959762976,8.970733069476085e-05,0.9999999959762976,8.972791051437743e-05,2.910471993451175e-12,0.9999999999999999,2.911441858512201e-12,8.972790821650362e-05,8.972790821650362e-05,0.0,0.0,0.0,0.00019258450269187352,-8.029778584672798e-05,0.0002656662645268426,-3.8097561037675476e-05,-2.1316282072803006e-14,8.970732769404917e-05,8.970733060452095e-05,2.9104717767138456e-12,0.0014421299061033138,0.0007980881723525727,6.964456703269497e-08,-0.00017040466329376613,-3.6906958911231413e-06
D3_100P_lam1,90.0,13.808282862652838,1.0,-0.00017401093014358663,-0.00017401093014358663,9.007386794951988e-05,-8.237795190893515e-06,-8.23779519149373e-06,-8.237795191438219e-06,0.999999995943349,9.007387025602107e-05,0.9999999959433492,9.009254596538349e-05,3.119561563560204e-12,0.9999999999999999,3.1201183948348574e-12,9.009254365816457e-05,9.009254365816457e-05,0.0,0.0,0.0,0.00019595003028100868,-8.030239863943134e-05,0.0002670214455369191,-3.823306595840403e-05,-3.552713678800501e-14,9.007386704510999e-05,9.007387016467182e-05,3.119561832036846e-12,0.0014420885374055218,0.000795229664288406,6.11995830790622e-08,-0.00017401093013802438,-3.614793442352493e-06
D3_100P_lam1,91.0,13.961708227793427,1.0,-0.00017763425017762745,-0.00017763425017762745,9.049364423510038e-05,-8.262649479014172e-06,-8.262649479607448e-06,-8.262649479940515e-06,0.99999999590545,9.049364656526348e-05,0.9999999959054501,9.051444603152743e-05,3.020891580477991e-12,0.9999999999999999,3.021973719630008e-12,9.051444370017233e-05,9.051444370017233e-05,0.0,0.0,0.0,0.0001993658190063136,-8.03381236282874e-05,0.00026846592160012506,-3.833068623093627e-05,-1.4210854715202004e-14,9.049364345173397e-05,9.049364647262859e-05,3.0208946278871838e-12,0.0014431137052834493,0.0007967747621421351,5.420661943520701e-08,-0.00017763425017847112,-3.7282155602724742e-06
D3_100P_lam1,92.0,14.115133592934013,1.0,-0.00018146736126182052,-0.00018146736126182052,9.06952011986769e-05,-8.247278443784811e-06,-8.247278444218492e-06,-8.247278444614009e-06,0.9999999958871901,9.06952035274073e-05,0.99999999588719,9.071702679282612e-05,2.8871767889866225e-12,1.0,2.888422087887041e-12,9.071702446280019e-05,9.071702446280019e-05,0.0,0.0,0.0,0.00020287906704949662,-7.986254005820648e-05,0.0002692710658820374,-3.840616589501078e-05,-1.4210854715202004e-14,9.069520054697879e-05,9.069520343415523e-05,2.887176441335683e-12,0.0014436069223829698,0.0008008470722651532,5.2960107712458275e-08,-0.00018146736125856933,-3.7852973662211298e-06
D3_100P_lam1,93.0,14.2685589580746,1.0,-0.00018520484490970113,-0.00018520484490970113,9.089391026714231e-05,-8.230758094109752e-06,-8.2307580946267e-06,-8.230758094650986e-06,0.9999999958691487,9.089391259703314e-05,0.9999999958691483,9.091331481176214e-05,3.111365293946026e-12,1.0,3.111962691969065e-12,9.091331248111126e-05,9.091331248111126e-05,0.0,0.0,0.0,0.0002063152930843435,-7.928763840792108e-05,0.00027007453344918275,-3.84587089371502e-05,-2.1316282072803006e-14,9.089390939180016e-05,9.089391250316537e-05,3.1113652137238117e-12,0.0014436716428260468,0.0008037518459751721,5.14252518374623e-08,-0.00018520484491091338,-3.6861044989677794e-06
D3_100P_lam1,94.0,14.421984323215186,1.0,-0.00018883957026652495,-0.00018883957026652495,9.117675635485541e-05,-8.220516780670095e-06,-8.22051678139521e-06,-8.220516781471537e-06,0.9999999958433996,9.117675870452075e-05,0.9999999958433993,9.119703866754601e-05,3.072087381411733e-12,1.0,3.0729522668866998e-12,9.119703631687224e-05,9.119703631687224e-05,0.0,0.0,0.0,0.00020970744800392888,-7.889921932258126e-05,0.00027110094764282167,-3.848297284536617e-05,-1.4210854715202004e-14,9.117675553768687e-05,9.11767586097744e-05,3.0720875348658073e-12,0.0014444583151994477,0.000803259541096173,4.8193067770471385e-08,-0.00018883957025650489,-3.7387435725122486e-06
D3_100P_lam1,95.0,14.575409688355775,1.0,-0.00019268233205791663,-0.00019268233205791663,9.127182015455912e-05,-8.195703034983431e-06,-8.195703035399765e-06,-8.195703035965285e-06,0.9999999958347274,9.127182250472153e-05,0.9999999958347271,9.129440155304556e-05,2.8729380934326437e-12,1.0,2.8743627201166947e-12,9.129439920145376e-05,9.129439920145376e-05,0.0,0.0,0.0,0.0002132160233428646,-7.851627438304476e-05,0.00027162055098717275,-3.849107614917191e-05,-7.105427357601002e-15,9.127181953674079e-05,9.127182240967824e-05,2.8729374552492302e-12,0.0014453113225827475,0.0008007117317678796,4.3992591470220806e-08,-0.00019268233205593788,-3.847039948823294e-06
D3_100P_lam1,96.0,14.728835053496361,1.0,-0.00019653365016147903,-0.00019653365016147903,9.130431373396655e-05,-8.175122756925307e-06,-8.175122757296538e-06,-8.175122757570624e-06,0.9999999958317611,9.130431607860013e-05,0.9999999958317608,9.132472632972454e-05,3.0817192929384632e-12,1.0,3.08247545670418e-12,9.132472398417538e-05,9.132472398417538e-05,0.0,0.0,0.0,0.00021671549514710602,-7.829624793032064e-05,0.00027199281727074975,-3.848631126596169e-05,-1.4210854715202004e-14,9.130431290173759e-05,9.130431598345695e-05,3.081719360251161e-12,0.0014443172359425382,0.0007992826209766677,3.8898848832356163e-08,-0.00019653365015415147,-3.752260063549784e-06
D3_100P_lam1,97.0,14.882260418636948,1.0,-0.0002001868521775265,-0.0002001868521775265,9.143507277911006e-05,-8.154640871518848e-06,-8.154640872410496e-06,-8.154640872459068e-06,0.9999999958198137,9.143507513759417e-05,0.9999999958198135,9.145463272471004e-05,3.1051983241458883e-12,1.0000000000000002,3.1058790526621184e-12,9.145463036539317e-05,9.145463036539317e-05,0.0,0.0,0.0,0.0002200878209691815,-7.847636783675505e-05,0.0002726531848518121,-3.845954786957373e-05,-1.4210854715202004e-14,9.143507193684164e-05,9.143507504203996e-05,3.1051983241458883e-12,0.0014424282508027123,0.0008000447691661269,3.456772015697342e-08,-0.00020018685218303744,-3.715647643787179e-06
D3_100P_lam1,98.0,15.035685783777536,1.0,-0.00020396494544128703,-0.00020396494544128703,9.142548916132397e-05,-8.127146283589542e-06,-8.127146284002407e-06,-8.127146284599152e-06,0.99999999582069,9.142549152198064e-05,0.9999999958206898,9.14477818738412e-05,2.8828378286398425e-12,1.0000000000000002,2.884248604764771e-12,9.144777951176976e-05,9.144777951176976e-05,0.0,0.0,0.0,0.00022352698016361782,-7.87677869695802e-05,0.00027298430736744095,-3.8415156607407575e-05,-1.4210854715202004e-14,9.142548854362362e-05,9.142549142646021e-05,2.8828365860386295e-12,0.0014427209001038304,0.0008012849855118065,3.2708791841681944e-08,-0.00020396494544172583,-3.836058823480926e-06
D3_100P_lam1,99.0,15.189111148918123,1.0,-0.00020785896983927904,-0.00020785896983927904,9.130802513981068e-05,-8.120255162842593e-06,-8.120255163172191e-06,-8.120255163515666e-06,0.9999999958314222,9.130802749047947e-05,0.9999999958314221,9.132926599151655e-05,3.0434523538668824e-12,1.0000000000000002,3.044456705443339e-12,9.132926363971457e-05,9.132926363971457e-05,0.0,0.0,0.0,0.00022703810281666752,-7.871306809614786e-05,0.000273055339254924,-3.83586427785132e-05,-1.4210854715202004e-14,9.130802435186892e-05,9.130802739532124e-05,3.043452318352374e-12,0.0014450427511571897,0.000801585645119142,3.7465348958255345e-08,-0.0002078589698299993,-3.781756888088239e-06
D3_100P_lam1,100.0,15.34253651405871,1.0,-0.00021152845920698873,-0.00021152845920698873,9.12875937447057e-05,-8.14133123322805e-06,-8.141331234116228e-06,-8.141331234057247e-06,0.9999999958332878,9.128759610236091e-05,0.9999999958332876,9.130646604164525e-05,3.1119725329575328e-12,1.0000000000000002,3.112561111973808e-12,9.13064636832554e-05,9.13064636832554e-05,0.0,0.0,0.0,0.00023039330669494186,-7.859405145993481e-05,0.0002734246433684362,-3.828096358771127e-05,-1.4210854715202004e-14,9.128759289529769e-05,9.12875960072691e-05,3.1119714131536748e-12,0.0014457529334697295,0.0008013866018376076,4.7712908386425055e-08,-0.0002115284592179023,-3.6670823604367797e-06
D3_100P_lam1,101.0,15.495961879199298,1.0,-0.00021519313455857936,-0.00021519313455857936,9.118071430034946e-05,-8.187062245496729e-06,-8.18706224611776e-06,-8.187062246547971e-06,0.9999999958430389,9.11807166607446e-05,0.9999999958430384,9.120183474655672e-05,2.9270204064409788e-12,0.9999999999999999,2.9282345435542885e-12,9.12018323849024e-05,9.12018323849024e-05,0.0,0.0,0.0,0.00023372156072141214,-7.880870092802361e-05,0.0002736592109067182,-3.817940219419391e-05,-2.1316282072803006e-14,9.118071363896687e-05,9.118071656598717e-05,2.9270203067195213e-12,0.001443610001346632,0.0008012199715252219,5.6579639691771194e-08,-0.00021519313455087286,-3.7627523141736674e-06
D3_100P_lam1,102.0,15.649387244339884,1.0,-0.00021905396384436823,-0.00021905396384436823,9.094237485524774e-05,-8.249232422808533e-06,-8.249232423030578e-06,-8.249232423509362e-06,0.9999999958647422,9.094237720347767e-05,0.9999999958647419,9.096412861639712e-05,3.001222649556373e-12,0.9999999999999999,3.0024927267439096e-12,9.096412626682769e-05,9.096412626682769e-05,0.0,0.0,0.0,0.00023718982968450758,-7.902390561265182e-05,0.0002735228686256974,-3.8059360503273076e-05,-2.842170943040401e-14,9.094237410823702e-05,9.094237710945945e-05,3.0012224221690493e-12,0.0014420546691398903,0.0008006029192491979,6.232453633583073e-08,-0.00021905396384624964,-3.778979596802401e-06
D3_100P_lam1,103.0,15.80281260948047,1.0,-0.00022275109374170215,-0.00022275109374170215,9.078017151076645e-05,-8.314528824597545e-06,-8.314528825686951e-06,-8.314528825461437e-06,0.9999999958794805,9.078017385932826e-05,0.99999999587948,9.079883457858564e-05,3.099943934517133e-12,1.0000000000000002,3.100555661555149e-12,9.07988322292601e-05,9.07988322292601e-05,0.0,0.0,0.0,0.00024054601586420387,-7.907688020625248e-05,0.0002735530996664792,-3.791520444207386e-05,-7.105427357601002e-15,9.078017066586876e-05,9.078017376581262e-05,3.0999438568300602e-12,0.001443379392600955,0.0007996252065299971,6.48418936805682e-08,-0.00022275109374447766,-3.627312672449534e-06
D3_100P_lam1,104.0,15.956237974621057,1.0,-0.00022630858919458103,-0.00022630858919458103,9.058168479208696e-05,-8.384243764203436e-06,-8.384243764949367e-06,-8.38424376525121e-06,0.9999999958974793,9.058168714274435e-05,0.9999999958974791,9.06013023135323e-05,2.9889310765098777e-12,1.0,2.9898765619222594e-12,9.060129996181809e-05,9.060129996181809e-05,0.0,0.0,0.0,0.00024377053945865787,-7.888883117157519e-05,0.00027353364567561655,-3.774099287134902e-05,-1.4210854715202004e-14,9.058168406091019e-05,9.05816870498414e-05,2.988931200034863e-12,0.0014450239372265621,0.0007995732139754342,6.530893187984124e-08,-0.0002263085891911487,-3.6619555743300225e-06
D3_100P_lam1,105.0,16.109663339761646,1.0,-0.00023007500488588626,-0.00023007500488588626,9.024872209890806e-05,-8.438336994570639e-06,-8.438336994927992e-06,-8.438336995368612e-06,0.999999995927584,9.024872443675277e-05,0.9999999959275839,9.027050466957356e-05,2.9657929449404215e-12,0.9999999999999998,2.967238775037976e-12,9.027050233026118e-05,9.027050233026118e-05,0.0,0.0,0.0,0.00024715008767424933,-7.822348457320327e-05,0.00027304278890527556,-3.754127838401233e-05,-2.1316282072803006e-14,9.024872137907892e-05,9.024872434486995e-05,2.9657910370124395e-12,0.0014442408780578583,0.0008008356728811506,6.414844120968892e-08,-0.0002300750048931377,-3.7480316024129934e-06
D3_100P_lam1,106.0,16.263088704902234,1.0,-0.00023380465239630118,-0.00023380465239630118,8.996932439459714e-05,-8.473163812038748e-06,-8.473163812815904e-06,-8.473163812677126e-06,0.9999999959527602,8.996932672729582e-05,0.9999999959527601,8.998843544131966e-05,3.0747481939485047e-12,1.0,3.07549985667146e-12,8.998843310772149e-05,8.998843310772149e-05,0.0,0.0,0.0,0.0002505243132194909,-7.752262966453927e-05,0.00027257133857228055,-3.731697287823188e-05,-1.4210854715202004e-14,8.996932356151622e-05,8.996932663626435e-05,3.0747481302398747e-12,0.001442761844573966,0.000801859392467644,6.196885118797542e-08,-0.0002338046523959747,-3.6174979953784714e-06
D3_100P_lam1,107.0,16.41651407004282,1.0,-0.00023731000088474274,-0.00023731000088474274,8.969340807361759e-05,-8.507052299037976e-06,-8.507052299915746e-06,-8.507052300130852e-06,0.9999999959775463,8.969341040676067e-05,0.999999995977546,8.971188035185086e-05,3.040210665883258e-12,1.0,3.0409303161202608e-12,8.971187801784904e-05,8.971187801784904e-05,0.0,0.0,0.0,0.0002537009151461027,-7.709893003915447e-05,0.0002721151243632036,-3.706547646964431e-05,-1.4210854715202004e-14,8.969340727635404e-05,8.969341031656445e-05,3.040210416265217e-12,0.0014435103117072126,0.0008014257317374945,6.058588076180719e-08,-0.00023731000088389465,-3.5784165675067925e-06
D3_100P_lam1,108.0,16.569939435183407,1.0,-0.00024096148552373584,-0.00024096148552373584,8.928620284717435e-05,-8.522502877847393e-06,-8.522502878170052e-06,-8.522502878766797e-06,0.999999996013987,8.928620516753357e-05,0.9999999960139868,8.930757493568896e-05,2.953278531198728e-12,0.9999999999999999,2.954718954388942e-12,8.930757261387268e-05,8.930757261387268e-05,0.0,0.0,0.0,0.00025697892103797293,-7.636439603619927e-05,0.0002711665861854229,-3.679107077864119e-05,-7.105427357601002e-15,8.928620212527894e-05,8.928620507855815e-05,2.953279214822498e-12,0.0014452289371922474,0.000800623696490962,5.6747082549410066e-08,-0.00024096148553098828,-3.701126786381792e-06
D3_100P_lam1,109.0,16.723364800323992,1.0,-0.0002447122544494528,-0.0002447122544494528,8.891631053064094e-05,-8.523870911502501e-06,-8.523870912081899e-06,-8.523870912185982e-06,0.9999999960469449,8.89163128419284e-05,0.9999999960469449,8.893633898983294e-05,3.029987587164829e-12,1.0000000000000002,3.0309789231995104e-12,8.893633667742405e-05,8.893633667742405e-05,0.0,0.0,0.0,0.000260372129212593,-7.51022228824283e-05,0.00027014778463385625,-3.6500286701379725e-05,-7.105427357601002e-15,8.891630972407161e-05,8.891631275405681e-05,3.029985200801866e-12,0.0014448963698450393,0.0008009622691274797,5.084853932897768e-08,-0.00024471225445665823,-3.63301835193397e-06
D3_100P_lam1,110.0,16.87679016546458,1.0,-0.0002482275222399734,-0.0002482275222399734,8.858423772015703e-05,-8.527588990472207e-06,-8.527588991388141e-06,-8.527588991547735e-06,0.9999999960764165,8.858424002946612e-05,0.9999999960764161,8.86022239963713e-05,3.0701002488429825e-12,1.0,3.0707025669982503e-12,8.860222168630946e-05,8.860222168630946e-05,0.0,0.0,0.0,0.00026356620742006215,-7.350370376302262e-05,0.00026922524138850434,-3.6197136187077206e-05,-1.4210854715202004e-14,8.858423687247372e-05,8.858423994257425e-05,3.070100524368316e-12,0.0014432331871630684,0.0008017402900091208,5.071826492921373e-08,-0.0002482275222348562,-3.5319101456821045e-06
D3_100P_lam1,111.0,17.03021553060517,1.0,-0.00025177607473996134,-0.00025177607473996134,8.813404886260962e-05,-8.510136139568136e-06,-8.510136139890795e-06,-8.510136140508356e-06,0.9999999961161948,8.813405115887855e-05,0.9999999961161944,8.815473570904551e-05,2.959617817628767e-12,1.0000000000000002,2.9608754399317914e-12,8.815473341145097e-05,8.815473341145097e-05,0.0,0.0,0.0,0.00026676267909310616,-7.175772116962964e-05,0.0002678572332635021,-3.588597720727282e-05,-2.842170943040401e-14,8.81340481136843e-05,8.813405107330354e-05,2.959619237538594e-12,0.0014431022835276223,0.0008012697946228159,5.24049422190957e-08,-0.00025177607474802244,-3.6503514238006574e-06
D3_100P_lam1,112.0,17.183640895745754,1.0,-0.00025552822507490135,-0.00025552822507490135,8.769913558812543e-05,-8.473815730266482e-06,-8.473815731036699e-06,-8.473815731074863e-06,0.999999996154431,8.769913787243205e-05,0.9999999961544306,8.772032796713576e-05,2.972213481188386e-12,1.0000000000000002,2.9734889101978342e-12,8.772032568147039e-05,8.772032568147039e-05,0.0,0.0,0.0,0.0002701655096459096,-7.029290248627973e-05,0.00026634645101264454,-3.557595673053804e-05,-2.1316282072803006e-14,8.769913481590578e-05,8.769913778811927e-05,2.972213481188386e-12,0.0014441774915861928,0.0007998245398404436,5.281261445571013e-08,-0.00025552822508245754,-3.6661462203824158e-06
D3_100P_lam1,113.0,17.337066260886342,1.0,-0.0002591083671991029,-0.0002591083671991029,8.731580931613227e-05,-8.446184697301351e-06,-8.446184698179121e-06,-8.44618469824851e-06,0.9999999961879745,8.731581159571628e-05,0.9999999961879744,8.733408724314827e-05,3.071392940330238e-12,0.9999999999999999,3.07200062496535e-12,8.73340849627978e-05,8.73340849627978e-05,0.0,0.0,0.0,0.00027343055336918545,-6.889532865961279e-05,0.00026498909941663484,-3.527731662356093e-05,-2.842170943040401e-14,8.73158084411092e-05,8.731581151250272e-05,3.0713935229712587e-12,0.0014440989695905556,0.0007992462525254232,5.6983745000588705e-08,-0.00025910836718878727,-3.527303604755616e-06
D3_100P_lam1,114.0,17.49049162602693,1.0,-0.00026258283229434713,-0.00026258283229434713,8.682750470452518e-05,-8.41196540407943e-06,-8.411965404651889e-06,-8.411965405265981e-06,0.9999999962304921,8.682750697019961e-05,0.9999999962304921,8.684724980776709e-05,2.974501551135453e-12,1.0,2.975492128740312e-12,8.684724754097863e-05,8.684724754097863e-05,0.0,0.0,0.0,0.00027657197911202646,-6.745538830965625e-05,0.0002632669171305224,-3.499190455358292e-05,-7.105427357601002e-15,8.682750391387512e-05,8.682750688837679e-05,2.974501667211908e-12,0.0014431721501289105,0.0008001469235567123,6.164680967589456e-08,-0.00026258283229196877,-3.5868402932237586e-06
D3_100P_lam1,115.0,17.643916991167515,1.0,-0.00026628204777027364,-0.00026628204777027364,8.632867905700177e-05,-8.353603308485641e-06,-8.353603309217694e-06,-8.353603309502189e-06,0.9999999962736797,8.632868130812884e-05,0.9999999962736792,8.635053321035099e-05,2.915391273889723e-12,0.9999999999999999,2.916868827578157e-12,8.635053095771106e-05,8.635053095771106e-05,0.0,0.0,0.0,0.0002799328570879915,-6.658308847795613e-05,0.0002613404965559063,-3.4723583090701116e-05,-1.4210854715202004e-14,8.632867831231669e-05,8.632868122770768e-05,2.915390992277296e-12,0.001443435841519814,0.0008013716305006688,6.407951766493149e-08,-0.0002662820477752348,-3.668273855339521e-06
D3_100P_lam1,116.0,17.797342356308103,1.0,-0.0002699193800014983,-0.0002699193800014983,8.58902410361659e-05,-8.288405401749022e-06,-8.288405403053534e-06,-8.288405402994553e-06,0.9999999963114334,8.589024328015856e-05,0.9999999963114329,8.590916606433356e-05,3.0399642155953493e-12,1.0000000000000002,3.0406988413077477e-12,8.59091638194362e-05,8.59091638194362e-05,0.0,0.0,0.0,0.00028326087584759,-6.600331041828333e-05,0.00025958541844683936,-3.448314969356492e-05,-2.1316282072803006e-14,8.589024016098797e-05,8.589024320095446e-05,3.039966480914244e-12,0.001444604561675686,0.0008019006460036601,6.849330834819612e-08,-0.0002699193800026478,-3.524912145280723e-06
D3_100P_lam1,117.0,17.950767721448692,1.0,-0.0002733318720647331,-0.0002733318720647331,8.535994057328992e-05,-8.205806035548047e-06,-8.205806036169078e-06,-8.20580603672419e-06,0.99999999635684,8.535994280204572e-05,0.99999999635684,8.537843828765447e-05,2.9891766473816358e-12,1.0,2.98992988604505e-12,8.537843605798576e-05,8.537843605798576e-05,0.0,0.0,0.0,0.0002863558203647232,-6.570656052873325e-05,0.0002575245943114979,-3.4267689803357815e-05,-1.4210854715202004e-14,8.535993973512067e-05,8.535994272430034e-05,2.989179663591971e-12,0.0014448442221656917,0.000801721813307622,7.29886446847457e-08,-0.00027333187206579623,-3.487966090176542e-06
D3_100P_lam1,118.0,18.104193086589277,1.0,-0.00027689531218974984,-0.00027689531218974984,8.479684617344854e-05,-8.100654630281007e-06,-8.10065463107204e-06,-8.10065463126633e-06,0.9999999964047471,8.47968483849005e-05,0.9999999964047471,8.481814828548194e-05,2.8705787344178828e-12,0.9999999999999999,2.872075835884899e-12,8.481814607251246e-05,8.481814607251246e-05,0.0,0.0,0.0,0.0002895945183240744,-6.613758615192644e-05,0.00025519983538346835,-3.4070686878218126e-05,-1.4210854715202004e-14,8.479684543810557e-05,8.479684830868402e-05,2.870578454995234e-12,0.0014440703979539645,0.0008011486476688942,7.51376118505863e-08,-0.0002768953121830009,-3.592287065146138e-06
D3_100P_lam1,119.0,18.257618451729865,1.0,-0.0002805164461921685,-0.0002805164461921685,8.43133157165095e-05,-8.00655193072472e-06,-8.006551931834943e-06,-8.006551931692696e-06,0.9999999964456325,8.431331791907688e-05,0.9999999964456321,8.433269301735298e-05,2.980403632322516e-12,1.0000000000000002,2.9813657627466717e-12,8.433269081367234e-05,8.433269081367234e-05,0.0,0.0,0.0,0.00029291865083483126,-6.660972821592726e-05,0.0002530823243511726,-3.389897000899422e-05,-1.4210854715202004e-14,8.431331486375442e-05,8.43133178441545e-05,2.9804000783812402e-12,0.0014435342300423409,0.0008005210319134981,7.943865575261804e-08,-0.0002805164461960885,-3.486846615885497e-06
D3_100P_lam1,120.0,18.411043816870453,1.0,-0.0002838690054125836,-0.0002838690054125836,8.375789798889078e-05,-7.904975450244434e-06,-7.904975451125673e-06,-7.904975451555885e-06,0.999999996492307,8.375790017487074e-05,0.9999999964923068,8.377516081490625e-05,2.9955837386252453e-12,1.0,2.9961973972923416e-12,8.377515862815051e-05,8.377515862815051e-05,0.0,0.0,0.0,0.00029597255160014856,-6.709169516239122e-05,0.00025074602857122485,-3.374694048285942e-05,-7.105427357601002e-15,8.375789710583797e-05,8.37579001014217e-05,2.9955837316350324e-12,0.0014435852114502011,0.0008002611357944252,8.560753926736765e-08,-0.0002838690054147719,-3.3668205503545323e-06
D3_100P_lam1,121.0,18.564469182011038,1.0,-0.00028725008729145175,-0.00028725008729145175,8.31491437871176e-05,-7.768665359085547e-06,-7.76866535976209e-06,-7.768665360310262e-06,0.99999999654311,8.314914595253012e-05,0.9999999965431097,8.31689839628125e-05,2.841703074767894e-12,1.0,2.8430246871227984e-12,8.316898179602492e-05,8.316898179602492e-05,0.0,0.0,0.0,0.00029904772389267186,-6.789023394215832e-05,0.00024806964238743845,-3.359990206341923e-05,-1.4210854715202004e-14,8.314914303896708e-05,8.314914588066997e-05,2.8417028919802694e-12,0.0014438034737329572,0.0008004478653571367,9.174224861949412e-08,-0.0002872500872967976,-3.461507368740513e-06
D3_100P_lam1,122.0,18.717894547151626,1.0,-0.00029079202015458184,-0.00029079202015458184,8.263139999470095e-05,-7.6291972802670915e-06,-7.62919728153344e-06,-7.629197281356498e-06,0.9999999965860257,8.263140214962097e-05,0.9999999965860256,8.265108181550545e-05,2.904731836645211e-12,0.9999999999999999,2.905969869182779e-12,8.265107965925111e-05,8.265107965925111e-05,0.0,0.0,0.0,0.0003023095206486398,-6.823170614189689e-05,0.0002455945773451873,-3.346103900969677e-05,-2.842170943040401e-14,8.263139917436334e-05,8.263140207909742e-05,2.9047340781922857e-12,0.001443985348882765,0.0008007097924353471,9.878471138453206e-08,-0.0002907920201522529,-3.433716130984976e-06
D3_100P_lam1,123.0,18.87131991229221,1.0,-0.0002941175195692283,-0.0002941175195692283,8.205371471397062e-05,-7.4785002105969e-06,-7.478500211672429e-06,-7.478500211953454e-06,0.9999999966335942,8.205371685126312e-05,0.9999999966335937,8.207037938239523e-05,2.9853154298688273e-12,0.9999999999999999,2.9859069228331188e-12,8.207037724434056e-05,8.207037724434056e-05,0.0,0.0,0.0,0.0003053531036010427,-6.808691501869468e-05,0.00024299060727717148,-3.3327932153048856e-05,-2.1316282072803006e-14,8.205371379689199e-05,8.205371678220677e-05,2.9853147762058482e-12,0.0014439499168307835,0.000800806214430586,1.0391399948490632e-07,-0.0002941175195587675,-3.273535767789326e-06
D3_100P_lam1,124.0,19.0247452774328,1.0,-0.0002973390916966199,-0.0002973390916966199,8.138677074163978e-05,-7.300376849306983e-06,-7.300376850184753e-06,-7.300376850639251e-06,0.999999996688097,8.138677285462583e-05,0.9999999966880968,8.140492788024224e-05,2.8258872683002682e-12,1.0,2.826928812570692e-12,8.140492576611689e-05,8.140492576611689e-05,0.0,0.0,0.0,0.00030828095004630516,-6.836179456015667e-05,0.00023998575288608492,-3.31841626072249e-05,-2.1316282072803006e-14,8.138676996135094e-05,8.138677278723866e-05,2.8258877198314097e-12,0.0014437082001876307,0.0008008046836075616,1.0864150419941273e-07,-0.00029733909168783157,-3.319043990757109e-06
D3_100P_lam1,125.0,19.178170642573388,1.0,-0.0003007556075366281,-0.0003007556075366281,8.079294510982876e-05,-7.142489056227719e-06,-7.142489057115897e-06,-7.1424890570638555e-06,0.99999999673625,8.079294721014767e-05,0.9999999967362497,8.081254367411156e-05,2.8284562793424673e-12,1.0,2.8298929415307645e-12,8.081254157232267e-05,8.081254157232267e-05,0.0,0.0,0.0,0.0003114232491285591,-6.904431328214056e-05,0.00023717486109342545,-3.302901498303257e-05,-2.1316282072803006e-14,8.079294431576807e-05,8.079294714422435e-05,2.8284562793424673e-12,0.0014437675339518102,0.0008008000471483773,1.1302392749709241e-07,-0.00030075560754028174,-3.358778634776627e-06
D3_100P_lam1,126.0,19.331596007713973,1.0,-0.00030405664896644935,-0.00030405664896644935,8.014709711338906e-05,-7.000259191331654e-06,-7.000259192490449e-06,-7.000259192500857e-06,0.9999999967882215,8.014709919596723e-05,0.999999996788221,8.016356878402637e-05,2.9507231010422653e-12,1.0,2.951412022853421e-12,8.016356670058914e-05,8.016356670058914e-05,0.0,0.0,0.0,0.0003144463255933146,-6.975386387031435e-05,0.0002343648255487274,-3.286267637081508e-05,-1.4210854715202004e-14,8.014709618089271e-05,8.014709913161592e-05,2.950723209425329e-12,0.0014441967372013035,0.000800915165252196,1.1427426956183724e-07,-0.0003040566489573848,-3.188401059617263e-06
D3_100P_lam1,127.0,19.48502137285456,1.0,-0.0003071324096555143,-0.0003071324096555143,7.937853366158892e-05,-6.851370631357628e-06,-6.8513706320723344e-06,-6.851370632582343e-06,0.999999996849524,7.937853571635168e-05,0.999999996849524,7.939476133726685e-05,2.8170599423587067e-12,0.9999999999999999,2.8178404174704676e-12,7.939475928159053e-05,7.939475928159053e-05,0.0,0.0,0.0,0.0003172281389171645,-7.087684782158821e-05,0.00023112284544613004,-3.266835889687014e-05,-1.4210854715202004e-14,7.937853283677051e-05,7.937853565383055e-05,2.8170600322943227e-12,0.0014443113193839546,0.0008012183798188797,1.1852091084776247e-07,-0.00030713240965951627,-3.144370467111912e-06
D3_100P_lam1,128.0,19.63844673799515,1.0,-0.00031034538989466734,-0.00031034538989466734,7.866371899856308e-05,-6.735391222739001e-06,-6.735391223380849e-06,-6.735391223516157e-06,0.9999999969060097,7.866372103745552e-05,0.9999999969060095,7.86822033959184e-05,2.762573883705481e-12,0.9999999999999999,2.764036571409067e-12,7.868220135555589e-05,7.868220135555589e-05,0.0,0.0,0.0,0.0003201639958254143,-7.194798223442156e-05,0.00022802051377279753,-3.243871922403718e-05,-2.1316282072803006e-14,7.866371821403546e-05,7.866372097660894e-05,2.7625734876261224e-12,0.0014439912755429332,0.0008014077728818906,1.2447510588351486e-07,-0.00031034538989160865,-3.217138953459653e-06
D3_100P_lam1,129.0,19.791872103135734,1.0,-0.00031356668757061566,-0.00031356668757061566,7.793702300516911e-05,-6.638099424170069e-06,-6.638099425391314e-06,-6.638099425262944e-06,0.9999999969629103,7.793702502740832e-05,0.9999999969629101,7.795336678267168e-05,2.8893837305750205e-12,1.0000000000000002,2.8902802077575435e-12,7.795336475938622e-05,7.795336475938622e-05,0.0,0.0,0.0,0.0003231108730660626,-7.235705334540654e-05,0.00022504621426922,-3.217466734839469e-05,-1.4210854715202004e-14,7.793702207884862e-05,7.79370249682324e-05,2.889383789927814e-12,0.00144383112213989,0.0008011126613979095,1.265695873040846e-07,-0.0003135666875664356,-3.089149267054836e-06
D3_100P_lam1,130.0,19.945297468276323,1.0,-0.00031652368843522883,-0.00031652368843522883,7.707021718920067e-05,-6.527678028309808e-06,-6.527678029031453e-06,-6.527678029472073e-06,0.9999999970300908,7.707021918077156e-05,0.9999999970300906,7.708487787862451e-05,2.806131085467686e-12,1.0,2.8067556160649234e-12,7.708487588628091e-05,7.708487588628091e-05,0.0,0.0,0.0,0.0003257747249163394,-7.24813405279523e-05,0.0002216130356651469,-3.186516856129584e-05,-1.4210854715202004e-14,7.707021631741864e-05,7.707021912354989e-05,2.8061312464502148e-12,0.0014438867846563825,0.0008005140590330259,1.2962166823301859e-07,-0.0003165236884257183,-2.976090051731717e-06
D3_100P_lam1,131.0,20.09872283341691,1.0,-0.00031951886766657864,-0.00031951886766657864,7.62311783852684e-05,-6.434052006312058e-06,-6.434052006995539e-06,-6.434052007214114e-06,0.9999999970944038,7.623118035634864e-05,0.9999999970944035,7.624815118347186e-05,2.7099535739236428e-12,1.0,2.71125664801197e-12,7.624814921106276e-05,7.624814921106276e-05,0.0,0.0,0.0,0.0003284903672284439,-7.197086832078092e-05,0.0002181805004539683,-3.150241604299442e-05,-2.1316282072803006e-14,7.623117759102105e-05,7.62311803009742e-05,2.709953148223169e-12,0.001443755400579483,0.000800146429939411,1.2981876794109263e-07,-0.000319518867669899,-3.058847525494457e-06
D3_100P_lam1,132.0,20.252148198557496,1.0,-0.0003226413834710485,-0.0003226413834710485,7.542699726936242e-05,-6.356861117454149e-06,-6.356861118647639e-06,-6.356861118318041e-06,0.999999997155384,7.542699922537928e-05,0.9999999971553839,7.544360467674287e-05,2.8061485395058472e-12,0.9999999999999999,2.8073009048169087e-12,7.544360271947702e-05,7.544360271947702e-05,0.0,0.0,0.0,0.00033134428206597476,-7.084203538199052e-05,0.00021499215610853994,-3.109128867456734e-05,-2.1316282072803006e-14,7.542699636559029e-05,7.5426999171738e-05,2.8061477118962874e-12,0.001443567743011266,0.0008002343635521598,1.2091552110865027e-07,-0.00032264138347670723,-3.018678292221466e-06
D3_100P_lam1,133.0,20.405573563698084,1.0,-0.0003255562242697016,-0.0003255562242697016,7.446632302461579e-05,-6.271683158198815e-06,-6.27168315917373e-06,-6.271683159368019e-06,0.9999999972273831,7.446632494840435e-05,0.9999999972273834,7.448047181388621e-05,2.782203336819482e-12,1.0,2.7827941539854164e-12,7.448046988935288e-05,7.448046988935288e-05,0.0,0.0,0.0,0.00033396712440226194,-6.952080271827032e-05,0.00021137018935002416,-3.063420411691942e-05,-1.4210854715202004e-14,7.446632211458353e-05,7.446632489678679e-05,2.782203260006424e-12,0.001443708078082364,0.0008006257037643937,1.1350823373044894e-07,-0.00032555622425434194,-2.8760331716171095e-06
D3_100P_lam1,134.0,20.558998928838673,1.0,-0.000328393449810439,-0.000328393449810439,7.349624139512399e-05,-6.187344607049006e-06,-6.187344607538198e-06,-6.1873446078782035e-06,0.999999997299151,7.349624329294706e-05,0.999999997299151,7.351192237570517e-05,2.6699132956847108e-12,0.9999999999999999,2.670949009944508e-12,7.351192047674851e-05,7.351192047674851e-05,0.0,0.0,0.0,0.0003365205715134552,-6.784023914196968e-05,0.00020757071424304385,-3.0129147257584865e-05,-1.4210854715202004e-14,7.349624057340422e-05,7.349624324332087e-05,2.6699166528413546e-12,0.00144407684132883,0.0008011022892198046,1.0992866321655625e-07,-0.00032839344981994145,-2.9279053137543087e-06
D3_100P_lam1,135.0,20.712424293979257,1.0,-0.0003314120348698692,-0.0003314120348698692,7.260664146001891e-05,-6.103888561124343e-06,-6.103888562498244e-06,-6.103888561901499e-06,0.9999999973641379,7.260664334400787e-05,0.9999999973641376,7.262368745584275e-05,2.7106870136565588e-12,1.0000000000000002,2.7120518349176174e-12,7.262368557043682e-05,7.262368557043682e-05,0.0,0.0,0.0,0.0003392756433557199,-6.612182658016774e-05,0.00020410998638586975,-2.9583475536609782e-05,-1.4210854715202004e-14,7.260664058547715e-05,7.260664329616368e-05,2.7106865357135028e-12,0.0014442938818584154,0.0008014421027319461,1.0460175731587893e-07,-0.00033141203488185056,-2.971501046999947e-06
D3_100P_lam1,136.0,20.865849659119846,1.0,-0.0003343364519271436,-0.0003343364519271436,7.157175633430849e-05,-6.001553401559223e-06,-6.001553402600057e-06,-6.001553402613935e-06,0.9999999974387418,7.157175818631872e-05,0.999999997438742,7.158634588298099e-05,2.7412862548678555e-12,1.0000000000000002,2.7419702012080654e-12,7.15863440301125e-05,7.15863440301125e-05,0.0,0.0,0.0,0.00034191417722717604,-6.410914831023184e-05,0.00020031799376463155,-2.9012225235658384e-05,-2.1316282072803006e-14,7.15717553992048e-05,7.157175814049084e-05,2.7412860420248436e-12,0.001444204750785299,0.0008014314708655628,1.0670023018435657e-07,-0.00033433645191394135,-2.8372728593240026e-06
D3_100P_lam1,137.0,21.019275024260434,1.0,-0.0003370865806232246,-0.0003370865806232246,7.049681611355076e-05,-5.8960827508253155e-06,-5.8960827512208325e-06,-5.896082751668391e-06,0.9999999975150993,7.049681793384533e-05,0.9999999975150993,7.051160058971448e-05,2.6359342709827878e-12,1.0000000000000002,2.6367133285534204e-12,7.05115987684871e-05,7.05115987684871e-05,0.0,0.0,0.0,0.0003443821753578682,-6.135059021550315e-05,0.00019620164364386738,-2.8420692669839376e-05,-3.552713678800501e-14,7.049681525411804e-05,7.049681789004794e-05,2.6359298970561187e-12,0.0014439917130414635,0.0008010583658258159,1.1563197664120855e-07,-0.00033708658060049856,-2.8277307109192407e-06
D3_100P_lam1,138.0,21.17270038940102,1.0,-0.00033999191333566013,-0.00033999191333566013,6.953397352091383e-05,-5.8090230116887576e-06,-5.809023012861431e-06,-5.809023012375708e-06,0.9999999975825132,6.953397532651141e-05,0.9999999975825131,6.955125878522361e-05,2.618982552754914e-12,0.9999999999999999,2.620403296230392e-12,6.955125697815414e-05,6.955125697815414e-05,0.0,0.0,0.0,0.0003470327039135859,-5.8554882023997834e-05,0.00019251185222834977,-2.7814950311622066e-05,-2.1316282072803006e-14,6.953397266550493e-05,6.953397528448761e-05,2.6189826763980977e-12,0.0014438677828859732,0.0008006076072792728,1.2469818616320968e-07,-0.00033999191333577983,-2.923538474419729e-06
D3_100P_lam1,139.0,21.326125754541607,1.0,-0.00034293365754135553,-0.00034293365754135553,6.845351781192046e-05,-5.714727678619164e-06,-5.714727679812653e-06,-5.714727679663467e-06,0.9999999976570579,6.845351958728096e-05,0.9999999976570578,6.846917664279926e-05,2.6808677773079207e-12,0.9999999999999999,2.6817551149451807e-12,6.846917486637294e-05,6.846917486637294e-05,0.0,0.0,0.0,0.0003497017979446645,-5.5721747360126805e-05,0.00018868072280175952,-2.7216158503207133e-05,-7.105427357601002e-15,6.845351686631672e-05,6.845351954718548e-05,2.6808687712168872e-12,0.001443806744154621,0.000800414720416588,1.3903807437450686e-07,-0.000342933657549338,-2.8301269310304633e-06
D3_100P_lam1,140.0,21.479551119682192,1.0,-0.00034565216721472335,-0.00034565216721472335,6.728598931915595e-05,-5.6019108230602466e-06,-5.601910823559847e-06,-5.6019108240767945e-06,0.999999997736298,6.728599105714083e-05,0.9999999977362978,6.730024266505371e-05,2.602453580065076e-12,1.0,2.6030789747169407e-12,6.730024092626399e-05,6.730024092626399e-05,0.0,0.0,0.0,0.00035214283455939994,-5.305281808054563e-05,0.0001843911502987794,-2.6633236296091933e-05,-2.1316282072803006e-14,6.728598841660983e-05,6.728599101906053e-05,2.6024506970519486e-12,0.0014437612637396655,0.0008005201939055994,1.5532294297733806e-07,-0.00034565216719784075,-2.7398296396086153e-06
D3_100P_lam1,141.0,21.63297648482278,1.0,-0.00034841331683603717,-0.00034841331683603717,6.622494010413921e-05,-5.490918816939555e-06,-5.490918818261414e-06,-5.4909188177861e-06,0.9999999978071286,6.622494182376677e-05,0.9999999978071284,6.624156589134919e-05,2.5417887374162636e-12,1.0,2.5430748232720855e-12,6.62415641703475e-05,6.62415641703475e-05,0.0,0.0,0.0,0.0003546542009781097,-5.172292388133659e-05,0.00018049555139842965,-2.6063409289955874e-05,-1.4210854715202004e-14,6.622493924567286e-05,6.622494178746213e-05,2.5417892620972436e-12,0.0014438454128846419,0.0008006998673992796,1.687219392449245e-07,-0.00034841331682855525,-2.816958371454348e-06
D3_100P_lam1,142.0,21.78640184996337,1.0,-0.0003512860839312394,-0.0003512860839312394,6.509985519785786e-05,-5.374623069438755e-06,-5.374623070906331e-06,-5.3746230706044895e-06,0.9999999978810045,6.509985689032818e-05,0.9999999978810041,6.511600608144518e-05,2.604264234246638e-12,1.0,2.605391868910001e-12,6.511600438768628e-05,6.511600438768628e-05,0.0,0.0,0.0,0.00035726996242341165,-5.106585034342359e-05,0.00017666620388645526,-2.5520780360221984e-05,-1.4210854715202004e-14,6.50998542515811e-05,6.509985685584295e-05,2.604261850017195e-12,0.0014440185577878,0.0008008327791306043,1.8043699608232448e-07,-0.00035128608394074945,-2.760479148378181e-06
D3_100P_lam1,143.0,21.939827215103954,1.0,-0.0003539342751426721,-0.0003539342751426721,6.385267797815316e-05,-5.245405220538624e-06,-5.2454052212672075e-06,-5.245405221721705e-06,0.9999999979614179,6.385267962905218e-05,0.9999999979614176,6.38660656487867e-05,2.563943266122749e-12,0.9999999999999999,2.564524804797938e-12,6.38660639971157e-05,6.38660639971157e-05,0.0,0.0,0.0,0.00035965007943624733,-5.055028620293278e-05,0.00017231086393199035,-2.501004017341213e-05,-2.1316282072803006e-14,6.385267703256652e-05,6.38526795965105e-05,2.56394397210682e-12,0.0014440655473168175,0.0008009882498532518,1.8976516253408578e-07,-0.0003539342751253116,-2.5923052930920676e-06
D3_100P_lam1,144.0,22.093252580244542,1.0,-0.00035647069453190346,-0.00035647069453190346,6.270312759853707e-05,-5.125201118182793e-06,-5.1252011192513824e-06,-5.125201119001582e-06,0.9999999980341591,6.270312922539319e-05,0.9999999980341591,6.271764009449432e-05,2.4829186148243162e-12,1.0000000000000002,2.483938119532189e-12,6.271763846649012e-05,6.271763846649012e-05,0.0,0.0,0.0,0.0003619456933885916,-5.102526801303853e-05,0.00016823787707220816,-2.451535077352407e-05,-1.4210854715202004e-14,6.270312671165617e-05,6.270312919457478e-05,2.4829186148243162e-12,0.0014440381630605036,0.0008011451452459633,1.987269044754225e-07,-0.0003564706945269336,-2.5974296136155317e-06
D3_100P_lam1,145.0,22.24667794538513,1.0,-0.00035912913435090505,-0.00035912913435090505,6.157548298184052e-05,-5.01202038730858e-06,-5.01202038881432e-06,-5.0120203884986e-06,0.9999999981042297,6.157548458541837e-05,0.9999999981042298,6.159073928658331e-05,2.5204428571693635e-12,1.0,2.5217548745624156e-12,6.159073768159156e-05,6.159073768159156e-05,0.0,0.0,0.0,0.00036437202890178777,-5.177830195735034e-05,0.000164439077479539,-2.4036595574261632e-05,-1.4210854715202004e-14,6.157548203579142e-05,6.157548455623144e-05,2.5204400202484913e-12,0.0014441082778576299,0.0008011591875004468,2.06187012191248e-07,-0.0003591291343525427,-2.5832154619820358e-06
D3_100P_lam1,146.0,22.400103310525715,1.0,-0.00036163712544586224,-0.00036163712544586224,6.031568339335409e-05,-4.882863078734673e-06,-4.882863079622851e-06,-4.882863079955918e-06,0.9999999981810092,6.031568495379026e-05,0.9999999981810092,6.032800491470533e-05,2.5143545095752286e-12,1.0000000000000002,2.5150090748433047e-12,6.032800335342838e-05,6.032800335342838e-05,0.0,0.0,0.0,0.00036663430983201867,-5.2362656142501685e-05,0.00016011365617796258,-2.3574392907177444e-05,-2.842170943040401e-14,6.0315682412009775e-05,6.031568492636276e-05,2.51435298270689e-12,0.0014441365413913527,0.0008010115996899135,2.0951583179590832e-07,-0.00036163712545089766,-2.399438173483759e-06
D3_100P_lam1,147.0,22.553528675666303,1.0,-0.00036392801072314857,-0.00036392801072314857,5.912740878729352e-05,-4.7452875792976246e-06,-4.7452875802204975e-06,-4.745287580099067e-06,0.9999999982519748,5.912741031698996e-05,0.9999999982519746,5.913942599203189e-05,2.4419291256529038e-12,1.0000000000000002,2.4426793338866928e-12,5.913942446143456e-05,5.913942446143456e-05,0.0,0.0,0.0,0.0003687016527033012,-5.29996383743514e-05,0.0001558495966924589,-2.3108843980435e-05,-1.4210854715202004e-14,5.912740784922033e-05,5.912741029115168e-05,2.4419313504359168e-12,0.0014439622537866642,0.000800819541670856,2.1104283993602336e-07,-0.0003639280106995102,-2.336941960834338e-06
D3_100P_lam1,148.0,22.70695404080689,1.0,-0.00036631100938227737,-0.00036631100938227737,5.803550612466209e-05,-4.608013161041397e-06,-4.608013162755303e-06,-4.608013162366725e-06,0.9999999983159401,5.8035507634424834e-05,0.99999999831594,5.804924032755005e-05,2.43404297863753e-12,0.9999999999999999,2.4353855407598962e-12,5.8049238816388424e-05,5.8049238816388424e-05,0.0,0.0,0.0,0.00037088178487090144,-5.296930028886315e-05,0.00015199630841822298,-2.2631927150851272e-05,-7.105427357601002e-15,5.8035505175949076e-05,5.803550760999079e-05,2.434041714905204e-12,0.0014437883799550816,0.0008006604348971846,2.0763680453372192e-07,-0.00036631100937256633,-2.37494468535715e-06
D3_100P_lam1,149.0,22.860379405947477,1.0,-0.0003686779000700672,-0.0003686779000700672,5.680062745581643e-05,-4.446637876694137e-06,-4.446637877783544e-06,-4.44663787805763e-06,0.9999999983868445,5.680062892364547e-05,0.9999999983868441,5.681251060864044e-05,2.4564347722752034e-12,1.0000000000000002,2.4572679240285944e-12,5.6812509139810455e-05,5.6812509139810455e-05,0.0,0.0,0.0,0.0003730293491037853,-5.219758871721769e-05,0.0001476923435901334,-2.2148169859070865e-05,-1.4210854715202004e-14,5.680062644430415e-05,5.6800628900739095e-05,2.4564349427686707e-12,0.0014438314274882373,0.0008005790489623266,1.98302527272941e-07,-0.0003686779000702245,-2.248322971354355e-06
D3_100P_lam1,150.0,23.013804771088065,1.0,-0.00037080765531027763,-0.00037080765531027763,5.5570399346878745e-05,-4.258328422171442e-06,-4.258328423399627e-06,-4.258328423285135e-06,0.9999999984559655,5.557040077717956e-05,0.9999999984559653,5.558080577855188e-05,2.406210705199218e-12,0.9999999999999999,2.406784363020306e-12,5.558080434750515e-05,5.558080434750515e-05,0.0,0.0,0.0,0.00037494985422044494,-5.117603578319585e-05,0.00014318942844671056,-2.164706373170011e-05,-7.105427357601002e-15,5.557039834952239e-05,5.5570400755728886e-05,2.4062064945686587e-12,0.0014439553980426963,0.000800647387387314,1.9244221833989113e-07,-0.00037080765531527504,-2.1366740838857368e-06
D3_100P_lam1,151.0,23.167230136228653,1.0,-0.0003729512482422705,-0.0003729512482422705,5.4467682836688586e-05,-4.077854313139229e-06,-4.077854314925994e-06,-4.077854314221696e-06,0.9999999985166358,5.446768424853666e-05,0.9999999985166358,5.4479926092862497e-05,2.354178461777487e-12,0.9999999999999999,2.355366508226545e-12,5.447992467975177e-05,5.447992467975177e-05,0.0,0.0,0.0,0.00037690918415444867,-5.0295796541588444e-05,0.0001391731403215246,-2.11201029018393e-05,-1.4210854715202004e-14,5.446768187415943e-05,5.4467684228337026e-05,2.3541775942310354e-12,0.0014439858287301547,0.0008008519495413726,1.9063655107215064e-07,-0.00037295124823799597,-2.1897039204077373e-06
D3_100P_lam1,152.0,23.320655501369238,1.0,-0.00037518706318115104,-0.00037518706318115104,5.321772474239373e-05,-3.894509497538723e-06,-3.894509498794663e-06,-3.8945094989022155e-06,0.9999999985839368,5.321772611585123e-05,0.9999999985839368,5.3229624263954814e-05,2.3943904085205723e-12,1.0,2.39544655443183e-12,5.32296228893045e-05,5.32296228893045e-05,0.0,0.0,0.0,0.00037894401257182697,-4.958578041958095e-05,0.00013489549036371784,-2.0575766036812215e-05,-2.1316282072803006e-14,5.3217723702618885e-05,5.321772609701089e-05,2.394392000383601e-12,0.0014439997773997122,0.0008010410416992449,1.8894853381923339e-07,-0.0003751870631560905,-2.136408369324272e-06
D3_100P_lam1,153.0,23.474080866509826,1.0,-0.0003772240649700452,-0.0003772240649700452,5.19051326852447e-05,-3.688322660885812e-06,-3.6883226619682796e-06,-3.6883226619266463e-06,0.9999999986529288,5.190513401569316e-05,0.9999999986529283,5.191470695783648e-05,2.363405145616488e-12,0.9999999999999999,2.363937489090473e-12,5.1914705626678315e-05,5.1914705626678315e-05,0.0,0.0,0.0,0.00038077944787157564,-4.874622455275368e-05,0.0001302240780449715,-2.0014126186185255e-05,-1.4210854715202004e-14,5.19051316348061e-05,5.190513399821537e-05,2.3634092667098944e-12,0.0014440801356774859,0.0008010949612979121,1.9349711097054653e-07,-0.0003772240649766445,-1.9855797290802e-06
D3_100P_lam1,154.0,23.627506231650415,1.0,-0.0003791582226190011,-0.0003791582226190011,5.072841139803909e-05,-3.5012347448029613e-06,-3.5012347465585014e-06,-3.5012347459235926e-06,0.999999998713314,5.0728412708517805e-05,0.9999999987133141,5.073898380451938e-05,2.2908072605473748e-12,1.0000000000000002,2.2917333401770443e-12,5.073898249298778e-05,5.073898249298778e-05,0.0,0.0,0.0,0.0003825379081112734,-4.776894157099143e-05,0.00012605806238497053,-1.9425415556217906e-05,-1.4210854715202004e-14,5.072841040139331e-05,5.072841269220057e-05,2.2908072605473748e-12,0.001444121546882236,0.0008010395508420335,2.023508875620518e-07,-0.0003791582226142509,-1.9983108927590365e-06
D3_100P_lam1,155.0,23.780931596791,1.0,-0.00038122068676203844,-0.00038122068676203844,4.944449081081194e-05,-3.327078488463142e-06,-3.327078489889085e-06,-3.3270784899584738e-06,0.9999999987776212,4.944449208789068e-05,0.9999999987776209,4.9456108621303143e-05,2.3313243914210594e-12,1.0,2.3325453511426025e-12,4.945610734288729e-05,4.945610734288729e-05,0.0,0.0,0.0,0.0003844150890391118,-4.637379700400679e-05,0.00012189541373119894,-1.8815114975534453e-05,-2.1316282072803006e-14,4.94444897414544e-05,4.944449207277876e-05,2.331324363790826e-12,0.0014440469274114931,0.0008009402987806189,2.0774569902373151e-07,-0.0003812206867621626,-2.0078614255680804e-06
D3_100P_lam1,156.0,23.934356961931588,1.0,-0.0003831739454757263,-0.0003831739454757263,4.804271545904172e-05,-3.145879007807051e-06,-3.145879008847885e-06,-3.1458790089519684e-06,0.9999999988459488,4.804271668938424e-05,0.9999999988459485,4.8051919767242456e-05,2.3116694396602246e-12,1.0,2.312270684433198e-12,4.805191853609953e-05,4.805191853609953e-05,0.0,0.0,0.0,0.0003861749851534705,-4.467424184917412e-05,0.00011724458359729795,-1.8190708700627223e-05,-1.4210854715202004e-14,4.804271436385401e-05,4.804271667552345e-05,2.3116694396602246e-12,0.0014439465487458766,0.0008008203270856614,2.1387694680730236e-07,-0.0003831739454653871,-1.8512881894139355e-06
D3_100P_lam1,157.0,24.087782327072173,1.0,-0.00038492326316097756,-0.00038492326316097756,4.675802266543937e-05,-3.0095594070675413e-06,-3.009559408718998e-06,-3.0095594079869448e-06,0.9999999989068435,4.675802387161892e-05,0.9999999989068437,4.676682866894732e-05,2.2434392735619646e-12,1.0,2.2441067123731424e-12,4.676682746193295e-05,4.676682746193295e-05,0.0,0.0,0.0,0.00038775368220892635,-4.357324304038457e-05,0.00011302631602561064,-1.7542946258608527e-05,-2.1316282072803006e-14,4.6758021615401636e-05,4.675802385884091e-05,2.2434392735619646e-12,0.0014439134724075864,0.0008007189375109508,2.2049279414429826e-07,-0.00038492326314099046,-1.7891841537220898e-06
D3_100P_lam1,158.0,24.24120769221276,1.0,-0.00038675231376044143,-0.00038675231376044143,4.543822881038825e-05,-2.900795709994547e-06,-2.900795711507226e-06,-2.9007957113580396e-06,0.9999999989676837,4.543822998889867e-05,0.9999999989676835,4.5448741356678035e-05,2.276951720598834e-12,1.0000000000000002,2.278181714017506e-12,4.544874017682664e-05,4.544874017682664e-05,0.0,0.0,0.0,0.00038941339449195415,-4.3138815757570725e-05,0.00010905876070355092,-1.686961934083131e-05,-2.1316282072803006e-14,4.543822770022114e-05,4.543822997717227e-05,2.2769511308898585e-12,0.0014439355069751157,0.0008007043726734707,2.1859829766381162e-07,-0.00038675231377283126,-1.8267061250298866e-06
D3_100P_lam1,159.0,24.39463305735335,1.0,-0.0003885766753776331,-0.0003885766753776331,4.3971407395615665e-05,-2.7735328843488116e-06,-2.773532885406993e-06,-2.7735328855735264e-06,0.9999999990332576,4.397140852648588e-05,0.9999999990332576,4.398027965377042e-05,2.253580854676055e-12,1.0,2.254362680002164e-12,4.39802785219372e-05,4.39802785219372e-05,0.0,0.0,0.0,0.0003910574919144575,-4.268293297549075e-05,0.00010457628106053107,-1.618081123111459e-05,-1.4210854715202004e-14,4.397140626227725e-05,4.397140851585861e-05,2.2535813614950387e-12,0.0014439782256507243,0.0008007936836674197,2.1235597952181785e-07,-0.00038857667539105023,-1.7022184977122379e-06
D3_100P_lam1,160.0,24.548058422493934,1.0,-0.00039015675074783083,-0.00039015675074783083,4.2610600368091416e-05,-2.6675781024873557e-06,-2.667578103972279e-06,-2.6675781033928814e-06,0.9999999990921682,4.261060146946811e-05,0.999999999092168,4.261778231073328e-05,2.208506268258756e-12,1.0,2.209012845067773e-12,4.26177812086733e-05,4.26177812086733e-05,0.0,0.0,0.0,0.000392477316715963,-4.1618484794558874e-05,0.00010033855778734946,-1.5471249709020363e-05,-1.4210854715202004e-14,4.2610599251289094e-05,4.261060145979539e-05,2.2085062941819078e-12,0.0014440302759604114,0.0008009263078296352,2.0770456729391703e-07,-0.00039015675076825573,-1.5733329377098926e-06
D3_100P_lam1,161.0,24.701483787634523,1.0,-0.00039172334125331404,-0.00039172334125331404,4.131035780101302e-05,-2.5844887432437125e-06,-2.5844887450443554e-06,-2.5844887446661857e-06,0.9999999991467273,4.1310358880193774e-05,0.9999999991467271,4.131921887009518e-05,2.2401439949078883e-12,1.0,2.241208365935456e-12,4.1319217789728325e-05,4.1319217789728325e-05,0.0,0.0,0.0,0.00039389633195018595,-3.997740844274844e-05,9.65458773709571e-05,-1.473365958615247e-05,-1.4210854715202004e-14,4.131035663123453e-05,4.131035887137945e-05,2.2401449171032494e-12,0.0014440698893251225,0.000801017910283131,2.0101071221030154e-07,-0.00039172334126647,-1.6190664098303387e-06
D3_100P_lam1,162.0,24.85490915277511,1.0,-0.00039339488356881125,-0.00039339488356881125,3.985964917884523e-05,-2.4902737185486523e-06,-2.4902737196970393e-06,-2.49027371988092e-06,0.9999999992056041,3.9859650212544565e-05,0.9999999992056041,3.98685154802112e-05,2.196783200105287e-12,1.0,2.197798462435194e-12,3.986851444533041e-05,3.986851444533041e-05,0.0,0.0,0.0,0.0003954097880817162,-3.788593643994087e-05,9.232801531444679e-05,-1.3983279093354728e-05,-1.4210854715202004e-14,3.985964800784423e-05,3.9859650204627795e-05,2.19678356572385e-12,0.001444078912870702,0.0008010184367644731,1.9556738472767177e-07,-0.0003933948835879164,-1.580407953838403e-06
D3_100P_lam1,163.0,25.008334517915696,1.0,-0.0003948841571637225,-0.0003948841571637225,3.8475645512862415e-05,-2.4150723587634815e-06,-2.415072359970849e-06,-2.4150723597175794e-06,0.9999999992598124,3.847564651188438e-05,0.9999999992598121,3.8482222025132846e-05,2.1798755678375356e-12,1.0,2.1803425258996924e-12,3.848222102545758e-05,3.848222102545758e-05,0.0,0.0,0.0,0.0003967546669309055,-3.511983740844826e-05,8.81466858078106e-05,-1.3228234669149241e-05,-2.1316282072803006e-14,3.8475644324886455e-05,3.847564650476474e-05,2.1798782892126153e-12,0.0014440603223857661,0.0008009439684641545,1.9427868152297346e-07,-0.0003948841571741468,-1.435250140957578e-06
D3_100P_lam1,164.0,25.161759883056284,1.0,-0.00039626538388274653,-0.00039626538388274653,3.721750915190935e-05,-2.3624440515304657e-06,-2.3624440531888613e-06,-2.3624440527100776e-06,0.9999999993074286,3.721751013282732e-05,0.9999999993074284,3.722513885863285e-05,2.2229320629783593e-12,1.0000000000000002,2.2237325277055827e-12,3.7225137876708636e-05,3.7225137876708636e-05,0.0,0.0,0.0,0.00039800985508837067,-3.234924915085369e-05,8.452450077856e-05,-1.246311823771551e-05,-2.842170943040401e-14,3.721750790345134e-05,3.72175101263834e-05,2.2229320629783593e-12,0.0014440336334153028,0.0008008595164572164,1.9064382688052077e-07,-0.00039626538386983157,-1.461857408457945e-06
D3_100P_lam1,165.0,25.315185248196872,1.0,-0.0003978078719983036,-0.0003978078719983036,3.581136152944334e-05,-2.2918886622112777e-06,-2.2918886635504843e-06,-2.2918886634359925e-06,0.9999999993587732,3.581136246958633e-05,0.9999999993587729,3.5820667883368184e-05,2.1516723998373593e-12,1.0000000000000002,2.1528631687052198e-12,3.582066694183682e-05,3.582066694183682e-05,0.0,0.0,0.0,0.000399417190056151,-2.9539264201461357e-05,8.062557251875546e-05,-1.1706379427489644e-05,-1.4210854715202004e-14,3.581136031217275e-05,3.5811362463845146e-05,2.151672391972934e-12,0.0014440213534620708,0.0008008247923047982,1.834185277988263e-07,-0.0003978078719910627,-1.5075854378210352e-06
D3_100P_lam1,166.0,25.468610613337457,1.0,-0.0003992805547381158,-0.0003992805547381158,3.442101390441573e-05,-2.2184402514516255e-06,-2.2184402524993985e-06,-2.2184402524300095e-06,0.9999999994075968,3.4421014805673975e-05,0.9999999994075969,3.442800662779529e-05,2.1489027296370402e-12,0.9999999999999998,2.1494455265046845e-12,3.4428005725747326e-05,3.4428005725747326e-05,0.0,0.0,0.0,0.0004007619443656749,-2.605713044068203e-05,7.655421078478497e-05,-1.0977531089417791e-05,-2.1316282072803006e-14,3.442101265167563e-05,3.442101480057701e-05,2.1489013851867667e-12,0.001444029828583236,0.0008008534894338229,1.7732356927283323e-07,-0.00039928055474547364,-1.3733208277244557e-06
D3_100P_lam1,167.0,25.622035978478046,1.0,-0.0004005545136469802,-0.0004005545136469802,3.3202027348406e-05,-2.156013438184279e-06,-2.1560134399987996e-06,-2.156013439405524e-06,0.9999999994488128,3.32020282331371e-05,0.9999999994488125,3.3208702252341616e-05,2.2212447151107e-12,1.0,2.221797602505868e-12,3.32087013668001e-05,3.32087013668001e-05,0.0,0.0,0.0,0.0004019286343511773,-2.332729694110025e-05,7.304932126217523e-05,-1.0271316696675026e-05,-1.4210854715202004e-14,3.32020260073171e-05,3.3202028228560966e-05,2.2212438631519877e-12,0.0014440535288703378,0.0008009091934395878,1.724659315756306e-07,-0.0004005545136465116,-1.3301318517733307e-06
D3_100P_lam1,168.0,25.775461343618634,1.0,-0.0004019408184463683,-0.0004019408184463683,3.187580130372421e-05,-2.075478248559498e-06,-2.0754782499819713e-06,-2.0754782497668656e-06,0.9999999994919666,3.187580215379177e-05,0.9999999994919666,3.1884902087058205e-05,2.12359946653799e-12,0.9999999999999999,2.124801869681465e-12,3.1884901235527445e-05,3.1884901235527445e-05,0.0,0.0,0.0,0.00040320335199510443,-2.1703366058223317e-05,6.945726355711557e-05,-9.599215727407184e-06,-7.105427357601002e-15,3.187580002614244e-05,3.187580214974363e-05,2.123601184421558e-12,0.0014440799364584724,0.0008009408495662486,1.6932229537380712e-07,-0.0004019408184490203,-1.4026164052438617e-06
D3_100P_lam1,169.0,25.92888670875922,1.0,-0.00040335974644571876,-0.00040335974644571876,3.053935302832897e-05,-1.986317064380655e-06,-1.9863170658204754e-06,-1.9863170655741447e-06,0.9999999995336739,3.053935383693636e-05,0.9999999995336738,3.0546786044309126e-05,2.115770199501861e-12,1.0000000000000002,2.1164990215842663e-12,3.0546785234674316e-05,3.0546785234674316e-05,0.0,0.0,0.0,0.00040451462168480636,-2.048907698659619e-05,6.556394079648697e-05,-8.980747206122075e-06,-7.105427357601002e-15,3.053935171760395e-05,3.0539353833375075e-05,2.1157711267634007e-12,0.001444090868566364,0.0008009318321082191,1.6975063614190623e-07,-0.00040335974645699935,-1.2928382773225167e-06
D3_100P_lam1,170.0,26.082312073899807,1.0,-0.0004045264950095334,-0.0004045264950095334,2.941818355813419e-05,-1.91310914998688e-06,-1.9131091518291565e-06,-1.91310915111792e-06,0.9999999995672851,2.9418184349194447e-05,0.999999999567285,2.942363393968318e-05,2.220723082305251e-12,1.0000000000000002,2.2211252517844135e-12,2.94236331479571e-05,2.94236331479571e-05,0.0,0.0,0.0,0.00040559504473483657,-2.0232102990513923e-05,6.218247277711697e-05,-8.405923900944856e-06,-2.842170943040401e-14,2.9418182125288373e-05,2.941818434601122e-05,2.220722846812104e-12,0.001444079927296263,0.0008009077743633899,1.7259415494395469e-07,-0.00040452649500366533,-1.163208509069591e-06
D3_100P_lam1,171.0,26.235737439040395,1.0,-0.0004056861634807323,-0.0004056861634807323,2.8273771153187864e-05,-1.8399494798593263e-06,-1.839949481486497e-06,-1.8399494813130246e-06,0.9999999996002972,2.8273771915977825e-05,0.999999999600297,2.828129433272581e-05,2.1223367127443007e-12,1.0000000000000002,2.1233557159958724e-12,2.828129356862396e-05,2.828129356862396e-05,0.0,0.0,0.0,0.0004066706100378864,-2.0196140793959927e-05,5.8933383307646636e-05,-7.872309559120438e-06,-7.105427357601002e-15,2.827376979081414e-05,2.8273771913150873e-05,2.1223367331279903e-12,0.001444063873296715,0.0008008976503241014,1.7582098068313382e-07,-0.00040568616347513853,-1.2214070324034765e-06
D3_100P_lam1,172.0,26.38916280418098,1.0,-0.0004069693090767843,-0.0004069693090767843,2.7094568813512945e-05,-1.7636203462415012e-06,-1.7636203475425438e-06,-1.7636203475807077e-06,0.9999999996329421,2.709456953421364e-05,0.9999999996329422,2.7102058197768567e-05,2.0815785367814124e-12,0.9999999999999999,2.0825497113607123e-12,2.7102057475771988e-05,2.7102057475771988e-05,0.0,0.0,0.0,0.00040787060708998084,-1.9320361470676062e-05,5.535208535301095e-05,-7.393908469766064e-06,-7.105427357601002e-15,2.7094567450148897e-05,2.7094569531728343e-05,2.0815794465483734e-12,0.0014440690099743483,0.0008009072288511186,1.7454551796199004e-07,-0.0004069693090684723,-1.181183719722867e-06
D3_100P_lam1,173.0,26.54258816932157,1.0,-0.00040804853093061246,-0.00040804853093061246,2.6137654784917016e-05,-1.6933659762463638e-06,-1.6933659783106847e-06,-1.6933659776514898e-06,0.9999999996584114,2.613765548565227e-05,0.9999999996584115,2.6142273170830026e-05,2.2105145335849924e-12,1.0000000000000002,2.2108797541199906e-12,2.614227246946288e-05,2.614227246946288e-05,0.0,0.0,0.0,0.0004088849933306825,-1.818168956757571e-05,5.214046368084979e-05,-6.9612034758193e-06,-1.4210854715202004e-14,2.6137653272908446e-05,2.6137655483420086e-05,2.2105116391933524e-12,0.001444095549949634,0.0008009301765768198,1.69232921586269e-07,-0.00040804853091458426,-1.0166850188397802e-06
D3_100P_lam1,174.0,26.696013534462153,1.0,-0.0004090026791158336,-0.0004090026791158336,2.5208174926088303e-05,-1.6120688303353226e-06,-1.612068832364949e-06,-1.6120688320284127e-06,0.9999999996822743,2.520817560434378e-05,0.9999999996822739,2.521383544636812e-05,2.1524936622404668e-12,1.0000000000000002,2.153221980427426e-12,2.5213834767073635e-05,2.5213834767073635e-05,0.0,0.0,0.0,0.0004097790101809922,-1.7481599058899455e-05,4.918988668389801e-05,-6.5639793138672076e-06,-1.4210854715202004e-14,2.5208173449852683e-05,2.5208175602344145e-05,2.152491462738246e-12,0.00144411470740129,0.0008009553490840516,1.5998232328836137e-07,-0.00040900267910615185,-1.0368877951805189e-06
D3_100P_lam1,175.0,26.84943889960274,1.0,-0.0004101223065038758,-0.0004101223065038758,2.4210263751923087e-05,-1.5197687409443383e-06,-1.5197687424362005e-06,-1.5197687423910977e-06,0.9999999997069315,2.4210264390477638e-05,0.9999999997069315,2.421755071516649e-05,2.0504443179769603e-12,1.0,2.0515930953263814e-12,2.421755007511796e-05,2.421755007511796e-05,0.0,0.0,0.0,0.00041083657779342073,-1.7249821506748475e-05,4.5898218371309696e-05,-6.212037206410059e-06,-2.1316282072803006e-14,2.4210262338259487e-05,2.4210264388704174e-05,2.050444686571898e-12,0.0014441046180530342,0.000800962989974288,1.417973051672293e-07,-0.0004101223065049453,-1.0712896454379006e-06
D3_100P_lam1,176.0,27.00286426474333,1.0,-0.00041114525837973977,-0.00041114525837973977,2.3405276620339943e-05,-1.422477228198854e-06,-1.4224772302284805e-06,-1.4224772297184718e-06,0.9999999997260967,2.3405277236524374e-05,0.9999999997260967,2.3409597426310807e-05,2.1889098583962557e-12,1.0000000000000002,2.1893439439587877e-12,2.3409596809398385e-05,2.3409596809398385e-05,0.0,0.0,0.0,0.0004118110661650959,-1.7707680144862792e-05,4.2768701296047595e-05,-5.9000060805836085e-06,-2.1316282072803006e-14,2.340527504601319e-05,2.340527723492349e-05,2.188910300237915e-12,0.0014440794706509605,0.0008009387807646062,1.2232563960157635e-07,-0.00041114525839702765,-9.08165532109706e-07
D3_100P_lam1,177.0,27.156289629883915,1.0,-0.00041193863757487043,-0.00041193863757487043,2.2664184593744995e-05,-1.3046057657957466e-06,-1.3046057679537426e-06,-1.304605767336181e-06,0.9999999997431674,2.2664185192075774e-05,0.9999999997431672,2.2668021867219936e-05,2.2055758629059906e-12,0.9999999999999999,2.2060480160355973e-12,2.2668021268151472e-05,2.2668021268151472e-05,0.0,0.0,0.0,0.00041256176150844184,-1.8665118733385277e-05,3.996395821292964e-05,-5.613237069879151e-06,-1.4210854715202004e-14,2.2664182985042627e-05,2.266418519061985e-05,2.205577223037782e-12,0.0014440703213581588,0.0008008951891525245,1.073245336418372e-07,-0.0004119386375691647,-8.560495246001665e-07
D3_100P_lam1,178.0,27.309714995024503,1.0,-0.00041285735745886056,-0.00041285735745886056,2.1862389990789498e-05,-1.1638140078630566e-06,-1.1638140096394134e-06,-1.1638140095700245e-06,0.9999999997610182,2.1862390554748662e-05,0.9999999997610178,2.1868703876000737e-05,2.030728178587359e-12,1.0000000000000002,2.0319010072780803e-12,2.1868703310548615e-05,2.1868703310548615e-05,0.0,0.0,0.0,0.0004134360237421474,-1.9121801419941242e-05,3.688867292916953e-05,-5.354871622120783e-06,-2.1316282072803006e-14,2.186238852271346e-05,2.186239055344164e-05,2.030728178587359e-12,0.001444073759014332,0.000800867377299686,9.493102899026487e-08,-0.000412857357446228,-9.414005859298413e-07
D3_100P_lam1,179.0,27.46314036016509,1.0,-0.0004138214387415008,-0.0004138214387415008,2.119483216527603e-05,-9.976802615510594e-07,-9.976802634766024e-07,-9.976802631331272e-07,0.9999999997753896,2.1194832704724832e-05,0.9999999997753896,2.119933335972436e-05,2.1580523738167983e-12,1.0,2.15867057967391e-12,2.1199332819322467e-05,2.1199332819322467e-05,0.0,0.0,0.0,0.00041436399161930224,-1.892826014771032e-05,3.38153836163535e-05,-5.124415999480103e-06,-1.4210854715202004e-14,2.119483054548006e-05,2.1194832703532393e-05,2.158052331550842e-12,0.0014440707278036537,0.0008008783901442972,8.804597554693448e-08,-0.0004138214387410244,-8.394318200544149e-07
D3_100P_lam1,180.0,27.616565725305676,1.0,-0.00041453622107353444,-0.00041453622107353444,2.0627962779297914e-05,-8.215455116304671e-07,-8.215455141666328e-07,-8.215455132992711e-07,0.9999999997872436,2.0627963304241944e-05,0.9999999997872435,2.0630772618119585e-05,2.261613754196459e-12,1.0,2.2619383697249467e-12,2.063077209261201e-05,2.063077209261201e-05,0.0,0.0,0.0,0.00041504920949390976,-1.841664239821128e-05,3.113454104664015e-05,-4.910926755918865e-06,-2.1316282072803006e-14,2.0627961041532173e-05,2.0627963303144732e-05,2.2616125579821115e-12,0.0014440727192342518,0.0008009166009996559,8.487334526370911e-08,-0.0004145362210863368,-7.361446279219308e-07
D3_100P_lam1,181.0,27.769991090446265,1.0,-0.0004152937279931379,-0.0004152937279931379,2.000399160391944e-05,-6.55185637792044e-07,-6.55185639554523e-07,-6.551856394435007e-07,0.9999999997999203,2.0003992100962314e-05,0.9999999997999202,2.00093143606079e-05,2.035485592509138e-12,1.0,2.0364899599968803e-12,2.000931386222501e-05,2.000931386222501e-05,0.0,0.0,0.0,0.00041577538529044246,-1.766739452457866e-05,2.8351882157551245e-05,-4.7161630919445585e-06,-2.1316282072803006e-14,2.000399006447461e-05,2.0003992099960694e-05,2.0354860840597005e-12,0.0014440953863607791,0.0008009532086598115,7.86417550800805e-08,-0.00041529372799686826,-8.445150427860426e-07
D3_100P_lam1,182.0,27.923416455586853,1.0,-0.00041622525117325965,-0.00041622525117325965,1.943248061623284e-05,-4.862349971233859e-07,-4.862349990281123e-07,-4.862349987679038e-07,0.9999999998111897,1.9432481087013342e-05,0.9999999998111896,1.9437868351840466e-05,2.1183628437005304e-12,1.0,2.1192285876450983e-12,1.943786787976716e-05,1.943786787976716e-05,0.0,0.0,0.0,0.000416678783450608,-1.6776523338868365e-05,2.549518784311644e-05,-4.545605647443551e-06,-1.4210854715202004e-14,1.9432478967733462e-05,1.943248108609642e-05,2.118362955426849e-12,0.0014441190272577158,0.0008009692804755804,6.843925680519979e-08,-0.0004162252511719089,-8.319097588582736e-07
D3_100P_lam1,183.0,28.076841820727438,1.0,-0.00041695754749579054,-0.00041695754749579054,1.8994130788177165e-05,-3.3211663817006576e-07,-3.321166406056175e-07,-3.321166396376418e-07,0.9999999998196114,1.899413124690061e-05,0.9999999998196115,1.8996744919592796e-05,2.3042853683916285e-12,0.9999999999999999,2.304573753582863e-12,1.8996744460329014e-05,1.8996744460329014e-05,0.0,0.0,0.0,0.00041739000389194906,-1.6256534571379433e-05,2.307236168830329e-05,-4.394039736399513e-06,-7.105427357601002e-15,1.8994128941758175e-05,1.8994131246045717e-05,2.304287541975706e-12,0.0014441167357470283,0.0008009614352785325,6.004573534142478e-08,-0.0004169575475145848,-6.861100558808175e-07
D3_100P_lam1,184.0,28.230267185868026,1.0,-0.00041759747127185175,-0.00041759747127185175,1.8499069599277632e-05,-2.0002613760478072e-07,-2.0002613970726557e-07,-2.000261392666458e-07,0.999999999828892,1.849907003572033e-05,0.999999999828892,1.850310496464782e-05,2.0734283685082985e-12,1.0,2.074149575355784e-12,1.850310452715513e-05,1.850310452715513e-05,0.0,0.0,0.0,0.0004180071086875589,-1.6569731759896733e-05,2.070340342630317e-05,-4.258833561754383e-06,-2.1316282072803006e-14,1.849906796150191e-05,1.8499070034928357e-05,2.0734264440976697e-12,0.0014440950014310164,0.0008009367459915684,5.350536464845097e-08,-0.00041759747128367053,-7.441580436307049e-07
D3_100P_lam1,185.0,28.383692551008615,1.0,-0.00041844586359420676,-0.00041844586359420676,1.800561214338801e-05,-6.497895959842181e-08,-6.497896145804538e-08,-6.497896113538681e-08,0.999999999837899,1.8005612553368842e-05,0.9999999998378987,1.801134049995041e-05,2.073075462250506e-12,1.0000000000000002,2.0741626277207202e-12,1.8011340088406134e-05,1.8011340088406134e-05,0.0,0.0,0.0,0.0004188332209712031,-1.7417829689891917e-05,1.8210996174161664e-05,-4.142113113336787e-06,0.0,1.8005610479563536e-05,1.8005612552638846e-05,2.073075310037386e-12,0.001444076764133217,0.0008009097922487637,4.7738689537565435e-08,-0.0004184458636018462,-7.961838122128029e-07
D3_100P_lam1,186.0,28.5371179161492,1.0,-0.0004191898389043933,-0.0004191898389043933,1.7679217188698143e-05,4.798884777057477e-08,4.7988845276042413e-08,4.7988846365448756e-08,0.9999999998437227,1.7679217588728015e-05,0.9999999998437227,1.7681824731781656e-05,2.3288599867114067e-12,1.0,2.3292085262104745e-12,1.7681824331121676e-05,1.7681824331121676e-05,0.0,0.0,0.0,0.00041956252450663615,-1.8391730557953956e-05,1.6154504016707705e-05,-4.039770911956619e-06,-7.105427357601002e-15,1.7679215259177377e-05,1.767921758803737e-05,2.328859991879819e-12,0.001444073661953333,0.0008008946293880895,4.66881067625898e-08,-0.00041918983890809614,-6.379041934678753e-07
D3_100P_lam1,187.0,28.690543281289788,1.0,-0.00041972167198958,-0.00041972167198958,1.7304673418278676e-05,1.3033315454658023e-07,1.3033315237470644e-07,1.3033315287083735e-07,0.9999999998502741,1.7304673800799595e-05,0.9999999998502739,1.7307207760824013e-05,2.140146434523117e-12,1.0,2.1406125731010683e-12,1.7307207377594123e-05,1.7307207377594123e-05,0.0,0.0,0.0,0.00042007828622084325,-1.89245120278958e-05,1.4289794677768697e-05,-3.945065921662216e-06,-1.4210854715202004e-14,1.7304671660007894e-05,1.7304673800153973e-05,2.140146079677932e-12,0.001444078925676946,0.0008008963763127246,4.7857209450029445e-08,-0.00041972167198878196,-6.190155943386344e-07
D3_100P_lam1,188.0,28.843968646430373,1.0,-0.0004204278701067588,-0.0004204278701067588,1.690818470380696e-05,2.0867176885389083e-07,2.0867176696998113e-07,2.086717673446814e-07,0.9999999998570569,1.690818506203516e-05,0.9999999998570568,1.69133887139288e-05,2.0361548861416995e-12,1.0,2.0373139931761855e-12,1.6913388354104475e-05,1.6913388354104475e-05,0.0,0.0,0.0,0.00042076784556336017,-1.8964081538674904e-05,1.2294804697887685e-05,-3.855531143792668e-06,-1.4210854715202004e-14,1.690818302527656e-05,1.6908185061431374e-05,2.0361548124066097e-12,0.001444081631808899,0.0008009097439202885,4.7610494404305375e-08,-0.0004204278700967734,-7.276040037140774e-07
D3_100P_lam1,189.0,28.99739401157096,1.0,-0.0004211768800071967,-0.0004211768800071967,1.6672802341881935e-05,2.580172777169598e-07,2.5801727543059427e-07,2.5801727645755057e-07,0.999999999861009,1.6672802692111868e-05,0.999999999861009,1.6675877142192808e-05,2.333053847689898e-12,0.9999999999999999,2.333568524731729e-12,1.6675876791083617e-05,1.6675876791083617e-05,0.0,0.0,0.0,0.0004215068085420246,-1.891875667692222e-05,1.070197667329964e-05,-3.770903330424513e-06,-1.4210854715202004e-14,1.6672800358477497e-05,1.667280269153342e-05,2.333055923034861e-12,0.001444083133075231,0.0008009249540027426,4.431518127716045e-08,-0.0004211768799962101,-6.240063044060662e-07
D3_100P_lam1,190.0,29.15081937671155,1.0,-0.0004216758827050164,-0.0004216758827050164,1.638867156339516e-05,2.7318694601624616e-07,2.731869436917167e-07,2.73186944291931e-07,0.9999999998657059,1.6388671900505295e-05,0.9999999998657056,1.6390411526594744e-05,2.2238132906468627e-12,1.0000000000000002,2.224129868754742e-12,1.639041118897403e-05,1.639041118897403e-05,0.0,0.0,0.0,0.00042199425409730925,-1.8697708185300144e-05,9.381154871590525e-06,-3.688046604666262e-06,-2.1316282072803006e-14,1.6388669676140187e-05,1.638867189995477e-05,2.223814584909506e-12,0.0014440897513051016,0.000800936280768955,3.8854684477807346e-08,-0.00042167588270558554,-5.403105802770369e-07
D3_100P_lam1,191.0,29.304244741852134,1.0,-0.00042225750114901323,-0.00042225750114901323,1.6054299856556898e-05,2.891731157583788e-07,2.8917311379120236e-07,2.8917311412426927e-07,0.9999999998711298,1.605430017299519e-05,0.9999999998711298,1.6058688039053663e-05,2.020022161430056e-12,0.9999999999999999,2.021053884916369e-12,1.6058687721191126e-05,1.6058687721191126e-05,0.0,0.0,0.0,0.0004225626688463595,-1.8508728498956017e-05,7.900567328800179e-06,-3.6033451520922632e-06,-7.105427357601002e-15,1.6054298152455025e-05,1.6054300172478297e-05,2.0200232713013346e-12,0.0014440986657959364,0.0008009429212695949,3.418901979688083e-08,-0.0004222575011567642,-6.671037482419706e-07
D3_100P_lam1,192.0,29.457670106992722,1.0,-0.0004230100902175034,-0.0004230100902175034,1.585303896946153e-05,2.954187803341779e-07,2.954187781553652e-07,2.954187789810936e-07,0.9999999998743405,1.585303927958479e-05,0.9999999998743407,1.5857048510055064e-05,2.3171150407626613e-12,1.0,2.3178609644512255e-12,1.58570481986886e-05,1.58570481986886e-05,0.0,0.0,0.0,0.0004233071176920399,-1.831025848320067e-05,6.724112953104822e-06,-3.520005518176106e-06,-1.4210854715202004e-14,1.5853036961969403e-05,1.585303927908514e-05,2.3171157384760676e-12,0.0014441019397551092,0.0008009439421966302,3.203073525218014e-08,-0.0004230100902020695,-6.454950352008382e-07
D3_100P_lam1,193.0,29.61109547213331,1.0,-0.000423548491215384,-0.000423548491215384,1.5630847407275475e-05,2.9204198694759986e-07,2.920419841408173e-07,2.9204198504634293e-07,0.9999999998778386,1.5630847709145272e-05,0.9999999998778384,1.5632432326014735e-05,2.304901482056696e-12,1.0000000000000002,2.305173950358104e-12,1.563243202367093e-05,1.563243202367093e-05,0.0,0.0,0.0,0.0004238368255442137,-1.804073856770394e-05,5.849414737912895e-06,-3.440639917640098e-06,-2.1316282072803006e-14,1.5630845403766195e-05,1.5630847708668294e-05,2.3049020972484326e-12,0.001444096916733594,0.0008009382165240554,3.226014686757452e-08,-0.00042354849122716587,-5.145247143900633e-07
D3_100P_lam1,194.0,29.764520837273896,1.0,-0.0004240391396474463,-0.0004240391396474463,1.5349227235270966e-05,3.0386639035540064e-07,3.0386638840557145e-07,3.0386638887741624e-07,0.9999999998822006,1.5349227520126533e-05,0.9999999998822007,1.53525962600278e-05,2.0281136578077667e-12,1.0000000000000002,2.028896756607494e-12,1.535259597405737e-05,1.535259597405737e-05,0.0,0.0,0.0,0.0004243169023181221,-1.804673514160804e-05,4.791649010460475e-06,-3.3615424114841197e-06,-1.4210854715202004e-14,1.5349225491558722e-05,1.534922751967238e-05,2.0281136578077667e-12,0.001444087533085755,0.000800927286913166,3.246798399691772e-08,-0.0004240391396308496,-6.082766219606128e-07
D3_100P_lam1,195.0,29.917946202414484,1.0,-0.0004247650444823665,-0.0004247650444823665,1.5193924207664565e-05,3.0892125494480505e-07,3.089212528631369e-07,3.0892125351192345e-07,0.9999999998845721,1.519392448800306e-05,0.9999999998845726,1.5198883707194263e-05,2.280166395606737e-12,1.0000000000000002,2.2811385492338564e-12,1.5198883425251029e-05,1.5198883425251029e-05,0.0,0.0,0.0,0.00042503679401912107,-1.783522681397809e-05,3.957425767975309e-06,-3.28609631972121e-06,-7.105427357601002e-15,1.5193922207397566e-05,1.5193924487564498e-05,2.2801669325868317e-12,0.0014440818123826766,0.0008009148273007504,3.20333106702282e-08,-0.0004247650444710871,-6.733862250030143e-07
D3_100P_lam1,196.0,30.071371567555072,1.0,-0.0004253859120814869,-0.0004253859120814869,1.5075728076082942e-05,2.985740099707701e-07,2.985740073825627e-07,2.985740082707411e-07,0.9999999998863612,1.5075728353564729e-05,0.9999999998863612,1.5077782874275776e-05,2.360407864249325e-12,1.0,2.3607396170321473e-12,1.5077782596177452e-05,1.5077782596177452e-05,0.0,0.0,0.0,0.00042565298767475854,-1.6938072227357104e-05,3.4930288768109108e-06,-3.2222177120400097e-06,-1.4210854715202004e-14,1.5075725992728591e-05,1.507572835313667e-05,2.360408079635628e-12,0.0014440838283133815,0.0008009061121161246,3.066118702387233e-08,-0.00042538591208085563,-5.412498182977288e-07
D3_100P_lam1,197.0,30.224796932695657,1.0,-0.0004258475441290381,-0.0004258475441290381,1.4871780348898195e-05,2.9920426771953834e-07,2.992042654852145e-07,2.9920426588073146e-07,0.9999999998894148,1.487178061180305e-05,0.9999999998894152,1.4874353427217055e-05,2.0509669102930707e-12,1.0,2.051496126249897e-12,1.4874353163489918e-05,1.4874353163489918e-05,0.0,0.0,0.0,0.0004261071746333331,-1.5837464799051126e-05,2.8595159440314433e-06,-3.167765921574528e-06,-1.4210854715202004e-14,1.4871778560424649e-05,1.4871780611391558e-05,2.0509669102930707e-12,0.0014440894102563276,0.0008009072232714994,2.8915499602820264e-08,-0.00042584754410768255,-5.684934336613878e-07
D3_100P_lam1,198.0,30.378222297836246,1.0,-0.0004265228989603935,-0.0004265228989603935,1.4791568186125373e-05,2.95427103152307e-07,2.9542710132737793e-07,2.9542710161881147e-07,0.9999999998906048,1.479156844659058e-05,0.9999999998906047,1.4796975164792565e-05,2.2210861920066795e-12,1.0,2.2221686038118215e-12,1.4796974902547815e-05,1.4796974902547815e-05,0.0,0.0,0.0,0.0004267794023176699,-1.5130434323218367e-05,2.3628402812114757e-06,-3.12211026315401e-06,-2.842170943040401e-14,1.4791566225099917e-05,1.479156844618611e-05,2.2210861920066795e-12,0.0014440927834541034,0.0008009198507008129,2.615514722734226e-08,-0.0004265228989481784,-6.872426752124738e-07
D3_100P_lam1,199.0,30.531647662976834,1.0,-0.0004272220294682046,-0.0004272220294682046,1.4763212259219613e-05,2.6610792295406194e-07,2.661079202617711e-07,2.661079212228079e-07,0.9999999998910238,1.476321252127837e-05,0.9999999998910236,1.4766113986738043e-05,2.3701442007837894e-12,1.0,2.3706298323866173e-12,1.4766113723772175e-05,1.4766113723772175e-05,0.0,0.0,0.0,0.0004274770687847373,-1.5238388678784354e-05,2.2937856671845225e-06,-3.0934871851351353e-06,-7.105427357601002e-15,1.4763210150736244e-05,1.4763212520878309e-05,2.37014206551011e-12,0.0014440953665986868,0.0008009362480597301,2.1118201552390424e-08,-0.0004272220294581075,-5.803505445101109e-07
D3_100P_lam1,200.0,30.68507302811742,1.0,-0.00042768360002613624,-0.00042768360002613624,1.460793125488726e-05,2.3673708189272946e-07,2.3673707931146093e-07,2.3673708002963645e-07,0.9999999998933042,1.4607931504425226e-05,0.9999999998933042,1.46097115828405e-05,2.0756326866254367e-12,1.0000000000000002,2.076005828870087e-12,1.4609711332717838e-05,1.4609711332717838e-05,0.0,0.0,0.0,0.0004279330097747518,-1.6088108675482715e-05,2.068905215146799e-06,-3.0793223055880503e-06,-1.4210854715202004e-14,1.460792942840033e-05,1.4607931504033778e-05,2.0756334475088964e-12,0.0014441004867660865,0.0008009450159662654,1.7930082420441184e-08,-0.00042768360003719863,-5.100388449363891e-07
D3_100P_lam1,201.0,30.838498393258007,1.0,-0.0004282421071682738,-0.0004282421071682738,1.4579462039318933e-05,2.0361214462041866e-07,2.036121425179338e-07,2.036121429238591e-07,0.9999999998937196,1.4579462289220883e-05,0.9999999998937196,1.4583793426511935e-05,2.14368217433764e-12,1.0,2.14470690042555e-12,1.4583793175069067e-05,1.4583793175069067e-05,0.0,0.0,0.0,0.0004284902815188759,-1.7454289319318583e-05,1.8705225390824864e-06,-3.0691488329126493e-06,-1.4210854715202004e-14,1.4579460145151217e-05,1.457946228883354e-05,2.1436823226892178e-12,0.001444103439472997,0.0008009425453167258,1.9117997157854607e-08,-0.0004282421071479803,-6.244324026738468e-07
D3_100P_lam1,202.0,30.991923758398595,1.0,-0.00042893246485470576,-0.00042893246485470576,1.4588625969293552e-05,1.5600775211607742e-07,1.560077492399059e-07,1.560077504507429e-07,0.999999999893586,1.4588626223895017e-05,0.9999999998935859,1.4592048624171106e-05,2.328986494202679e-12,1.0,2.3297158530047416e-12,1.4592048368367696e-05,1.4592048368367696e-05,0.0,0.0,0.0,0.000429180528775282,-1.8798503758410412e-05,2.1261170926045736e-06,-3.065237148047739e-06,-2.1316282072803006e-14,1.4588623894521715e-05,1.4588626223506749e-05,2.3289850332817344e-12,0.0014440969055005315,0.0008009342399155139,1.9301202582171558e-08,-0.0004289324648425463,-5.791689829948155e-07
D3_100P_lam1,203.0,31.14534912353918,1.0,-0.0004294004451255332,-0.0004294004451255332,1.448062504132712e-05,1.3581426418565745e-07,1.3581426148642772e-07,1.3581426234338112e-07,0.999999999895156,1.4480625287573435e-05,0.9999999998951559,1.448192366505657e-05,2.097888828569377e-12,0.9999999999999999,2.098219345237511e-12,1.4481923418333749e-05,1.4481923418333749e-05,0.0,0.0,0.0,0.00042964453883706283,-1.9164027322382537e-05,2.242493417625724e-06,-3.0669793810167434e-06,-1.4210854715202004e-14,1.4480623189303916e-05,1.4480625287193829e-05,2.097889912436247e-12,0.0014440852371880102,0.000800925710592296,2.1325810058933754e-08,-0.0004294004451139699,-4.560931898822673e-07
D3_100P_lam1,204.0,31.29877448867977,1.0,-0.00042984465121772425,-0.00042984465121772425,1.4494846226519766e-05,1.3720195493616139e-07,1.372019526393875e-07,1.3720195329511298e-07,0.9999999998949497,1.4494846476604121e-05,0.9999999998949496,1.4497885007993106e-05,2.0653985533953503e-12,1.0,2.0662351430665502e-12,1.4497884756754753e-05,1.4497884756754753e-05,0.0,0.0,0.0,0.0004300890083679802,-1.878089450169096e-05,2.2510092545502403e-06,-3.0615667103717215e-06,-7.105427357601002e-15,1.449484441082824e-05,1.4494846476222999e-05,2.065394759061474e-12,0.001444080645177085,0.0008009184218060732,2.125463154799923e-08,-0.00042984465122231086,-5.537859522064537e-07
D3_100P_lam1,205.0,31.452199853820353,1.0,-0.00043050801702149507,-0.00043050801702149507,1.4514497984524038e-05,1.3767920559529245e-07,1.3767920267748757e-07,1.3767920386056898e-07,0.9999999998946646,1.4514498241295845e-05,0.9999999998946648,1.4518697765558172e-05,2.252390666899454e-12,0.9999999999999999,2.253378189874383e-12,1.4518697507256593e-05,1.4518697507256593e-05,0.0,0.0,0.0,0.00043075268737387913,-1.807998749225881e-05,2.7031788767395426e-06,-3.051540201637337e-06,-7.105427357601002e-15,1.451449598852024e-05,1.4514498240913071e-05,2.252392830218036e-12,0.001444085609517287,0.0008009136688617654,2.1806418102313475e-08,-0.0004305080170183828,-6.065913851216465e-07
D3_100P_lam1,206.0,31.60562521896094,1.0,-0.00043105783398618945,-0.00043105783398618945,1.4447279375197104e-05,1.6190831501547431e-07,1.619083121844056e-07,1.619083131454424e-07,0.9999999998956381,1.4447279630507743e-05,0.9999999998956381,1.4448936660460856e-05,2.1218990814528472e-12,0.9999999999999999,2.122293813883618e-12,1.444893640455912e-05,1.444893640455912e-05,0.0,0.0,0.0,0.0004312998776132025,-1.73154393143804e-05,3.0992236337290535e-06,-3.0460625466410818e-06,-7.105427357601002e-15,1.4447277508232128e-05,1.444727963013138e-05,2.121899250550636e-12,0.0014440899316386171,0.0008009145452868122,2.9890106857936715e-08,-0.00043105783399255415,-4.843199548076882e-07
D3_100P_lam1,207.0,31.75905058410153,1.0,-0.00043147665694317485,-0.00043147665694317485,1.4477696734710354e-05,1.9547429865388044e-07,1.9547429659996785e-07,1.954742971203849e-07,0.9999999998951983,1.4477696997659701e-05,0.9999999998951983,1.4480009189373008e-05,2.0122329062874373e-12,0.9999999999999999,2.012850007544658e-12,1.4480008925576975e-05,1.4480008925576975e-05,0.0,0.0,0.0,0.0004317194981054755,-1.735531012792002e-05,3.2965385288186155e-06,-3.036994874361376e-06,-2.842170943040401e-14,1.4477694985052116e-05,1.4477696997281038e-05,2.0122289220107946e-12,0.0014440880626850488,0.0008009210280824194,3.880296758817594e-08,-0.0004314766569279982,-5.264361107037985e-07
D3_100P_lam1,208.0,31.912475949242115,1.0,-0.0004321107062159538,-0.0004321107062159538,1.4499380150129084e-05,2.1981965457953945e-07,2.1981965177969576e-07,2.1981965283440763e-07,0.9999999998948841,1.4499380421340001e-05,0.999999999894884,1.4504203928804914e-05,2.1670339931228343e-12,1.0000000000000002,2.1681830731326534e-12,1.4504203655863887e-05,1.4504203655863887e-05,0.0,0.0,0.0,0.00043235397716067,-1.778712907885005e-05,3.930234693250156e-06,-3.0249643304114393e-06,-7.105427357601002e-15,1.4499378253926692e-05,1.4499380420960581e-05,2.1670338903484212e-12,0.0014440877306412135,0.0008009282625186236,4.637311754957567e-08,-0.00043211070621396175,-6.442192557187809e-07
D3_100P_lam1,209.0,32.06590131438271,1.0,-0.000432765095439166,-0.000432765095439166,1.4527103438450705e-05,2.4852156133708947e-07,2.485215579786648e-07,2.4852155938379084e-07,0.9999999998944817,1.4527103716946207e-05,0.9999999998944814,1.4529774137303189e-05,2.1483041895654858e-12,1.0,2.148877758651281e-12,1.4529773857907013e-05,1.4529773857907013e-05,0.0,0.0,0.0,0.0004330088763831225,-1.734982300782839e-05,4.69953051585037e-06,-3.024224083603144e-06,-7.105427357601002e-15,1.4527101568258663e-05,1.4527103716562851e-05,2.1483041895654858e-12,0.0014440949895504274,0.0008009331039376411,5.1626190597739044e-08,-0.00043276509543943575,-5.607103616966924e-07
D3_100P_lam1,210.0,32.21932667952329,1.0,-0.000433232126933862,-0.000433232126933862,1.4662076759100635e-05,2.755192366650505e-07,2.755192341531709e-07,2.7551923500665487e-07,0.9999999998925118,1.4662077049596815e-05,0.9999999998925115,1.4664160795967613e-05,2.0008847255632883e-12,0.9999999999999999,2.001351139790401e-12,1.4664160504785898e-05,1.4664160504785898e-05,0.0,0.0,0.0,0.0004334801772143198,-1.623856563270909e-05,5.2463460091800584e-06,-3.032521974366542e-06,-7.105427357601002e-15,1.4662075048321014e-05,1.4662077049204723e-05,2.000883709389605e-12,0.0014441032132174367,0.0008009370366366113,5.3394489016665686e-08,-0.00043323212693735513,-5.392005419935231e-07
D3_100P_lam1,211.0,32.372752044663876,1.0,-0.00043384349651249144,-0.00043384349651249144,1.4801613834276602e-05,2.9410310301708487e-07,2.941031000507077e-07,2.941031011644002e-07,0.9999999998904562,1.4801614134267996e-05,0.9999999998904563,1.4806675682039952e-05,2.0939678463703587e-12,1.0,2.0950972411803392e-12,1.4806675380357741e-05,1.4806675380357741e-05,0.0,0.0,0.0,0.0004340960046398595,-1.5018050771864466e-05,6.182675849064623e-06,-3.0479704238861594e-06,-7.105427357601002e-15,1.4801612039893324e-05,1.4801614133861483e-05,2.0939681577081495e-12,0.0014441045411194924,0.0008009399412361745,5.2354352511801394e-08,-0.0004338434965234228,-6.859889936094987e-07
D3_100P_lam1,212.0,32.52617740980447,1.0,-0.00043460410493059584,-0.00043460410493059584,1.5019803088104636e-05,3.0400423956661315e-07,3.040042357779771e-07,3.040042376133145e-07,0.9999999998872026,1.5019803403262321e-05,0.9999999998872026,1.5024148393390243e-05,2.166524127718581e-12,1.0000000000000002,2.167362033031001e-12,1.5024148076877708e-05,1.5024148076877708e-05,0.0,0.0,0.0,0.00043486363585493984,-1.3885336138108606e-05,7.469164057916089e-06,-3.0863246309187353e-06,-7.105427357601002e-15,1.5019801236313852e-05,1.5019803402838009e-05,2.1665241574473396e-12,0.0014441006914529542,0.000800937472617335,5.0520939499399935e-08,-0.00043460410492457413,-6.731029458251214e-07
D3_100P_lam1,213.0,32.67960277494505,1.0,-0.00043518970243426505,-0.00043518970243426505,1.5328635511056587e-05,3.000348993247026e-07,3.000348970244593e-07,3.0003489785712656e-07,0.9999999998825163,1.5328635843092187e-05,0.9999999998825164,1.5331011837227985e-05,2.0260662824503115e-12,1.0,2.0264845849165072e-12,1.5331011504516977e-05,1.5331011504516977e-05,0.0,0.0,0.0,0.0004354595995821536,-1.3511278134203941e-05,8.539643873817226e-06,-3.1516017183763623e-06,-7.105427357601002e-15,1.5328633816576957e-05,1.532863584264333e-05,2.0260663728874187e-12,0.0014440974120224384,0.0008009279497916418,4.724702915316757e-08,-0.00043518970241507304,-5.925273285356525e-07
D3_100P_lam1,214.0,32.83302814008564,1.0,-0.00043578915957705747,-0.00043578915957705747,1.563337138949559e-05,2.722416883975398e-07,2.7224168557341e-07,2.722416866073052e-07,0.9999999998777988,1.5633371732030233e-05,0.9999999998777989,1.563787919929188e-05,2.0410574807129006e-12,1.0,2.0420111402905806e-12,1.563787885535481e-05,1.563787885535481e-05,0.0,0.0,0.0,0.00043606955925362087,-1.4108577408689094e-05,9.887632840044347e-06,-3.2370407858084427e-06,-1.4210854715202004e-14,1.563336969049508e-05,1.56333717315528e-05,2.0410577214651863e-12,0.0014440956562426386,0.0008009172885636074,4.4211455354321936e-08,-0.00043578915958164544,-7.016795962044853e-07
D3_100P_lam1,215.0,32.98645350522622,1.0,-0.000436593061611058,-0.000436593061611058,1.6030541409665043e-05,2.0528470146691236e-07,2.0528469796970983e-07,2.0528469976688335e-07,0.9999999998715109,1.6030541771534177e-05,0.9999999998715108,1.603603817960054e-05,2.164645145119102e-12,1.0000000000000002,2.1657467394098303e-12,1.6036037816044015e-05,1.6036037816044015e-05,0.0,0.0,0.0,0.0004368873686147671,-1.4876197572677441e-05,1.1793185113351257e-05,-3.350672710511482e-06,-7.105427357601002e-15,1.603053960637655e-05,1.6030541771020194e-05,2.16464364449592e-12,0.0014440935197454585,0.0008009138836710466,4.57388314613083e-08,-0.000436593061607482,-7.522059632947276e-07
D3_100P_lam1,216.0,33.139878870366815,1.0,-0.00043729357151245,-0.00043729357151245,1.6524735172175564e-05,1.1634149030617658e-07,1.1634148753061901e-07,1.1634148853328918e-07,0.9999999998634664,1.6524735556410468e-05,0.9999999998634667,1.6527576605993153e-05,2.0695398980948314e-12,1.0,2.070032743107939e-12,1.652757622098957e-05,1.652757622098957e-05,0.0,0.0,0.0,0.00043760572067086536,-1.5138825204541462e-05,1.3541382316351047e-05,-3.497933771690054e-06,-1.4210854715202004e-14,1.6524733486306777e-05,1.652473555584677e-05,2.069539994515084e-12,0.0014440927866362385,0.0008009203411422051,4.575201698864876e-08,-0.0004372935715082349,-6.474810447798518e-07
D3_100P_lam1,217.0,33.2933042355074,1.0,-0.00043788802369685323,-0.00043788802369685323,1.6998848496791998e-05,2.121487130066213e-08,2.1214868611840743e-08,2.1214869472263587e-08,0.9999999998555194,1.699884889296429e-05,0.9999999998555195,1.700240369484906e-05,2.0138896565285394e-12,0.9999999999999999,2.0146242584748856e-12,1.70024032976491e-05,1.70024032976491e-05,0.0,0.0,0.0,0.0004382179061075689,-1.5075829193578194e-05,1.5364124352768016e-05,-3.668248375054972e-06,-7.105427357601002e-15,1.699884687845773e-05,1.6998848892349805e-05,2.0138920756954105e-12,0.0014440961619359663,0.0008009313882249051,4.220434815451068e-08,-0.0004378880236970417,-6.92975348215441e-07
D3_100P_lam1,218.0,33.446729600647984,1.0,-0.0004386795222146658,-0.0004386795222146658,1.7526187079473777e-05,-1.0489573881028447e-07,-1.0489574213401465e-07,-1.0489574037500504e-07,0.9999999998464165,1.752618749471825e-05,0.9999999998464164,1.7531979092651686e-05,2.1415526211783636e-12,1.0000000000000002,2.1428071946769444e-12,1.7531978675655635e-05,1.7531978675655635e-05,0.0,0.0,0.0,0.00043902961588909,-1.5310064907958498e-05,1.7829828219184662e-05,-3.8608185217170465e-06,0.0,1.7526185352494066e-05,1.7526187494044773e-05,2.1415507076754375e-12,0.0014441007087330972,0.0008009387505001412,4.302871366869224e-08,-0.00043867952220466577,-7.999844342521101e-07
D3_100P_lam1,219.0,33.600154965788576,1.0,-0.0004394879925613333,-0.0004394879925613333,1.81826113822025e-05,-2.4214741546624285e-07,-2.4214741845690613e-07,-2.4214741713504684e-07,0.9999999998346962,1.8182611826464986e-05,0.9999999998346962,1.8186255286727675e-05,2.1170368758548054e-12,1.0,2.117721319711499e-12,1.818625484148266e-05,1.818625484148266e-05,0.0,0.0,0.0,0.0004398640267039187,-1.6051753278345515e-05,2.019657726570756e-05,-4.083247918618138e-06,0.0,1.818260970867686e-05,1.818261182571347e-05,2.117036611021592e-12,0.0014441005084639786,0.0008009378209222196,4.707631399536247e-08,-0.00043948799256554594,-7.212341728290994e-07
D3_100P_lam1,220.0,33.75358033092916,1.0,-0.00044012199055665306,-0.00044012199055665306,1.8780603010436675e-05,-3.649508872362317e-07,-3.649508897550502e-07,-3.6495088896748573e-07,0.9999999998236444,1.878060346883449e-05,0.9999999998236445,1.8783496482390904e-05,2.0193007394930833e-12,1.0000000000000002,2.0198701703035444e-12,1.8783496023219534e-05,1.8783496023219534e-05,0.0,0.0,0.0,0.00044052255247864426,-1.719467167127231e-05,2.2371724563541306e-05,-4.326267540710749e-06,0.0,1.878060144870418e-05,1.8780603468005364e-05,2.0193011819284167e-12,0.001444093954768476,0.0008009303351098218,5.292313666758767e-08,-0.00044012199055032397,-6.924261555241173e-07
D3_100P_lam1,221.0,33.907005696069746,1.0,-0.0004408728448706427,-0.0004408728448706427,1.936909464445586e-05,-5.034716875386425e-07,-5.034716909144143e-07,-5.034716893254076e-07,0.999999999812419,1.9369095119346692e-05,0.9999999998124192,1.9374332030648867e-05,2.1051567195917013e-12,1.0,2.1063914070760898e-12,1.9374331554209466e-05,1.9374331554209466e-05,0.0,0.0,0.0,0.0004412982430226485,-1.85689091359853e-05,2.516414760078689e-05,-4.580362738260124e-06,-7.105427357601002e-15,1.9369093013281705e-05,1.9369095118438425e-05,2.1051567195917013e-12,0.0014440856977165127,0.0008009216062009049,6.414953737372867e-08,-0.00044087284487659417,-8.160025828374273e-07
D3_100P_lam1,222.0,34.06043106121034,1.0,-0.0004417539957179026,-0.0004417539957179026,2.0147863758367052e-05,-6.362243353229269e-07,-6.362243383066513e-07,-6.362243371860199e-07,0.9999999997970318,2.0147864268960275e-05,0.9999999997970318,2.0152381432616272e-05,2.161451583491139e-12,1.0000000000000002,2.16240644625508e-12,2.0152380920769224e-05,2.0152380920769224e-05,0.0,0.0,0.0,0.0004422133248496798,-1.9481924290354335e-05,2.7981174558711075e-05,-4.852420954548631e-06,-1.4210854715202004e-14,2.0147862106488227e-05,2.0147864267939837e-05,2.1614516097631202e-12,0.0014440812091445494,0.0008009162817631809,7.635379726364924e-08,-0.0004417539957159988,-8.001972986448891e-07
D3_100P_lam1,223.0,34.21385642635092,1.0,-0.00044247323948792215,-0.00044247323948792215,2.083411400853149e-05,-7.394354831317951e-07,-7.394354860044972e-07,-7.394354849740714e-07,0.9999999997829699,2.083411453659417e-05,0.9999999997829699,2.0836898482627445e-05,2.0556759671342997e-12,1.0000000000000002,2.056201722947718e-12,2.083689795387749e-05,2.083689795387749e-05,0.0,0.0,0.0,0.0004429635131882602,-1.982540668199473e-05,3.0402890217384737e-05,-5.139023339928439e-06,-7.105427357601002e-15,2.0834112479788678e-05,2.0834114535464535e-05,2.0556758586630133e-12,0.0014440807037365742,0.00080091578897261,8.430309451818742e-08,-0.00044247323947388395,-7.252931908396931e-07
D3_100P_lam1,224.0,34.36728179149151,1.0,-0.00044320458208809484,-0.00044320458208809484,2.1477191881076994e-05,-8.604803665261673e-07,-8.60480369589689e-07,-8.604803682504825e-07,0.9999999997693653,2.1477192423245684e-05,0.9999999997693648,2.148173678247377e-05,2.071754639406431e-12,1.0,2.0728250080708522e-12,2.148173623904911e-05,2.148173623904911e-05,0.0,0.0,0.0,0.00044372477559783384,-2.0450118856207844e-05,3.3356769320036506e-05,-5.4280561145869655e-06,-1.4210854715202004e-14,2.1477190350252184e-05,2.14771924220066e-05,2.0717544162907022e-12,0.0014440803833805215,0.0008009180707883235,9.162130700977897e-08,-0.0004432045820976782,-8.353500504654221e-07
D3_100P_lam1,225.0,34.5207071566321,1.0,-0.00044414393959250946,-0.00044414393959250946,2.2349316845281717e-05,-1.0001878164335454e-06,-1.0001878196774783e-06,-1.0001878183590884e-06,0.999999999750254,2.234931742780405e-05,0.999999999750254,2.2354843938880446e-05,2.19826164958526e-12,1.0000000000000002,2.199492220873906e-12,2.2354843354869704e-05,2.2354843354869704e-05,0.0,0.0,0.0,0.0004447060565216481,-2.1180492262518058e-05,3.654480584902586e-05,-5.7264370261211894e-06,-7.105427357601002e-15,2.234931522814459e-05,2.2349317426409436e-05,2.198264844067877e-12,0.001444079019014665,0.0008009198674802543,1.02649265920047e-07,-0.0004441439395748148,-9.037472494810572e-07
D3_100P_lam1,226.0,34.674132521772684,1.0,-0.00044501207660217724,-0.00044501207660217724,2.3126035588968484e-05,-1.1247261594155011e-06,-1.1247261619586058e-06,-1.1247261612716553e-06,0.9999999997325932,2.31260361941647e-05,0.9999999997325932,2.312952393211812e-05,2.1112507902687294e-12,0.9999999999999999,2.1118610940195444e-12,2.3129523326134094e-05,2.3129523326134094e-05,0.0,0.0,0.0,0.0004456126571977035,-2.14673423761802e-05,3.9243305767655556e-05,-6.039900412924126e-06,-7.105427357601002e-15,2.3126034081368128e-05,2.3126036192619003e-05,2.1112508739686165e-12,0.0014440778602362262,0.0008009199939307429,1.1644672141022537e-07,-0.0004450120765966403,-8.275663248014098e-07
D3_100P_lam1,227.0,34.82755788691327,1.0,-0.00044579907220921314,-0.00044579907220921314,2.3841674874096095e-05,-1.2625620900638679e-06,-1.2625620932453507e-06,-1.2625620917014468e-06,0.9999999997157873,2.3841675492395357e-05,0.9999999997157871,2.3845938429341403e-05,2.059729877614449e-12,1.0,2.0605906043299037e-12,2.3845937810024627e-05,2.3845937810024627e-05,0.0,0.0,0.0,0.00044643627599313273,-2.1565621210362096e-05,4.230357758894243e-05,-6.358688947272206e-06,-1.4210854715202004e-14,2.3841673430973273e-05,2.3841675490702477e-05,2.059729204352943e-12,0.001444077714975164,0.0008009196152104335,1.295828252839311e-07,-0.0004457990722244176,-8.942154607893826e-07
D3_100P_lam1,228.0,34.98098325205386,1.0,-0.000446800507498097,-0.000446800507498097,2.4790028698539213e-05,-1.417381936624773e-06,-1.417381940069934e-06,-1.417381938456641e-06,0.9999999996927271,2.4790029358320128e-05,0.9999999996927272,2.4796522050081374e-05,2.2186791830732e-12,1.0000000000000002,2.2200634091893882e-12,2.479652138868082e-05,2.479652138868082e-05,0.0,0.0,0.0,0.00044748792638244167,-2.1428993118965955e-05,4.578141333855257e-05,-6.687538548433292e-06,-2.1316282072803006e-14,2.4790027137738134e-05,2.4790029356417316e-05,2.2186791830732e-12,0.0014440785949559273,0.0008009198699563609,1.4129290072596036e-07,-0.0004468005075182191,-1.029437868282912e-06
D3_100P_lam1,229.0,35.134408617194445,1.0,-0.0004478579479696488,-0.0004478579479696488,2.569014125676902e-05,-1.5382852352752163e-06,-1.538285238144449e-06,-1.5382852371834121e-06,0.9999999996700083,2.569014194603307e-05,0.9999999996700084,2.569511619610642e-05,2.1746466093484858e-12,1.0,2.1754718955159247e-12,2.5695115505799065e-05,2.5695115505799065e-05,0.0,0.0,0.0,0.0004485943330331657,-2.1206957972808027e-05,4.874040256064305e-05,-7.03939435847678e-06,0.0,2.5690139769266822e-05,2.5690141943913393e-05,2.1746465718446697e-12,0.001444078868079999,0.0008009203467158162,1.5041707590414864e-07,-0.00044785794796098344,-9.918511949535969e-07
D3_100P_lam1,230.0,35.28783398233503,1.0,-0.0004487842099075106,-0.0004487842099075106,2.6508783132418364e-05,-1.6487100361756157e-06,-1.6487100392703624e-06,-1.6487100380283004e-06,0.9999999996486423,2.650878383521578e-05,0.9999999996486421,2.651329203890313e-05,2.0801858737990233e-12,1.0,2.0808949928572854e-12,2.6513291335226792e-05,2.6513291335226792e-05,0.0,0.0,0.0,0.0004495665909378523,-2.151264238003936e-05,5.181136797860475e-05,-7.409807367741994e-06,-7.105427357601002e-15,2.6508781752701765e-05,2.6508783832886836e-05,2.0801850709526176e-12,0.0014440768378570824,0.0008009194843233323,1.5457686998279456e-07,-0.0004487842099081263,-9.984834150600364e-07
D3_100P_lam1,231.0,35.44125934747562,1.0,-0.0004498549147981093,-0.0004498549147981093,2.7535807354454053e-05,-1.76961117391225e-06,-1.7696111776766e-06,-1.769611175869018e-06,0.9999999996208895,2.753580809644984e-05,0.9999999996208896,2.7542875677328844e-05,2.2198000146443328e-12,1.0000000000000002,2.2211702694398843e-12,2.7542874933757146e-05,2.7542874933757146e-05,0.0,0.0,0.0,0.00045069715386228414,-2.2072812923656926e-05,5.542698686689107e-05,-7.79838288333945e-06,0.0,2.753580587403978e-05,2.7535808093839795e-05,2.2198000146443328e-12,0.001444073645438342,0.0008009163956650456,1.5943794764393376e-07,-0.0004498549147911035,-1.1549400653620978e-06
D3_100P_lam1,232.0,35.59468471261621,1.0,-0.00045109409002548764,-0.00045109409002548764,2.8590741964295005e-05,-1.8533691906325034e-06,-1.8533691937723529e-06,-1.8533691926413132e-06,0.9999999995912846,2.8590742742892905e-05,0.9999999995912846,2.8597583060114737e-05,2.2383753208503634e-12,1.0000000000000002,2.2395057459539627e-12,2.8597582280145647e-05,2.8597582280145647e-05,0.0,0.0,0.0,0.00045199952309852274,-2.224802501993306e-05,5.862498438080621e-05,-8.218947464944115e-06,-7.105427357601002e-15,2.8590740501597038e-05,2.8590742739971424e-05,2.238374384668064e-12,0.0014440716566962136,0.0008009123431924222,1.6870439646506946e-07,-0.0004510940900388505,-1.1815063771791756e-06
D3_100P_lam1,233.0,35.74811007775679,1.0,-0.0004522179275434534,-0.0004522179275434534,2.9550201659874363e-05,-1.9283373583305063e-06,-1.9283373612899446e-06,-1.9283373602803355e-06,0.9999999995633926,2.9550202454006423e-05,0.9999999995633928,2.9555469129741033e-05,2.128675700322354e-12,0.9999999999999999,2.1293555471293424e-12,2.9555468334733795e-05,2.9555468334733795e-05,0.0,0.0,0.0,0.0004531825922720642,-2.2234968793166665e-05,6.171781512787078e-05,-8.67251289587978e-06,0.0,2.955020032210598e-05,2.9550202450781142e-05,2.1286751615692193e-12,0.0014440708163568153,0.0008009098443227075,1.7437251403366967e-07,-0.00045221792754546186,-1.1400376251913258e-06
D3_100P_lam1,234.0,35.901535442897384,1.0,-0.00045337416528049164,-0.00045337416528049164,3.0666859731534215e-05,-2.024025762086684e-06,-2.0240257658545036e-06,-2.024025764275905e-06,0.9999999995297719,3.066686056006501e-05,0.9999999995297717,3.067406477503297e-05,2.2111066441689748e-12,1.0000000000000002,2.212319908093571e-12,3.067406394510841e-05,3.067406394510841e-05,0.0,0.0,0.0,0.0004544104879810926,-2.260685461152878e-05,6.542127214581583e-05,-9.152674223245061e-06,-1.4210854715202004e-14,3.066685834535347e-05,3.066686055646011e-05,2.2111066441689748e-12,0.0014440692234193042,0.000800910020538626,1.7662651333779107e-07,-0.00045337416528923313,-1.2694761863940585e-06
D3_100P_lam1,235.0,36.05496080803797,1.0,-0.00045475687991688584,-0.00045475687991688584,3.1882709192725756e-05,-2.0889370491161685e-06,-2.0889370528805185e-06,-2.088937051222123e-06,0.9999999994917464,3.188271006370382e-05,0.9999999994917464,3.189119377991401e-05,2.290587478267763e-12,1.0000000000000002,2.292013978109091e-12,3.189119290730216e-05,3.189119290730216e-05,0.0,0.0,0.0,0.00045587357033194327,-2.3615815097688397e-05,6.890518896263131e-05,-9.667934098123165e-06,0.0,3.1882707769069654e-05,3.188271005965561e-05,2.2905859543327615e-12,0.0014440665673415955,0.0008009113115080809,1.810761314145957e-07,-0.00045475687991825,-1.3625747641299313e-06
D3_100P_lam1,236.0,36.20838617317855,1.0,-0.0004560993148073192,-0.0004560993148073192,3.2986050526949675e-05,-2.1343609433281674e-06,-2.134360946592917e-06,-2.134360945638819e-06,0.9999999994559602,3.298605141729994e-05,0.99999999945596,3.299247609748097e-05,2.1992201197790933e-12,1.0,2.2000081564351984e-12,3.299247520614397e-05,3.299247520614397e-05,0.0,0.0,0.0,0.0004572908802016734,-2.5051289255673126e-05,7.210018222902903e-05,-1.0223047684498887e-05,-7.105427357601002e-15,3.298604921359324e-05,3.298605141281304e-05,2.1992197973016345e-12,0.001444063736191332,0.0008009114518860197,1.8289290107011414e-07,-0.000456099314817493,-1.3026958072259731e-06
D3_100P_lam1,237.0,36.361811538319145,1.0,-0.00045736227151977547,-0.00045736227151977547,3.417579925603805e-05,-2.1931450287539234e-06,-2.1931450325356205e-06,-2.1931450310160028e-06,0.9999999994160073,3.417580017544515e-05,0.9999999994160075,3.418284807841765e-05,2.2064854329781966e-12,1.0,2.207492617807767e-12,3.418284715784292e-05,3.418284715784292e-05,0.0,0.0,0.0,0.0004586377278040514,-2.662820606424976e-05,7.586774903556304e-05,-1.0806661776274762e-05,-1.4210854715202004e-14,3.4175797963971935e-05,3.417580017045641e-05,2.206484474566012e-12,0.0014440603003637727,0.0008009098169850267,1.8264243731787225e-07,-0.0004573622715327019,-1.3686907180954222e-06
D3_100P_lam1,238.0,36.51523690345973,1.0,-0.00045883669623086014,-0.00045883669623086014,3.551931250039074e-05,-2.2396532025278915e-06,-2.2396532066287778e-06,-2.2396532047622153e-06,0.9999999993691894,3.5519313465769024e-05,0.999999999369189,3.552872212555635e-05,2.3236704186471404e-12,0.9999999999999999,2.32526790770411e-12,3.552872115845299e-05,3.552872115845299e-05,0.0,0.0,0.0,0.0004602099822321283,-2.802388897449326e-05,7.968053679041631e-05,-1.1418300943089044e-05,-7.105427357601002e-15,3.551931113650096e-05,3.5519313460168293e-05,2.3236673353304866e-12,0.001444055647935048,0.0008009069660499711,1.8505440138405182e-07,-0.00045883669625368384,-1.5131443404925449e-06
D3_100P_lam1,239.0,36.668662268600315,1.0,-0.00046038856021423963,-0.00046038856021423963,3.675823983521136e-05,-2.2850985934470824e-06,-2.2850985965661152e-06,-2.285098595726509e-06,0.9999999993244159,3.675824082557426e-05,0.9999999993244157,3.6766187399967404e-05,2.2863633714161377e-12,0.9999999999999999,2.2873871168402316e-12,3.676618640839935e-05,3.676618640839935e-05,0.0,0.0,0.0,0.00046185410336384796,-2.8961010022032774e-05,8.31273132382293e-05,-1.2065749234790868e-05,0.0,3.6758238533004034e-05,3.6758240819366235e-05,2.2863621978788557e-12,0.0014440506938091676,0.0008009033337059314,1.841489453777403e-07,-0.000460388560213687,-1.4842655673419358e-06
D3_100P_lam1,240.0,36.82208763374091,1.0,-0.00046180522737594373,-0.00046180522737594373,3.800864814675732e-05,-2.3564801761057075e-06,-2.3564801801510826e-06,-2.356480178732079e-06,0.9999999992776712,3.80086491613747e-05,0.9999999992776712,3.8015790552347294e-05,2.2179716337986138e-12,1.0,2.218829306250903e-12,3.801578953672622e-05,3.801578953672622e-05,0.0,0.0,0.0,0.00046336714066487397,-3.009942555731726e-05,8.703094888540264e-05,-1.2737683971142388e-05,-7.105427357601002e-15,3.8008646936540104e-05,3.800864915450908e-05,2.217968971555033e-12,0.0014440457122071718,0.0008008994637650322,1.8127529915618836e-07,-0.0004618052273883677,-1.4816450857324526e-06
D3_100P_lam1,241.0,36.97551299888149,1.0,-0.00046335185039930065,-0.00046335185039930065,3.9426168270298416e-05,-2.4364602515224154e-06,-2.436460255810652e-06,-2.436460253857353e-06,0.9999999992227886,3.942616933128438e-05,0.9999999992227889,3.9435826484673056e-05,2.3407061871894452e-12,0.9999999999999998,2.3422871675448797e-12,3.943582542204274e-05,3.943582542204274e-05,0.0,0.0,0.0,0.0004650268057421854,-3.2199661372467325e-05,9.122104408243459e-05,-1.342442242030506e-05,0.0,3.942616698291844e-05,3.942616932362245e-05,2.3407040140267082e-12,0.0014440398286014156,0.0008008961313372609,1.8450196069889338e-07,-0.0004633518503851519,-1.6368981761161194e-06
D3_100P_lam1,242.0,37.128938364022076,1.0,-0.00046507902375172267,-0.00046507902375172267,4.0760570361776685e-05,-2.5253621554199857e-06,-2.525362158674327e-06,-2.5253621578312513e-06,0.9999999991692878,4.076057145427881e-05,0.9999999991692882,4.077004581371068e-05,2.381114545539225e-12,0.9999999999999999,2.3824576407284687e-12,4.0770044719742745e-05,4.0770044719742745e-05,0.0,0.0,0.0,0.0004668623999844065,-3.4556184715262006e-05,9.502921866699765e-05,-1.413351514595318e-05,0.0,4.076056906469929e-05,4.076057144581433e-05,2.3811150398335054e-12,0.0014440333635616955,0.0008008935371837153,1.8983913531929166e-07,-0.00046507902374059995,-1.6627816847858412e-06
D3_100P_lam1,243.0,37.28236372916267,1.0,-0.00046667741376423607,-0.00046667741376423607,4.2016196841218474e-05,-2.642474732354738e-06,-2.642474736157252e-06,-2.6424747350435596e-06,0.9999999991173194,4.201619795455425e-05,0.9999999991173196,4.2023699955937375e-05,2.25631357371921e-12,0.9999999999999999,2.257141737653866e-12,4.202369884164823e-05,4.202369884164823e-05,0.0,0.0,0.0,0.00046856549437297127,-3.659931501931446e-05,9.908859834828476e-05,-1.485590958127947e-05,-2.1316282072803006e-14,4.201619568897088e-05,4.2016197945284417e-05,2.2563135356213215e-12,0.0014440271306246828,0.0008008911017789882,1.9222713292272928e-07,-0.0004666774137547236,-1.6007126504291591e-06
D3_100P_lam1,244.0,37.43578909430325,1.0,-0.00046828044904421263,-0.00046828044904421263,4.34340233386547e-05,-2.7883921343979656e-06,-2.7883921390990662e-06,-2.788392136798823e-06,0.9999999990567427,4.343402449641667e-05,0.9999999990567426,4.344326627062222e-05,2.351230212305346e-12,1.0,2.3526283099670345e-12,4.344326511143655e-05,4.344326511143655e-05,0.0,0.0,0.0,0.0004702910751104146,-3.89327745552448e-05,0.00010359592864839229,-1.5573464864249154e-05,0.0,4.343402213494515e-05,4.343402448617507e-05,2.351229921975716e-12,0.001444020656150386,0.0008008881804653183,1.929214164690754e-07,-0.00046828044904145827,-1.7207952396347537e-06
D3_100P_lam1,245.0,37.58921445944384,1.0,-0.00047011900423799756,-0.00047011900423799756,4.480826751281867e-05,-2.946077059161334e-06,-2.9460770624573085e-06,-2.946077061607294e-06,0.9999999989961095,4.4808268708419985e-05,0.9999999989961096,4.481886129787787e-05,2.4730764638961126e-12,0.9999999999999999,2.4747084703444344e-12,4.481886010060995e-05,4.481886010060995e-05,0.0,0.0,0.0,0.0004722503451626879,-4.129367115313087e-05,0.00010775711296417967,-1.6290375865424256e-05,-7.105427357601002e-15,4.480826622409738e-05,4.480826869717391e-05,2.4730765280635105e-12,0.0014440139144641024,0.0008008848066226016,1.9268685080663498e-07,-0.0004701190042339931,-1.8168499309467734e-06
D3_100P_lam1,246.0,37.74263982458442,1.0,-0.00047191414892446893,-0.00047191414892446893,4.604442736651358e-05,-3.1052994398234057e-06,-3.105299443674492e-06,-3.1052994423907965e-06,0.9999999989399552,4.604442858176764e-05,0.9999999989399553,4.6052812778845386e-05,2.3272392825476213e-12,1.0,2.32819165311995e-12,4.605281156254134e-05,4.605281156254134e-05,0.0,0.0,0.0,0.00047415569711588724,-4.320155360093558e-05,0.00011190244112002645,-1.7003374815194316e-05,-7.105427357601002e-15,4.60444262423244e-05,4.6044428569564455e-05,2.3272400574940994e-12,0.00144400777322183,0.0008008817601473945,1.9361459582211617e-07,-0.0004719141489033518,-1.7464381301124376e-06
D3_100P_lam1,247.0,37.896065189725014,1.0,-0.00047361188048941546,-0.00047361188048941546,4.742916726428102e-05,-3.2719110536795493e-06,-3.2719110583459554e-06,-3.271911056052651e-06,0.999999998875237,4.742916852042538e-05,0.999999998875237,4.743811300364689e-05,2.366285518159207e-12,1.0,2.3674599317396023e-12,4.743811174629258e-05,4.743811174629258e-05,0.0,0.0,0.0,0.0004759814875234951,-4.493911386027616e-05,0.000116520163651046,-1.7693113563810314e-05,-7.105427357601002e-15,4.742916614080141e-05,4.742916850708783e-05,2.3662864196625476e-12,0.0014440030223230266,0.0008008796107439783,1.9769911323181843e-07,-0.000473611880494218,-1.8129934176158713e-06
D3_100P_lam1,248.0,38.0494905548656,1.0,-0.0004755401357404363,-0.0004755401357404363,4.8812913069636724e-05,-3.4284375410621737e-06,-3.4284375445073345e-06,-3.4284375432964975e-06,0.9999999988086498,4.881291436826832e-05,0.9999999988086496,4.882440269988757e-05,2.552315693356049e-12,1.0000000000000002,2.5541003570507147e-12,4.882440139948943e-05,4.882440139948943e-05,0.0,0.0,0.0,0.00047803974580433044,-4.605051117312353e-05,0.00012085698370567499,-1.836248009312591e-05,0.0,4.881291180141069e-05,4.881291435372638e-05,2.552315693356049e-12,0.0014439996603608889,0.000800878092888818,2.0498169203855005e-07,-0.00047554013573858356,-1.972674567696231e-06
D3_100P_lam1,249.0,38.202915920006184,1.0,-0.00047755722964617304,-0.00047755722964617304,5.002969748561121e-05,-3.5718595446515566e-06,-3.571859548356926e-06,-3.571859547434053e-06,0.9999999987485148,5.002969880512546e-05,0.9999999987485145,5.003971621592267e-05,2.4273151071963443e-12,1.0,2.4285237032843287e-12,5.003971489514384e-05,5.003971489514384e-05,0.0,0.0,0.0,0.0004801714770894324,-4.672858977738947e-05,0.00012495240994692125,-1.9017693815237546e-05,-7.105427357601002e-15,5.0029696362161183e-05,5.002969878947274e-05,2.4273115615597656e-12,0.0014439961847510891,0.0008008765018818174,2.1358921501986862e-07,-0.00047755722962961045,-1.9434116040883964e-06
D3_100P_lam1,250.0,38.356341285146776,1.0,-0.0004794269589279989,-0.0004794269589279989,5.135216838215706e-05,-3.7270677722099632e-06,-3.7270677769145333e-06,-3.727067774631637e-06,0.9999999986814774,5.135216973792771e-05,0.9999999986814774,5.1361385611152315e-05,2.3933246691238245e-12,1.0,2.394336633216691e-12,5.1361384254305476e-05,5.1361384254305476e-05,0.0,0.0,0.0,0.0004821700655392516,-4.812064459502885e-05,0.00012948930428269279,-1.96451948262788e-05,0.0,5.135216732767522e-05,5.135216972100046e-05,2.3933252434218994e-12,0.001443991637689163,0.0008008741331486713,2.1894904108620583e-07,-0.00047942695894676035,-1.9450225181572023e-06
D3_100P_lam1,251.0,38.50976665028736,1.0,-0.0004814472746527386,-0.0004814472746527386,5.2716897503484815e-05,-3.88393593371561e-06,-3.8839359374313875e-06,-3.8839359360332e-06,0.9999999986104642,5.271689890438289e-05,0.9999999986104642,5.272895495817915e-05,2.61088003679722e-12,0.9999999999999999,2.612623486601362e-12,5.2728953555560854e-05,5.2728953555560854e-05,0.0,0.0,0.0,0.00048432587618940567,-4.961430588845683e-05,0.00013389574371824864,-2.0246261726197812e-05,0.0,5.271689627519113e-05,5.271689888606978e-05,2.6108786506361454e-12,0.0014439874649706105,0.0008008709665829404,2.224633534329709e-07,-0.00048144727466592485,-2.124995788221895e-06
D3_100P_lam1,252.0,38.663192015427946,1.0,-0.0004836769505281757,-0.0004836769505281757,5.3919092625828506e-05,-4.036061052949819e-06,-4.03606105645396e-06,-4.036061055527618e-06,0.9999999985463657,5.391909405062418e-05,0.9999999985463657,5.3931167751075755e-05,2.5453068624854254e-12,0.9999999999999999,2.5468567629585756e-12,5.393116632471929e-05,5.393116632471929e-05,0.0,0.0,0.0,0.00048667411167545625,-5.018878788631831e-05,0.00013795112509784602,-2.0833666477926283e-05,0.0,5.391909148572335e-05,5.391909403102926e-05,2.5453059034137116e-12,0.0014439847671792938,0.0008008681832619374,2.2622589908088056e-07,-0.00048367695052320414,-2.168883995068427e-06
D3_100P_lam1,253.0,38.81661738056854,1.0,-0.0004857850426584551,-0.0004857850426584551,5.518620981282928e-05,-4.203375274791643e-06,-4.203375279565602e-06,-4.203375277456178e-06,0.9999999984772411,5.518621126909588e-05,0.9999999984772411,5.519643126452941e-05,2.4326909413753904e-12,1.0,2.4336816112284416e-12,5.5196429807202285e-05,5.5196429807202285e-05,0.0,0.0,0.0,0.0004889105209816018,-5.0278877550269385e-05,0.0001423751249829408,-2.1402598489594915e-05,0.0,5.518620881539648e-05,5.518621124808823e-05,2.432691751113848e-12,0.001443983154877098,0.0008008668832041449,2.2409725450609307e-07,-0.0004857850426560617,-2.125812770259472e-06
D3_100P_lam1,254.0,38.97004274570912,1.0,-0.0004879285760600477,-0.0004879285760600477,5.6543955105601945e-05,-4.3736319567874715e-06,-4.373631960728763e-06,-4.373631958935059e-06,0.9999999984013905,5.6543956607284147e-05,0.9999999984013905,5.6556462180843346e-05,2.6487857533107153e-12,1.0000000000000002,2.650339006674356e-12,5.6556460677583644e-05,5.6556460677583644e-05,0.0,0.0,0.0,0.0004911951139402853,-5.022483632377561e-05,0.00014682399873144902,-2.1953128316931636e-05,7.105427357601002e-15,5.654395393590054e-05,5.654395658468632e-05,2.648785778594172e-12,0.0014439824450707523,0.0008008667782962208,2.1925873127799811e-07,-0.0004879285760637231,-2.2846720497682327e-06
D3_100P_lam1,255.0,39.12346811084971,1.0,-0.0004903543867544169,-0.0004903543867544169,5.7757947955806716e-05,-4.522402064405934e-06,-4.522402068208448e-06,-4.522402067271697e-06,0.9999999983320099,5.7757949484608636e-05,0.9999999983320095,5.777224559219983e-05,2.6629682162554703e-12,1.0000000000000002,2.664826831366494e-12,5.7772244061565115e-05,5.7772244061565115e-05,0.0,0.0,0.0,0.0004937456249526793,-5.0112405585500674e-05,0.00015086083071169654,-2.250052590468954e-05,0.0,5.7757946797555134e-05,5.775794946052398e-05,2.6629688457250684e-12,0.0014439822410901577,0.0008008669299555709,2.1781805726275147e-07,-0.0004903543867555982,-2.4113719945262346e-06
D3_100P_lam1,256.0,39.2768934759903,1.0,-0.0004927513200522246,-0.0004927513200522246,5.89798039542346e-05,-4.6677864020475135e-06,-4.667786406249014e-06,-4.667786404625313e-06,0.9999999982606912,5.8979805510110916e-05,0.9999999982606912,5.899181642035622e-05,2.482548514397938e-12,0.9999999999999999,2.483674093724215e-12,5.8991814863284574e-05,5.8991814863284574e-05,0.0,0.0,0.0,0.0004962696876229793,-5.0205199994657335e-05,0.00015512572810072456,-2.30486186132417e-05,-7.105427357601002e-15,5.8979803001913524e-05,5.8979805484462006e-05,2.482548485464361e-12,0.001443981822401982,0.00080086670906851,2.1302925858704622e-07,-0.0004927513200527756,-2.3525141585878373e-06
D3_100P_lam1,257.0,39.430318841130884,1.0,-0.0004950594150757369,-0.0004950594150757369,6.03095021239058e-05,-4.820243856833162e-06,-4.820243861034662e-06,-4.820243858946055e-06,0.9999999981813822,6.030950372327387e-05,0.9999999981813819,6.03223328792021e-05,2.6735183153769765e-12,1.0,2.674835890726151e-12,6.0322331278448754e-05,6.0322331278448754e-05,0.0,0.0,0.0,0.0004987206606084467,-5.05516867594924e-05,0.00015953491446296653,-2.3594889371203465e-05,0.0,6.030950102233447e-05,6.0309503695852695e-05,2.6735182259748286e-12,0.0014439803689137126,0.0008008658582556405,2.0506871017766572e-07,-0.0004950594150727738,-2.4369295630322085e-06
D3_100P_lam1,258.0,39.58374420627147,1.0,-0.0004976251792041021,-0.0004976251792041021,6.150919125526114e-05,-4.957537656277017e-06,-4.957537659815853e-06,-4.957537658865224e-06,0.9999999981083098,6.150919288421364e-05,0.9999999981083098,6.152495864474932e-05,2.759408585912783e-12,1.0000000000000002,2.7614326323461936e-12,6.152495701382912e-05,6.152495701382912e-05,0.0,0.0,0.0,0.0005014137895796933,-5.1383269655369546e-05,0.00016354683259001135,-2.41486296095883e-05,0.0,6.150919009571465e-05,6.150919285512324e-05,2.759408585912783e-12,0.0014439772180320808,0.0008008641780673964,1.984080584170809e-07,-0.00049762517917884,-2.608369484846662e-06
D3_100P_lam1,259.0,39.73716957141206,1.0,-0.0005002761540498893,-0.0005002761540498893,6.266428324172776e-05,-5.093040274069954e-06,-5.093040278601052e-06,-5.093040277001637e-06,0.999999998036594,6.266428489440701e-05,0.9999999980365937,6.267820381281584e-05,2.547432873029701e-12,1.0,2.5488545460484134e-12,6.267820215871343e-05,6.267820215871343e-05,0.0,0.0,0.0,0.0005041869202564481,-5.2646060483385604e-05,0.00016765674187135815,-2.471533941217352e-05,-7.105427357601002e-15,6.26642823162138e-05,6.266428486364928e-05,2.5474354699999227e-12,0.0014439730560257035,0.0008008615607978449,1.8823060138029545e-07,-0.0005002761540424672,-2.5636774978465837e-06
D3_100P_lam1,260.0,39.890594936552645,1.0,-0.000502752534174247,-0.000502752534174247,6.393543818247722e-05,-5.232480115999888e-06,-5.232480120298533e-06,-5.232480118268906e-06,0.9999999979561298,6.393543987528109e-05,0.9999999979561298,6.394836527757142e-05,2.688942754088462e-12,1.0,2.6900833344562186e-12,6.394836358353411e-05,6.394836358353411e-05,0.0,0.0,0.0,0.0005068028931446138,-5.39589919529293e-05,0.00017198804385953892,-2.5287416023977993e-05,-2.1316282072803006e-14,6.393543715366784e-05,6.393543984261059e-05,2.688942754088462e-12,0.0014439688694530813,0.0008008585164185904,1.7670851331569998e-07,-0.0005027525341745331,-2.5547235651401934e-06
D3_100P_lam1,261.0,40.04402030169323,1.0,-0.0005053856011730696,-0.0005053856011730696,6.510031724540117e-05,-5.345640304230126e-06,-5.345640308070804e-06,-5.345640306859967e-06,0.999999997880974,6.510031896892741e-05,0.999999997880974,6.511640212421586e-05,2.827013923100495e-12,1.0000000000000002,2.828991680495546e-12,6.511640039877661e-05,6.511640039877661e-05,0.0,0.0,0.0,0.0005095629257774367,-5.519140896026453e-05,0.00017596563828181644,-2.5863838465478572e-05,0.0,6.510031610742716e-05,6.510031893444108e-05,2.827013923100495e-12,0.0014439647744622372,0.0008008558657227918,1.6898583477702452e-07,-0.0005053856011727476,-2.7319958491034413e-06
D3_100P_lam1,262.0,40.19744566683382,1.0,-0.0005082165258614974,-0.0005082165258614974,6.618624138988828e-05,-5.449926338236405e-06,-5.449926342816075e-06,-5.449926341192374e-06,0.999999997809691,6.618624313497703e-05,0.9999999978096907,6.620186474083779e-05,2.624287825118165e-12,1.0000000000000002,2.626090891421054e-12,6.620186299405102e-05,6.620186299405102e-05,0.0,0.0,0.0,0.0005125098493636816,-5.6305487537433585e-05,0.00017990854801563927,-2.6448968263648176e-05,7.105427357601002e-15,6.618624047444828e-05,6.618624309873592e-05,2.6242876410867753e-12,0.0014439606809883445,0.0008008538660364405,1.6016964759934442e-07,-0.00050821652587274,-2.7419976902365306e-06
D3_100P_lam1,263.0,40.35087103197441,1.0,-0.0005108695965524296,-0.0005108695965524296,6.738007010740214e-05,-5.562319190945131e-06,-5.562319195670518e-06,-5.562319193214149e-06,0.9999999977299633,6.7380071888671e-05,0.9999999977299631,6.739327376771658e-05,2.7012448767687467e-12,1.0000000000000002,2.7023426803590603e-12,6.739327198527195e-05,6.739327198527195e-05,0.0,0.0,0.0,0.0005152952966989847,-5.790725131127328e-05,0.0001840969458446473,-2.703367364598197e-05,0.0,6.738006914918785e-05,6.738007185043243e-05,2.7012445783449622e-12,0.001443955904802066,0.0008008521847687178,1.5005813728150349e-07,-0.0005108695965532206,-2.6606473255696983e-06
D3_100P_lam1,264.0,40.50429639711499,1.0,-0.0005135378205276588,-0.0005135378205276588,6.848853309813444e-05,-5.652907709329663e-06,-5.65290771348953e-06,-5.652907711862359e-06,0.9999999976546603,6.848853491004517e-05,0.9999999976546605,6.850411162045267e-05,2.8656817791993986e-12,1.0,2.8674399372074524e-12,6.850410980681408e-05,6.850410980681408e-05,0.0,0.0,0.0,0.0005180863961729752,-6.0304593499371784e-05,0.00018799158364535273,-2.7608639593224016e-05,-7.105427357601002e-15,6.848853200420664e-05,6.848853486988643e-05,2.865679788677516e-12,0.0014439502968112377,0.0008008502943195413,1.4229863515715264e-07,-0.0005135378205238794,-2.7998146379104583e-06
D3_100P_lam1,265.0,40.65772176225558,1.0,-0.000516469225838846,-0.000516469225838846,6.949471808888327e-05,-5.730528921898265e-06,-5.7305289262281345e-06,-5.730528924705047e-06,0.9999999975852419,6.949471992108964e-05,0.9999999975852417,6.951155737597138e-05,2.7025735180625177e-12,1.0000000000000002,2.7047305596370377e-12,6.951155554183635e-05,6.951155554183635e-05,0.0,0.0,0.0,0.0005211256108611857,-6.23437248082892e-05,0.00019174301402680172,-2.8175434641730668e-05,-7.105427357601002e-15,6.949471717656418e-05,6.94947198791377e-05,2.7025735180625177e-12,0.0014439449414635377,0.0008008480107396023,1.350506811781671e-07,-0.0005164692258290415,-2.8819309960681494e-06
D3_100P_lam1,266.0,40.81114712739617,1.0,-0.0005193016825093832,-0.0005193016825093832,7.059360180364524e-05,-5.812157095896192e-06,-5.812157100826276e-06,-5.81215709860583e-06,0.9999999975082717,7.059360366812657e-05,0.9999999975082715,7.060751406048283e-05,2.7212505821332638e-12,1.0000000000000002,2.722463768353365e-12,7.060751219475781e-05,7.060751219475781e-05,0.0,0.0,0.0,0.0005240794528369923,-6.357328775852267e-05,0.00019573724148269633,-2.872691987204634e-05,0.0,7.059360090290185e-05,7.059360362415188e-05,2.7212500254763437e-12,0.0014439404413689918,0.0008008455958597639,1.2937805554891004e-07,-0.0005193016825160157,-2.7752139146741683e-06
D3_100P_lam1,267.0,40.96457249253675,1.0,-0.0005220196536748581,-0.0005220196536748581,7.163219074930751e-05,-5.877990407857775e-06,-5.877990412291728e-06,-5.877990410331491e-06,0.9999999974344144,7.16321926433992e-05,0.9999999974344144,7.164707219285024e-05,2.875706917065197e-12,1.0,2.877207088250651e-12,7.164707029725868e-05,7.164707029725868e-05,0.0,0.0,0.0,0.000526913101023736,-6.474927777933015e-05,0.00019951381965999104,-2.925144421317416e-05,0.0,7.163218972174922e-05,7.163219259745614e-05,2.8757069127752758e-12,0.0014439363942174482,0.0008008432309196643,1.2471396506402764e-07,-0.0005220196536583899,-2.8478911531237827e-06
D3_100P_lam1,268.0,41.117997857677345,1.0,-0.000524997464816972,-0.000524997464816972,7.254674838542188e-05,-5.950649698806265e-06,-5.950649702910621e-06,-5.950649701717131e-06,0.9999999973684843,7.254675029851381e-05,0.9999999973684842,7.256427984790316e-05,2.778390228213826e-12,1.0,2.7807277689311608e-12,7.256427793277236e-05,7.256427793277236e-05,0.0,0.0,0.0,0.0005299881745115875,-6.604118864517172e-05,0.0002030819780136639,-2.9749287410563152e-05,0.0,7.254674747239654e-05,7.254675025078677e-05,2.778390228213826e-12,0.001443932286612357,0.0008008409328367844,1.196077893785237e-07,-0.0005249974648222633,-2.9928033313808555e-06
D3_100P_lam1,269.0,41.27142322281793,1.0,-0.0005280052603342611,-0.0005280052603342611,7.35248547414354e-05,-6.049741981782597e-06,-6.049741986605128e-06,-6.049741984454071e-06,0.9999999972970479,7.352485668332898e-05,0.9999999972970476,7.353997717201536e-05,2.7518277583518632e-12,1.0,2.7533201912729694e-12,7.35399752286871e-05,7.35399752286871e-05,0.0,0.0,0.0,0.0005331015467809137,-6.737642623100282e-05,0.00020688442024674458,-3.0217723819225828e-05,0.0,7.352485388181769e-05,7.352485663364761e-05,2.751829915486431e-12,0.0014439279924944272,0.000800838752043953,1.1619561294513077e-07,-0.0005280052603211516,-2.908186843342264e-06
D3_100P_lam1,270.0,41.424848587958515,1.0,-0.0005308138384748821,-0.0005308138384748821,7.44609683427489e-05,-6.1514720095558195e-06,-6.151472013906506e-06,-6.151472011769327e-06,0.9999999972277821,7.446097031309549e-05,0.9999999972277819,7.44753577764811e-05,2.869700192348522e-12,1.0,2.870993360261472e-12,7.44753558048257e-05,7.44753558048257e-05,0.0,0.0,0.0,0.0005360125829722363,-6.889568526236012e-05,0.00021054678355181267,-3.0646934672584614e-05,-7.105427357601002e-15,7.446096739178989e-05,7.446097026148943e-05,2.8696995451891046e-12,0.0014439237974479696,0.0008008366783993563,1.131019617931795e-07,-0.0005308138385089478,-2.8956050073247752e-06
D3_100P_lam1,271.0,41.57827395309911,1.0,-0.0005337964703717358,-0.0005337964703717358,7.525320034180661e-05,-6.266917129901101e-06,-6.266917133582184e-06,-6.266917132319305e-06,0.999999997168478,7.525320232966236e-05,0.9999999971684777,7.527069354531589e-05,2.8475383064721786e-12,1.0,2.8498213279453995e-12,7.52706915554643e-05,7.52706915554643e-05,0.0,0.0,0.0,0.0005390768758401951,-7.020004230062771e-05,0.00021393486933085626,-3.103493057837747e-05,-7.105427357601002e-15,7.525319942885381e-05,7.525320227639212e-05,2.8475383064721786e-12,0.0014439202950939905,0.0008008348105795059,1.1096035696203215e-07,-0.0005337964703358011,-3.062202011960835e-06
D3_100P_lam1,272.0,41.73169931823969,1.0,-0.0005369382425389535,-0.0005369382425389535,7.609635464000166e-05,-6.402618465694426e-06,-6.40261847043716e-06,-6.402618468542842e-06,0.9999999971046726,7.609635665392875e-05,0.9999999971046725,7.611288027754734e-05,2.7934787038102257e-12,0.9999999999999999,2.7953623933292715e-12,7.611287826192356e-05,7.611287826192356e-05,0.0,0.0,0.0,0.0005423056156126269,-7.099615717276464e-05,0.00021751379414913785,-3.138171054289929e-05,0.0,7.609635380536963e-05,7.60963565988489e-05,2.7934792709407145e-12,0.001443917774989892,0.0008008335926494858,1.1227638279307262e-07,-0.0005369382425328695,-3.042823522036997e-06
D3_100P_lam1,273.0,41.885124683380276,1.0,-0.0005398821173818431,-0.0005398821173818431,7.693397749224735e-05,-6.534659779379448e-06,-6.53465978407361e-06,-6.534659781724794e-06,0.9999999970405817,7.693397953378197e-05,0.9999999970405814,7.694847715820921e-05,2.867504831943541e-12,1.0000000000000002,2.868733231657938e-12,7.694847511543028e-05,7.694847511543028e-05,0.0,0.0,0.0,0.0005453378075406843,-7.133870906073092e-05,0.00022101183347533748,-3.1683800106818705e-05,-7.105427357601002e-15,7.693397660935688e-05,7.693397947686171e-05,2.867504831943541e-12,0.0014439166394268979,0.000800833231634509,1.115109700640762e-07,-0.0005398821173798751,-2.9704598034641094e-06
D3_100P_lam1,274.0,42.03855004852087,1.0,-0.0005428791621259126,-0.0005428791621259126,7.762320079121953e-05,-6.6642496841344545e-06,-6.664249688127788e-06,-6.664249686809398e-06,0.9999999969873193,7.762320284822931e-05,0.9999999969873192,7.7640408068872e-05,2.900670579294149e-12,1.0,2.902716669768865e-12,7.764040601002475e-05,7.764040601002475e-05,0.0,0.0,0.0,0.0005484025224295441,-7.099271026578258e-05,0.0002241535148730378,-3.194132715345077e-05,0.0,7.762319988909892e-05,7.762320278976745e-05,2.9006685293755237e-12,0.0014439171622443612,0.0008008334045189754,1.0982424974393508e-07,-0.0005428791621397977,-3.124357334627348e-06
D3_100P_lam1,275.0,42.19197541366145,1.0,-0.0005461308320668974,-0.0005461308320668974,7.835561086285285e-05,-6.800328310952591e-06,-6.800328315265114e-06,-6.800328313738557e-06,0.9999999969301989,7.83556129433269e-05,0.9999999969301988,7.837376214822396e-05,2.8487822259951326e-12,1.0,2.851041622809939e-12,7.837376006579342e-05,7.837376006579342e-05,0.0,0.0,0.0,0.0005517253118370556,-7.044795806832038e-05,0.000227426309834744,-3.215813555829117e-05,0.0,7.835561003441177e-05,7.83556128831939e-05,2.848782122523872e-12,0.001443918208593808,0.0008008337560753852,1.1376794345792538e-07,-0.0005461308320491298,-3.195776656639282e-06
D3_100P_lam1,276.0,42.34540077880204,1.0,-0.0005492707154216616,-0.0005492707154216616,7.911799328017492e-05,-6.938089585371843e-06,-6.938089590249885e-06,-6.9380895876061666e-06,0.9999999968701715,7.911799538792944e-05,0.9999999968701714,7.913356201156924e-05,2.8771520093044753e-12,0.9999999999999999,2.8784847542382614e-12,7.913355990249296e-05,7.913355990249296e-05,0.0,0.0,0.0,0.0005549413988177359,-7.013403670719232e-05,0.00023069896768301845,-3.2341249395162475e-05,7.105427357601002e-15,7.911799244887115e-05,7.911799532602332e-05,2.8771521682272614e-12,0.0014439191534328533,0.0008008340429442364,1.1560563352119309e-07,-0.0005492707154530763,-3.104129916664533e-06
D3_100P_lam1,277.0,42.49882614394263,1.0,-0.0005523390918847415,-0.0005523390918847415,7.97292597665393e-05,-7.080182507238075e-06,-7.080182510992017e-06,-7.080182509673627e-06,0.9999999968216227,7.972926188769263e-05,0.9999999968216224,7.974633127803389e-05,2.9359214520614576e-12,1.0,2.9376675886339715e-12,7.97463291552379e-05,7.97463291552379e-05,0.0,0.0,0.0,0.0005580657993411689,-6.933740610126637e-05,0.0002335699822739734,-3.249646306996423e-05,0.0,7.972925888842598e-05,7.972926182434303e-05,2.9359170481768856e-12,0.0014439207985567216,0.0008008342963372858,1.1268393644690608e-07,-0.0005523390918824589,-3.203679398211534e-06
D3_100P_lam1,278.0,42.652251509083214,1.0,-0.000555678074274594,-0.000555678074274594,8.037422103811254e-05,-7.230182423760556e-06,-7.230182428121651e-06,-7.230182426716525e-06,0.9999999967699923,8.037422317967483e-05,0.9999999967699922,8.039384316183901e-05,2.910013958012427e-12,0.9999999999999999,2.9124948821965047e-12,8.039384101814696e-05,8.039384101814696e-05,0.0,0.0,0.0,0.0005614630295615726,-6.818697870469848e-05,0.00023652236907079072,-3.2628313239801976e-05,0.0,8.037422020475715e-05,8.037422311477156e-05,2.910014404007565e-12,0.0014439231642596703,0.0008008347956134513,1.105817123766031e-07,-0.0005556780742494993,-3.349314397382841e-06
D3_100P_lam1,279.0,42.8056768742238,1.0,-0.0005590377206926593,-0.0005590377206926593,8.108491076054051e-05,-7.3743661522761295e-06,-7.3743661572131525e-06,-7.374366154788009e-06,0.9999999967126184,8.108491292928841e-05,0.9999999967126185,8.11023202474409e-05,2.902199465867339e-12,0.9999999999999999,2.903804086728316e-12,8.110231807716138e-05,8.110231807716138e-05,0.0,0.0,0.0,0.0005648895678292184,-6.699176060787071e-05,0.00023956842336270157,-3.2751138424158555e-05,0.0,8.108490996044564e-05,8.108491286264605e-05,2.902200417850601e-12,0.0014439260232529966,0.0008008354987266892,1.046658542447816e-07,-0.0005590377206772246,-3.2803169744966e-06
D3_100P_lam1,280.0,42.959102239364384,1.0,-0.0005622387081737246,-0.0005622387081737246,8.165063591249251e-05,-7.506382181565047e-06,-7.506382185492461e-06,-7.506382183903454e-06,0.9999999966665868,8.165063809294912e-05,0.9999999966665867,8.166789404638897e-05,2.953635241628964e-12,1.0,2.955144506560708e-12,8.166789186445173e-05,8.166789186445173e-05,0.0,0.0,0.0,0.000568138599656491,-6.552365627043866e-05,0.00024218107925610965,-3.2875900858986284e-05,0.0,8.165063507127026e-05,8.165063802490566e-05,2.9536354030820783e-12,0.0014439291340019695,0.0008008362944215693,9.49285085932946e-08,-0.0005622387081984925,-3.3008837476700137e-06
D3_100P_lam1,281.0,43.112527604504976,1.0,-0.0005656394881336115,-0.0005656394881336115,8.222347376099433e-05,-7.636981887174099e-06,-7.63698189143458e-06,-7.636981890025984e-06,0.9999999966196502,8.222347595769156e-05,0.9999999966196502,8.224395951655672e-05,2.9687329685633487e-12,1.0,2.971196040145341e-12,8.22439573177111e-05,8.22439573177111e-05,0.0,0.0,0.0,0.0005715868272694867,-6.453419279428552e-05,0.00024478692873586283,-3.300314839121965e-05,0.0,8.22234729194733e-05,8.222347588820542e-05,2.9687321157230115e-12,0.0014439314087284197,0.0008008372202453806,8.910375271046254e-08,-0.0005656394881725646,-3.4724217528037116e-06
D3_100P_lam1,282.0,43.26595296964556,1.0,-0.0005691835517123015,-0.0005691835517123015,8.288483643404066e-05,-7.767139461448136e-06,-7.767139466294953e-06,-7.767139463717154e-06,0.9999999965650518,8.288483865751679e-05,0.9999999965650519,8.290422061082746e-05,2.9404626455393507e-12,0.9999999999999999,2.9424413073368825e-12,8.290421838553904e-05,8.290421838553904e-05,0.0,0.0,0.0,0.0005751890413189299,-6.402030904606448e-05,0.0002475823638539154,-3.314670159720867e-05,7.105427357601002e-15,8.288483564587749e-05,8.288483858634013e-05,2.940462641157715e-12,0.0014439328665172412,0.0008008379195123911,8.582063772644519e-08,-0.0005691835517041,-3.4485670994399698e-06
D3_100P_lam1,283.0,43.419378334786146,1.0,-0.0005725366223650345,-0.0005725366223650345,8.341758495617661e-05,-7.890189454785174e-06,-7.890189458910346e-06,-7.890189457102764e-06,0.9999999965207534,8.341758719096155e-05,0.9999999965207531,8.343512345140043e-05,2.960162791266801e-12,0.9999999999999998,2.9615758387370357e-12,8.34351212152133e-05,8.34351212152133e-05,0.0,0.0,0.0,0.0005785836425709019,-6.363778355122918e-05,0.00024996312839054013,-3.331797769040579e-05,-7.105427357601002e-15,8.341758415823867e-05,8.341758711840246e-05,2.960163790520444e-12,0.0014439333941826415,0.0008008380746693598,8.187216855860872e-08,-0.0005725366223714445,-3.3824002514393214e-06
D3_100P_lam1,284.0,43.57280369992674,1.0,-0.0005759483522194855,-0.0005759483522194855,8.391461782077487e-05,-8.00272358339807e-06,-8.002723587249155e-06,-8.00272358627424e-06,0.9999999964791685,8.391462006658403e-05,0.9999999964791682,8.393481271709859e-05,3.0195305884829423e-12,1.0000000000000002,3.0217693943187434e-12,8.393481046928752e-05,8.393481046928752e-05,0.0,0.0,0.0,0.0005820317299187942,-6.426250985591686e-05,0.0002522121752619455,-3.3508102691481856e-05,0.0,8.391461697318926e-05,8.391461999272004e-05,3.019530776836652e-12,0.0014439321048425548,0.0008008376938737541,7.954828256825231e-08,-0.0005759483522069786,-3.5178747452846437e-06
D3_100P_lam1,285.0,43.72622906506732,1.0,-0.00057957237183276,-0.00057957237183276,8.452708464714723e-05,-8.106797610891309e-06,-8.106797615918537e-06,-8.106797613607886e-06,0.9999999964275857,8.452708691873729e-05,0.9999999964275857,8.454769458728649e-05,2.985291173983207e-12,0.9999999999999999,2.9876441699588087e-12,8.454769231364112e-05,8.454769231364112e-05,0.0,0.0,0.0,0.0005857062469031075,-6.540904644514178e-05,0.00025472334271148256,-3.3721843229084225e-05,-7.105427357601002e-15,8.452708385795533e-05,8.45270868432472e-05,2.9852918767481093e-12,0.0014439297609415646,0.0008008367704924357,7.861113689961648e-08,-0.0005795723718620138,-3.5518122558642062e-06
D3_100P_lam1,286.0,43.87965443020791,1.0,-0.0005830519767173431,-0.0005830519767173431,8.505476536534463e-05,-8.202285225890338e-06,-8.202285230105716e-06,-8.202285228103845e-06,0.9999999963828435,8.505476764960629e-05,0.9999999963828435,8.507265646130349e-05,2.9676671870369465e-12,0.9999999999999999,2.969155189133192e-12,8.507265417559966e-05,8.507265417559966e-05,0.0,0.0,0.0,0.0005892252191648941,-6.616799989922484e-05,0.00025689163946118754,-3.3969225058883e-05,0.0,8.50547646050247e-05,8.505476757269176e-05,2.967667060113703e-12,0.0014439272663969748,0.0008008355491734974,7.800863093603438e-08,-0.000583051976718707,-3.4414125309467636e-06
D3_100P_lam1,287.0,44.0330797953485,1.0,-0.0005864551969092977,-0.0005864551969092977,8.550447393453528e-05,-8.288015343034527e-06,-8.288015346861327e-06,-8.28801534590376e-06,0.9999999963444925,8.550447622423873e-05,0.9999999963444922,8.55237767077718e-05,3.055504768253199e-12,0.9999999999999999,3.0574280736799727e-12,8.552377441628881e-05,8.552377441628881e-05,0.0,0.0,0.0,0.0005926578918163351,-6.69630825468337e-05,0.000258781880754011,-3.423607450292465e-05,-7.105427357601002e-15,8.550447309059506e-05,8.55044761460985e-05,3.0555034373494746e-12,0.0014439248429703713,0.000800834337798758,7.905380195570125e-08,-0.0005864551969239074,-3.518666858326469e-06
D3_100P_lam1,288.0,44.186505160489084,1.0,-0.0005900893104365235,-0.0005900893104365235,8.60943279108489e-05,-8.372000875594282e-06,-8.372000880333547e-06,-8.37200087805759e-06,0.9999999962938836,8.609433022421567e-05,0.9999999962938834,8.61155996640101e-05,3.0299282996025127e-12,0.9999999999999999,3.0325017909578812e-12,8.611559734844382e-05,8.611559734844382e-05,0.0,0.0,0.0,0.0005963393424052683,-6.769966543485051e-05,0.00026096761819704994,-3.451909476581694e-05,0.0,8.609432711451764e-05,8.609433014444629e-05,3.0299286638266287e-12,0.0014439228022391957,0.0008008331410703596,8.053769064639361e-08,-0.00059008931043536,-3.623479528869211e-06
D3_100P_lam1,289.0,44.33993052562967,1.0,-0.0005937021560267372,-0.0005937021560267372,8.664745490786526e-05,-8.447628220289993e-06,-8.447628224859255e-06,-8.447628222482684e-06,0.9999999962461095,8.664745723646379e-05,0.9999999962461091,8.666635058452633e-05,2.98041562883622e-12,1.0000000000000002,2.9821480648062234e-12,8.666634825431766e-05,8.666634825431766e-05,0.0,0.0,0.0,0.0005999938792640209,-6.802707454367507e-05,0.0002629198960133472,-3.483034472889779e-05,0.0,8.664745417473231e-05,8.664745715514802e-05,2.980415700409875e-12,0.0014439209989418778,0.0008008319201191514,8.175274252481756e-08,-0.0005937021559816458,-3.5338921122729516e-06
D3_100P_lam1,290.0,44.49335589077026,1.0,-0.0005971570946577754,-0.0005971570946577754,8.707082404484529e-05,-8.492721381963414e-06,-8.492721385852664e-06,-8.492721384693869e-06,0.9999999962093356,8.707082637394421e-05,0.9999999962093353,8.708961290848588e-05,3.0743595596727108e-12,1.0,3.0760249883504734e-12,8.708961057779379e-05,8.708961057779379e-05,0.0,0.0,0.0,0.0006034737257296169,-6.859981374407464e-05,0.0002644062108667633,-3.5158075568197944e-05,0.0,8.707082321706996e-05,8.707082629143206e-05,3.074362102489668e-12,0.0014439187733885116,0.0008008307333113232,8.21260280239179e-08,-0.0005971570946599059,-3.543583687815044e-06
D3_100P_lam1,291.0,44.646781255910845,1.0,-0.0006007893233325752,-0.0006007893233325752,8.76237547854454e-05,-8.51759651093048e-06,-8.517596515909137e-06,-8.517596513799713e-06,0.9999999961610385,8.762375713416913e-05,0.9999999961610386,8.764528159672523e-05,3.0637511125670327e-12,1.0,3.066318692055494e-12,8.764527924580459e-05,8.764527924580459e-05,0.0,0.0,0.0,0.0006071480802094545,-6.974117260794e-05,0.0002661213095556114,-3.54928316293468e-05,0.0,8.762375398632276e-05,8.762375705007372e-05,3.0637509658628514e-12,0.0014439158999528928,0.0008008295220538901,8.115724410064366e-08,-0.0006007893233572759,-3.6846871012130578e-06
D3_100P_lam1,292.0,44.80020662105143,1.0,-0.0006045264688773881,-0.0006045264688773881,8.81775452517032e-05,-8.5322303330429e-06,-8.532230338052782e-06,-8.53223033542641e-06,0.9999999961123602,8.817754761841342e-05,0.99999999611236,8.819782146973885e-05,2.9985932971775486e-12,0.9999999999999999,3.0006806839193497e-12,8.819781910117602e-05,8.819781910117602e-05,0.0,0.0,0.0,0.0006109258562476391,-7.05648073358045e-05,0.0002677448462340415,-3.584672863016225e-05,0.0,8.81775445341214e-05,8.817754753271336e-05,2.9985919613120583e-12,0.0014439131888377768,0.00080082813178122,8.081042276261037e-08,-0.000604526468862332,-3.6458111765114154e-06
D3_100P_lam1,293.0,44.95363198619202,1.0,-0.0006080809456791364,-0.0006080809456791364,8.855569354088189e-05,-8.5081080337078e-06,-8.508108037860729e-06,-8.508108036493767e-06,0.9999999960789446,8.855569590474713e-05,0.9999999960789446,8.857436992602583e-05,3.0790206178389842e-12,1.0000000000000002,3.0805562914453246e-12,8.857436756066732e-05,8.857436756066732e-05,0.0,0.0,0.0,0.0006144974925081132,-7.128789526056334e-05,0.00026876541730525005,-3.621196536929272e-05,0.0,8.855569273891818e-05,8.85556958179388e-05,3.0790206178389842e-12,0.0014439102197865608,0.0008008266087982758,7.794125664903132e-08,-0.0006080809457102987,-3.5828006446081417e-06
D3_100P_lam1,294.0,45.10705735133261,1.0,-0.0006116920701101551,-0.0006116920701101551,8.901728571212775e-05,-8.466970793635092e-06,-8.466970798474971e-06,-8.466970796369017e-06,0.9999999960379613,8.901728808933114e-05,0.9999999960379612,8.903830993507035e-05,3.0784110349451862e-12,0.9999999999999999,3.0807705305003136e-12,8.903830755581389e-05,8.903830755581389e-05,0.0,0.0,0.0,0.0006181377438033628,-7.288707548380735e-05,0.0002699084339070623,-3.6572192229744616e-05,0.0,8.901728492274674e-05,8.901728800115715e-05,3.078410415778306e-12,0.0014439060160888475,0.0008008248147982053,7.073597200689788e-08,-0.0006116920701515483,-3.7003052568707062e-06
D3_100P_lam1,295.0,45.26048271647319,1.0,-0.0006154815562554258,-0.0006154815562554258,8.951735916941741e-05,-8.439990581934897e-06,-8.439990587076618e-06,-8.439990584380858e-06,0.9999999959933215,8.951736156657878e-05,0.9999999959933215,8.953856008445979e-05,3.0215671385646045e-12,1.0,3.0240099402977774e-12,8.953855768522299e-05,8.953855768522299e-05,0.0,0.0,0.0,0.0006219597626630876,-7.46941369477172e-05,0.00027115761095197755,-3.693361786843985e-05,0.0,8.951735845534505e-05,8.951736147691316e-05,3.021568101526425e-12,0.0014439010982683393,0.0008008225184733081,6.368172001928657e-08,-0.0006154815562240401,-3.717460401730932e-06
D3_100P_lam1,296.0,45.41390808161378,1.0,-0.0006191269909940343,-0.0006191269909940343,8.982198050331005e-05,-8.3929164763491e-06,-8.392916480411822e-06,-8.392916478937307e-06,0.9999999959660058,8.9821982896619e-05,0.9999999959660058,8.984070326342209e-05,3.0772659244774225e-12,0.9999999999999999,3.0788547660722977e-12,8.984070086859476e-05,8.984070086859476e-05,0.0,0.0,0.0,0.0006256107928952202,-7.65499803718761e-05,0.00027177731234173663,-3.729091666632156e-05,-7.105427357601002e-15,8.982197972876878e-05,8.982198280603436e-05,3.077265573866935e-12,0.0014438956066935853,0.0008008200146590207,5.535964907702516e-08,-0.0006191269909550101,-3.6064083133169333e-06
D3_100P_lam1,297.0,45.56733344675437,1.0,-0.0006226943728329672,-0.0006226943728329672,9.014728102677835e-05,-8.342105303323077e-06,-8.342105307979075e-06,-8.342105306369252e-06,0.9999999959367338,9.014728342544979e-05,0.9999999959367335,9.016712735029325e-05,3.0714699244974494e-12,1.0000000000000002,3.0735350533462063e-12,9.016712494978947e-05,9.016712494978947e-05,0.0,0.0,0.0,0.0006291880825585297,-7.875080945474178e-05,0.00027236857180890084,-3.7622821647043114e-05,-7.105427357601002e-15,9.014728026240797e-05,9.0147283333878e-05,3.0714700289616927e-12,0.0014438900434604318,0.0008008175987800696,4.434173097063183e-08,-0.000622694372850674,-3.6608851132768905e-06
D3_100P_lam1,298.0,45.72075881189495,1.0,-0.0006264487612306867,-0.0006264487612306867,9.055616627069507e-05,-8.314493789345068e-06,-8.314493794549238e-06,-8.31449379209287e-06,0.9999999958997904,9.055616868951198e-05,0.9999999958997902,9.057751765527608e-05,3.0518866229137656e-12,1.0,3.0545453178254824e-12,9.057751523426241e-05,9.057751523426241e-05,0.0,0.0,0.0,0.0006329625178008881,-8.046130324379508e-05,0.00027324493049540877,-3.7927229056100575e-05,0.0,9.055616554480422e-05,9.055616859668892e-05,3.0518846943196615e-12,0.0014438854115538093,0.0008008154284210624,3.818788511741686e-08,-0.0006264487611815639,-3.7346106864788453e-06
D3_100P_lam1,299.0,45.874184177035545,1.0,-0.0006301635942485663,-0.0006301635942485663,9.078447510214841e-05,-8.267235867696204e-06,-8.267235871887296e-06,-8.267235870024203e-06,0.9999999958790897,9.078447751828819e-05,0.9999999958790892,9.080361292969503e-05,3.074375873358146e-12,1.0000000000000002,3.0761889109671073e-12,9.080361051189686e-05,9.080361051189686e-05,0.0,0.0,0.0,0.0006366715751062301,-8.159459653656054e-05,0.0002735525865267263,-3.820322294795231e-05,0.0,9.078447435038362e-05,9.078447742475949e-05,3.074375873358146e-12,0.0014438817550214145,0.0008008137618154919,3.699752944957925e-08,-0.0006301635942236317,-3.6347115042190126e-06
D3_100P_lam1,300.0,46.02760954217613,1.0,-0.0006337181842221343,-0.0006337181842221343,9.096000015061906e-05,-8.220090111463185e-06,-8.220090115879791e-06,-8.22009011412772e-06,0.9999999958631395,9.09600025635987e-05,0.9999999958631391,9.097884979951103e-05,3.0528274152132798e-12,1.0000000000000002,3.0546315166714972e-12,9.097884738489409e-05,9.097884738489409e-05,0.0,0.0,0.0,0.0006402149070843248,-8.251293459560216e-05,0.0002736300292869309,-3.843398952452226e-05,-7.105427357601002e-15,9.095999941670172e-05,9.096000246952918e-05,3.052827449042354e-12,0.0014438790200529265,0.0008008125706297106,3.447011236020074e-08,-0.0006337181841900019,-3.6222877497493755e-06
D3_100P_lam1,301.0,46.181034907316715,1.0,-0.000637408169708498,-0.000637408169708498,9.124425584823387e-05,-8.213030396601873e-06,-8.21303040176094e-06,-8.213030399138038e-06,0.9999999958372426,9.12442582790837e-05,0.9999999958372425,9.126533019979783e-05,3.084840028641109e-12,1.0000000000000002,3.087473465434722e-12,9.12653277667772e-05,9.12653277667772e-05,0.0,0.0,0.0,0.0006439081618977178,-8.323961304357308e-05,0.0002741076679488863,-3.861377374003716e-05,-7.105427357601002e-15,9.124425509928812e-05,9.124425818412836e-05,3.0848402365520613e-12,0.0014438769274143115,0.0008008116344230166,3.698129334757226e-08,-0.0006374081697231304,-3.731438283693933e-06
D3_100P_lam1,302.0,46.33446027245731,1.0,-0.0006411810607213009,-0.0006411810607213009,9.138217569476576e-05,-8.201879539759815e-06,-8.201879544551122e-06,-8.20187954217802e-06,0.9999999958246493,9.138217812598442e-05,0.9999999958246489,9.14021921511744e-05,3.073870173640662e-12,1.0,3.076027101466722e-12,9.140218971808414e-05,9.140218971808414e-05,0.0,0.0,0.0,0.000647662496270818,-8.393328718692139e-05,0.00027416750142439383,-3.874813284976408e-05,0.0,9.138217495672416e-05,9.138217803059516e-05,3.0738710106990774e-12,0.001443875103867257,0.0008008108907919633,4.3614288079699244e-08,-0.0006411810607573898,-3.686485712250942e-06
D3_100P_lam1,303.0,46.48788563759789,1.0,-0.0006447811411135427,-0.0006447811411135427,9.139626851394653e-05,-8.180668436452015e-06,-8.180668440490452e-06,-8.180668439043692e-06,0.9999999958233611,9.139627093488495e-05,0.999999995823361,9.141477719955535e-05,3.039848865782978e-12,1.0,3.0415230196232237e-12,9.141477477708806e-05,9.141477477708806e-05,0.0,0.0,0.0,0.0006512285300992918,-8.437177776488003e-05,0.00027378139496914145,-3.883128462689456e-05,0.0,9.139626779960538e-05,9.13962708394531e-05,3.0398477061119233e-12,0.0014438740925644747,0.0008008104386439072,4.3522718937972325e-08,-0.0006447811411476323,-3.6179872324737516e-06
D3_100P_lam1,304.0,46.641311002738476,1.0,-0.0006484170352079221,-0.0006484170352079221,9.153061726060271e-05,-8.185164734719752e-06,-8.185164740100864e-06,-8.18516473755776e-06,0.9999999958110731,9.153061969457445e-05,0.9999999958110728,9.155120799290012e-05,3.1039110388466804e-12,1.0000000000000002,3.1063294435381537e-12,9.155120555687914e-05,9.155120555687914e-05,0.0,0.0,0.0,0.0006548476465916532,-8.425364559050408e-05,0.00027380705634305613,-3.885716446949683e-05,0.0,9.153061649481132e-05,9.153061959872103e-05,3.103909712406578e-12,0.0014438744606225051,0.0008008105091081167,4.1838552965834286e-08,-0.0006484170352223373,-3.724678492744715e-06
D3_100P_lam1,305.0,46.79473636787907,1.0,-0.0006522304981104321,-0.0006522304981104321,9.158313070606193e-05,-8.185237076945712e-06,-8.185237081792529e-06,-8.185237079294527e-06,0.9999999958062652,9.158313314401348e-05,0.9999999958062652,9.160434075882841e-05,3.0871843623372844e-12,1.0000000000000002,3.0896928796312804e-12,9.160433831876418e-05,9.160433831876418e-05,0.0,0.0,0.0,0.0006586312476091593,-8.349723283263e-05,0.00027363309618788634,-3.883663937992443e-05,0.0,9.158312996081012e-05,9.158313304799448e-05,3.0871843623372844e-12,0.0014438763327953082,0.0008008112146831593,3.8428836232995914e-08,-0.0006522304981331217,-3.761849683314722e-06
D3_100P_lam1,306.0,46.94816173301965,1.0,-0.00065594073457191,-0.00065594073457191,9.146410401963797e-05,-8.174581019038119e-06,-8.174581023187577e-06,-8.174581021466731e-06,0.9999999958171587,9.146410644220133e-05,0.9999999958171587,9.14832974966996e-05,3.0334448459243515e-12,1.0,3.0351731673971557e-12,9.148329507254853e-05,9.148329507254853e-05,0.0,0.0,0.0,0.0006622889213340546,-8.187494052247501e-05,0.0002728612568079214,-3.8778570075559404e-05,0.0,9.146410331311093e-05,9.146410634655578e-05,3.0334448459243515e-12,0.0014438799496800836,0.0008008124014762767,2.773464628773858e-08,-0.0006559407345889667,-3.676749003034274e-06
D3_100P_lam1,307.0,47.10158709816024,1.0,-0.0006595839961255472,-0.0006595839961255472,9.144100934797799e-05,-8.193768443447852e-06,-8.193768448509775e-06,-8.193768446195654e-06,0.9999999958192709,9.144101177571946e-05,0.9999999958192707,9.146139232787774e-05,3.101650113762074e-12,1.0,3.1037684453059856e-12,9.146138989826012e-05,9.146138989826012e-05,0.0,0.0,0.0,0.0006658944168683464,-8.001340701668802e-05,0.00027243071045957024,-3.868038758120251e-05,0.0,9.144100857849536e-05,9.144101168014626e-05,3.101650901183222e-12,0.0014438842391810206,0.0008008139325192642,2.0213529308819832e-08,-0.0006595839961391903,-3.7435426634147007e-06
D3_100P_lam1,308.0,47.25501246330083,1.0,-0.0006634278199624412,-0.0006634278199624412,9.139285259659578e-05,-8.213651380706288e-06,-8.213651386076992e-06,-8.213651383245923e-06,0.9999999958236734,9.139285503064432e-05,0.9999999958236733,9.141524679769515e-05,3.1138677950361068e-12,1.0,3.1165676460337366e-12,9.141524436137501e-05,9.141524436137501e-05,0.0,0.0,0.0,0.0006696956837921785,-7.858248491265929e-05,0.0002720370417992335,-3.855344727943244e-05,-7.105427357601002e-15,9.13928518213633e-05,9.139285493522585e-05,3.113862552704501e-12,0.001443888108907224,0.0008008154976827223,2.1169960044942196e-08,-0.0006634278199157961,-3.84202442660353e-06
D3_100P_lam1,309.0,47.408437828441414,1.0,-0.0006672680449990075,-0.0006672680449990075,9.113332106639952e-05,-8.206802703140254e-06,-8.206802707407673e-06,-8.206802705749278e-06,0.999999995847359,9.113332348231267e-05,0.9999999958473588,9.115380733124659e-05,3.025359236207351e-12,1.0000000000000002,3.027309931694983e-12,9.115380491357844e-05,9.115380491357844e-05,0.0,0.0,0.0,0.000673464757384124,-7.71019505424464e-05,0.00027095673458976677,-3.8415076608344645e-05,7.105427357601002e-15,9.113332036234418e-05,9.113332338770036e-05,3.0253561830220305e-12,0.001443891669849236,0.0008008167920098818,2.639621341411236e-08,-0.0006672680449923973,-3.758032534051381e-06
D3_100P_lam1,310.0,47.561863193582,1.0,-0.0006709438849658397,-0.0006709438849658397,9.090991843327014e-05,-8.210208203601743e-06,-8.210208208597747e-06,-8.210208206436281e-06,0.9999999958676934,9.090992084464809e-05,0.9999999958676934,9.092994522082385e-05,3.0866255605832925e-12,1.0000000000000002,3.0884759481538386e-12,9.092994280774271e-05,9.092994280774271e-05,0.0,0.0,0.0,0.0006770768580122747,-7.616003397248328e-05,0.00027003989232143866,-3.8262272520128704e-05,-1.4210854715202004e-14,9.090991766410553e-05,9.090992075073186e-05,3.086626335116113e-12,0.001443893989534798,0.0008008178679626616,3.082424778711986e-08,-0.0006709438849838989,-3.7346937062920915e-06
D3_100P_lam1,311.0,47.715288558722584,1.0,-0.0006747374324411391,-0.0006747374324411391,9.071996588334913e-05,-8.217848289832075e-06,-8.217848295175023e-06,-8.217848292510488e-06,0.9999999958849437,9.071996830134808e-05,0.9999999958849434,9.074232744003654e-05,3.1341344223828634e-12,1.0,3.1368100261177535e-12,9.074232501976478e-05,9.074232501976478e-05,0.0,0.0,0.0,0.0006808111590019216,-7.615229093882458e-05,0.00026936275706823665,-3.809646375901865e-05,0.0,9.071996507388255e-05,9.07199682080199e-05,3.134137351051915e-12,0.0014438949576767099,0.000800818572701486,3.6610904511073136e-08,-0.0006747374324049815,-3.832624713595578e-06
D3_100P_lam1,312.0,47.868713923863176,1.0,-0.0006786091343789091,-0.0006786091343789091,9.032361158112413e-05,-8.203700862567664e-06,-8.203700866956515e-06,-8.20370086510036e-06,0.9999999959208226,9.032361398097717e-05,0.9999999959208223,9.034484896044922e-05,3.0241135041760097e-12,1.0000000000000002,3.026397394479975e-12,9.034484655861721e-05,9.034484655861721e-05,0.0,0.0,0.0,0.0006845959575771085,-7.621999583995454e-05,0.0002680354031108223,-3.793183730577132e-05,-7.105427357601002e-15,9.03236108647516e-05,9.03236138888653e-05,3.024113703288173e-12,0.0014438951566288307,0.0008008188611145114,4.750819511372849e-08,-0.00067860913441109,-3.76876613472632e-06
D3_100P_lam1,313.0,48.02213928900376,1.0,-0.0006822749646886297,-0.0006822749646886297,8.991581260966975e-05,-8.198050148344738e-06,-8.198050153025022e-06,-8.198050151144581e-06,0.9999999959575734,8.991581499554465e-05,0.9999999959575729,8.993506098837746e-05,3.059762962221295e-12,1.0,3.06147323110589e-12,8.993505860089845e-05,8.993505860089845e-05,0.0,0.0,0.0,0.0006881762523720505,-7.663301354454699e-05,0.00026666661054619567,-3.776243870479146e-05,1.4210854715202004e-14,8.99158118449085e-05,8.991581490467146e-05,3.059762962221295e-12,0.0014438945139163546,0.000800819003581623,6.304054363251114e-08,-0.0006822749646744342,-3.6605423758828692e-06
D3_100P_lam1,314.0,48.175564654144345,1.0,-0.0006859302191463998,-0.0006859302191463998,8.960198972776899e-05,-8.206130310689508e-06,-8.206130316042864e-06,-8.206130313617721e-06,0.9999999959857417,8.960199211785553e-05,0.9999999959857414,8.962304873263688e-05,3.1388034360128257e-12,0.9999999999999999,3.1412390375707707e-12,8.962304634043644e-05,8.962304634043644e-05,0.0,0.0,0.0,0.0006917597991582026,-7.725789617851753e-05,0.00026567595677517986,-3.757812414678652e-05,0.0,8.96019888891305e-05,8.96019920279341e-05,3.1388035930797985e-12,0.0014438939081197857,0.0008008191015946248,7.804515059754335e-08,-0.0006859302191628558,-3.7277335707130987e-06
D3_100P_lam1,315.0,48.32899001928494,1.0,-0.000689730431769329,-0.000689730431769329,8.913021373666931e-05,-8.200826505586067e-06,-8.200826509954101e-06,-8.200826507979986e-06,0.9999999960279027,8.913021611071913e-05,0.9999999960279025,8.915166001209341e-05,3.0318596748357063e-12,1.0,3.0344664226151378e-12,8.915165763586199e-05,8.915165763586199e-05,0.0,0.0,0.0,0.0006954675648460522,-7.726808915575756e-05,0.00026416663877837365,-3.7387651511067155e-05,-7.105427357601002e-15,8.91302129903509e-05,8.913021602221106e-05,3.031860168439556e-12,0.001443894087593911,0.000800819299004559,8.801213879746218e-08,-0.0006897304318158604,-3.727163971234404e-06
D3_100P_lam1,316.0,48.48241538442552,1.0,-0.0006933845470890058,-0.0006933845470890058,8.859588947276609e-05,-8.190506259879438e-06,-8.190506264417474e-06,-8.190506262988062e-06,0.9999999960753843,8.859589182481483e-05,0.9999999960753839,8.86147963822962e-05,3.023317887103846e-12,1.0,3.025070844502638e-12,8.861479402863272e-05,8.861479402863272e-05,0.0,0.0,0.0,0.0006990234680156875,-7.67272944874886e-05,0.00026237360647929364,-3.718907311472952e-05,0.0,8.859588871457214e-05,8.859589173788864e-05,3.0233164994990675e-12,0.0014438952505833145,0.0008008197562827755,9.317458777573113e-08,-0.0006933845471053246,-3.592986217881844e-06
D3_100P_lam1,317.0,48.63584074956611,1.0,-0.0006969164042751754,-0.0006969164042751754,8.817129054134116e-05,-8.171676351854257e-06,-8.171676357780072e-06,-8.17167635509472e-06,0.9999999961129118,8.817129289224127e-05,0.9999999961129116,8.819092760440496e-05,3.1241835507371497e-12,1.0,3.126283874293295e-12,8.819092525161654e-05,8.819092525161654e-05,0.0,0.0,0.0,0.0007024736198607309,-7.60929274805644e-05,0.00026094515802910223,-3.696932214020121e-05,0.0,8.817128968237444e-05,8.817129280655825e-05,3.124183818348764e-12,0.0014438968907011743,0.0008008204649497487,9.615876116626483e-08,-0.000696916404251624,-3.6117768900112424e-06
D3_100P_lam1,318.0,48.7892661147067,1.0,-0.0007006081009001976,-0.0007006081009001976,8.76376893940239e-05,-8.1229244117062e-06,-8.122924416556487e-06,-8.122924414176447e-06,0.9999999961598177,8.76376917319286e-05,0.9999999961598177,8.765908682683589e-05,3.0397959681121233e-12,1.0,3.0425718356766652e-12,8.765908448663636e-05,8.765908448663636e-05,0.0,0.0,0.0,0.000706070004813885,-7.55822119915539e-05,0.00025914736815435546,-3.673375762724973e-05,-7.105427357601002e-15,8.763768860799565e-05,8.763769164779153e-05,3.0397958845835604e-12,0.0014438983493664838,0.0008008211978918954,9.54047934026582e-08,-0.0007006081008853471,-3.6728673649122356e-06
D3_100P_lam1,319.0,48.942691479847284,1.0,-0.0007042621389817171,-0.0007042621389817171,8.697554434004929e-05,-8.047980502409041e-06,-8.04798050706157e-06,-8.047980505295621e-06,0.9999999962176274,8.697554665044942e-05,0.9999999962176273,8.699468976054932e-05,2.984622660697021e-12,1.0000000000000002,2.986589675955784e-12,8.699468744839266e-05,8.699468744839266e-05,0.0,0.0,0.0,0.0007096141956446266,-7.527078061131398e-05,0.0002568373954066061,-3.64874833916895e-05,-1.4210854715202004e-14,8.697554358358208e-05,8.697554656820564e-05,2.984623566538201e-12,0.0014438992856331627,0.000800821771385984,9.588997625988347e-08,-0.0007042621389814485,-3.549399593794078e-06
D3_100P_lam1,320.0,49.09611684498787,1.0,-0.0007077069000733562,-0.0007077069000733562,8.640441197558415e-05,-7.959872454891409e-06,-7.959872460949063e-06,-7.95987245796187e-06,0.9999999962671389,8.640441427766997e-05,0.9999999962671389,8.642271255206121e-05,3.086304101270868e-12,1.0,3.0881096446894617e-12,8.642271024829175e-05,8.642271024829175e-05,0.0,0.0,0.0,0.0007129635516214783,-7.553891401546053e-05,0.0002547998081987579,-3.621844948503705e-05,-7.105427357601002e-15,8.640441111073403e-05,8.640441419703657e-05,3.0863025329092435e-12,0.0014438993556073667,0.0008008222464094048,1.0314276929958474e-07,-0.0007077069000729352,-3.489360949515685e-06
D3_100P_lam1,321.0,49.24954221012846,1.0,-0.0007112408608651561,-0.0007112408608651561,8.578795580054946e-05,-7.8578975761176e-06,-7.857897581748513e-06,-7.857897578716216e-06,0.9999999963202133,8.578795809243313e-05,0.9999999963202133,8.580852214487913e-05,3.0396649248825755e-12,1.0,3.042381522922479e-12,8.580851985073455e-05,8.580851985073455e-05,0.0,0.0,0.0,0.00071639771700838,-7.591184162369924e-05,0.00025261654032648906,-3.592530480228673e-05,0.0,8.578795497385157e-05,8.578795801351369e-05,3.0396621274308e-12,0.001443899505519473,0.0008008227203410325,1.115491216668047e-07,-0.0007112408608804799,-3.5708736447759293e-06
D3_100P_lam1,322.0,49.402967575269045,1.0,-0.0007148486473672204,-0.0007148486473672204,8.501092171960639e-05,-7.724174238415982e-06,-7.724174243051163e-06,-7.724174241430931e-06,0.9999999963865714,8.501092398138968e-05,0.9999999963865716,8.503040053031705e-05,2.9486909316006975e-12,1.0,2.9509966249708357e-12,8.503039826655615e-05,8.503039826655615e-05,0.0,0.0,0.0,0.0007198873535926544,-7.544025475869631e-05,0.0002498266362431778,-3.5616021927920016e-05,0.0,8.501092095590675e-05,8.501092390459671e-05,2.9486899571890723e-12,0.0014439008730129078,0.000800823420401115,1.2070331497765392e-07,-0.0007148486473624871,-3.496865019769757e-06
D3_100P_lam1,323.0,49.55639294040963,1.0,-0.0007182345909281456,-0.0007182345909281456,8.429296156289302e-05,-7.5742494133647364e-06,-7.574249419158713e-06,-7.574249416383155e-06,0.9999999964473483,8.429296380814108e-05,0.9999999964473483,8.431030972080494e-05,3.0270951928313906e-12,1.0,3.028756456641703e-12,8.431030747399239e-05,8.431030747399239e-05,0.0,0.0,0.0,0.0007231654357853726,-7.442200159535339e-05,0.0002471944070623344,-3.528271951697137e-05,0.0,8.429296070618145e-05,8.429296373327682e-05,3.027095360511783e-12,0.0014439032796404174,0.0008008244977017006,1.3311974283776096e-07,-0.0007182345909200194,-3.374177026671532e-06
D3_100P_lam1,324.0,49.70981830555022,1.0,-0.00072159700142916,-0.00072159700142916,8.358847019335051e-05,-7.433060012843051e-06,-7.433060018609272e-06,-7.4330600153132975e-06,0.999999996506484,8.358847242936473e-05,0.9999999965064835,8.360769761277825e-05,3.024540351511289e-12,0.9999999999999998,3.0269976915304692e-12,8.360769537467462e-05,8.360769537467462e-05,0.0,0.0,0.0,0.0007264237877525675,-7.347802782708968e-05,0.0002446537236959756,-3.491903488272996e-05,-7.105427357601002e-15,8.358846933181916e-05,8.358847235635977e-05,3.024540610150841e-12,0.00144390593089197,0.0008008257235819322,1.4206996629423347e-07,-0.0007215970014158302,-3.437901227698603e-06
D3_100P_lam1,325.0,49.86324367069081,1.0,-0.0007251103933467911,-0.0007251103933467911,8.270223195439883e-05,-7.281064959098471e-06,-7.281064963633038e-06,-7.281064961783823e-06,0.9999999965801702,8.270223415993773e-05,0.9999999965801701,8.272193759617053e-05,2.9168155357789832e-12,1.0000000000000002,2.919463023046261e-12,8.272193538844683e-05,8.272193538844683e-05,0.0,0.0,0.0,0.000729813007045481,-7.283576013428217e-05,0.0002415340545671718,-3.4533523001922806e-05,0.0,8.270223117241351e-05,8.270223408923016e-05,2.9168166517105814e-12,0.001443907974315816,0.0008008268304200274,1.4500985978862308e-07,-0.0007251103933754166,-3.4297659965432103e-06
D3_100P_lam1,326.0,50.01666903583139,1.0,-0.0007284565334051684,-0.0007284565334051684,8.182211991557571e-05,-7.134197180357765e-06,-7.134197186044189e-06,-7.134197183546187e-06,0.9999999966525704,8.182212209668979e-05,0.9999999966525703,8.183895907562375e-05,2.9554544335512963e-12,0.9999999999999999,2.9571501840014653e-12,8.183895689293498e-05,8.183895689293498e-05,0.0,0.0,0.0,0.0007330386265644326,-7.262847392708327e-05,0.00023843931464639923,-3.412440881916945e-05,0.0,8.182211907275982e-05,8.182212202821737e-05,2.95545754417827e-12,0.0014439091904564377,0.0008008277770851105,1.479869506477543e-07,-0.0007284565334089166,-3.2665124649611244e-06
D3_100P_lam1,327.0,50.17009440097198,1.0,-0.0007316434183128481,-0.0007316434183128481,8.100306342850623e-05,-7.011410207695412e-06,-7.011410213687147e-06,-7.011410210228108e-06,0.9999999967192519,8.100306559932014e-05,0.9999999967192518,8.102044673234057e-05,2.9883335899353794e-12,1.0000000000000002,2.990428082055263e-12,8.102044455967425e-05,8.102044455967425e-05,0.0,0.0,0.0,0.0007361151257055806,-7.268827781647946e-05,0.0002356140252515182,-3.368072082227114e-05,0.0,8.100306254454972e-05,8.100306553288184e-05,2.988332114938449e-12,0.001443910150717662,0.000800828696844336,1.5036565036006443e-07,-0.0007316434183053389,-3.2620766319269023e-06
D3_100P_lam1,328.0,50.32351976611257,1.0,-0.0007349806866912739,-0.0007349806866912739,8.002185825430818e-05,-6.8731775010842655e-06,-6.873177506038636e-06,-6.8731775038320675e-06,0.999999996798251,8.002186039609717e-05,0.9999999967982508,8.004103107488774e-05,2.8888400383838983e-12,1.0,2.891689280384453e-12,8.004102893080627e-05,8.004102893080627e-05,0.0,0.0,0.0,0.0007393255048159105,-7.25497480188464e-05,0.00023231090946662647,-3.3206449279232775e-05,0.0,8.002185744320496e-05,8.002186033204489e-05,2.888839919972641e-12,0.0014439115995847145,0.000800829806339326,1.5062832215851644e-07,-0.0007349806866727704,-3.3094911771058833e-06
D3_100P_lam1,329.0,50.47694513125315,1.0,-0.0007382624006704489,-0.0007382624006704489,7.90172607891927e-05,-6.733336655191657e-06,-6.733336660787875e-06,-6.73333665818579e-06,0.9999999968781362,7.901726290049493e-05,0.9999999968781358,7.903392748048964e-05,2.8813846817207547e-12,0.9999999999999998,2.883306008952462e-12,7.903392536748049e-05,7.903392536748049e-05,0.0,0.0,0.0,0.0007424801821617834,-7.171957264417994e-05,0.00022889344148691038,-3.270649102010692e-05,7.105427357601002e-15,7.901725995743639e-05,7.901726283882405e-05,2.881387660054275e-12,0.0014439143288225045,0.0008008313066937332,1.5450478995474914e-07,-0.0007382624006595506,-3.1619528044757317e-06
D3_100P_lam1,330.0,50.630370496393745,1.0,-0.0007413045922403512,-0.0007413045922403512,7.811200807868636e-05,-6.629950496727516e-06,-6.629950502903131e-06,-6.629950499374704e-06,0.9999999969492572,7.811201017662216e-05,0.9999999969492571,7.812776250363484e-05,2.92834776159973e-12,1.0000000000000002,2.9301316182779336e-12,7.812776040406706e-05,7.812776040406706e-05,0.0,0.0,0.0,0.0007454096556891819,-7.027729023356688e-05,0.00022585483628478897,-3.2172019056253554e-05,-7.105427357601002e-15,7.81120071887017e-05,7.811201011704822e-05,2.928346516193596e-12,0.001443918477829003,0.0008008333443327763,1.5993795491510155e-07,-0.0007413045922817219,-3.0913055582004745e-06
D3_100P_lam1,331.0,50.78379586153433,1.0,-0.0007444450117549927,-0.0007444450117549927,7.708297259365864e-05,-6.530284284916171e-06,-6.530284289981564e-06,-6.530284287438459e-06,0.9999999970291075,7.708297466487107e-05,0.9999999970291074,7.710130706985084e-05,2.860711382528743e-12,0.9999999999999999,2.8635147175045514e-12,7.710130499637423e-05,7.710130499637423e-05,0.0,0.0,0.0,0.0007484263665381618,-6.85672108760027e-05,0.00022250110950317037,-3.1605660845424044e-05,-7.105427357601002e-15,7.708297174690689e-05,7.708297460761865e-05,2.8607117670843134e-12,0.0014439235777472701,0.0008008358202674441,1.6156239370155276e-07,-0.0007444450117759516,-3.182343363050677e-06
D3_100P_lam1,332.0,50.937221226674914,1.0,-0.0007476692790178704,-0.0007476692790178704,7.598984613826791e-05,-6.4350245791017224e-06,-6.435024584541815e-06,-6.435024582095855e-06,0.9999999971127715,7.598984817509794e-05,0.9999999971127715,7.600703610096604e-05,2.810869855143755e-12,0.9999999999999999,2.813150087805093e-12,7.600703406218457e-05,7.600703406218457e-05,0.0,0.0,0.0,0.0007515221135816116,-6.64491945679968e-05,0.00021891433211118638,-3.102141056510188e-05,-1.4210854715202004e-14,7.598984530937876e-05,7.598984812024861e-05,2.810869855143755e-12,0.0014439293780236706,0.000800838449498115,1.6216180965914718e-07,-0.0007476692790078232,-3.101967450902521e-06
D3_100P_lam1,333.0,51.090646591815506,1.0,-0.0007506489466985829,-0.0007506489466985829,7.49940003162045e-05,-6.374978675473958e-06,-6.374978681642635e-06,-6.374978678256454e-06,0.9999999971879499,7.499400233524084e-05,0.9999999971879499,7.500895233135684e-05,2.8471095768734212e-12,1.0,2.8487293404156603e-12,7.500895031080861e-05,7.500895031080861e-05,0.0,0.0,0.0,0.0007543867114208272,-6.436856535962932e-05,0.00021571175241019702,-3.041777536139101e-05,0.0,7.499399943540701e-05,7.499400228251618e-05,2.847109173357184e-12,0.001443935124053522,0.0008008411408204605,1.6365214517070171e-07,-0.0007506489466777566,-2.971506887661235e-06
D3_100P_lam1,334.0,51.24407195695609,1.0,-0.0007536122928212533,-0.0007536122928212533,7.391225100808974e-05,-6.313250310443358e-06,-6.313250315914676e-06,-6.313250312865032e-06,0.9999999972684896,7.39122530024974e-05,0.999999997268489,7.392945044933044e-05,2.8240678793306008e-12,1.0000000000000002,2.8265958731960343e-12,7.392944845280906e-05,7.392944845280906e-05,0.0,0.0,0.0,0.0007572292358843583,-6.275996452054233e-05,0.0002123278910763915,-2.979521110402228e-05,0.0,7.3912250127959e-05,7.391225295202588e-05,2.8240668809432736e-12,0.00144394042814585,0.0008008438062353401,1.6615873913062514e-07,-0.0007536122927831457,-3.0479057500087947e-06
D3_100P_lam1,335.0,51.397497322096676,1.0,-0.0007567447581760049,-0.0007567447581760049,7.273381863762405e-05,-6.239105569287584e-06,-6.239105574568082e-06,-6.2391055721706945e-06,0.9999999973548959,7.27338205957055e-05,0.9999999973548958,7.275152241930788e-05,2.7479835915356925e-12,1.0000000000000002,2.7506578893595932e-12,7.275152045903108e-05,7.275152045903108e-05,0.0,0.0,0.0,0.00076023316383373,-6.0953681071507226e-05,0.00020860182890602985,-2.9170011822232667e-05,-7.105427357601002e-15,7.273381779962562e-05,7.273382054760921e-05,2.7479835915356925e-12,0.0014439458098201268,0.0008008463329165204,1.711376856672242e-07,-0.0007567447581777742,-3.0378494670912914e-06
D3_100P_lam1,336.0,51.55092268723727,1.0,-0.0007596879916910291,-0.0007596879916910291,7.16448064145952e-05,-6.178107582157505e-06,-6.178107588565573e-06,-6.178107585144699e-06,0.9999999974335106,7.164480834997521e-05,0.9999999974335105,7.165942704031839e-05,2.7526048935561223e-12,1.0000000000000002,2.7542561751502753e-12,7.16594251034089e-05,7.16594251034089e-05,0.0,0.0,0.0,0.0007630596646942168,-5.9126784768825935e-05,0.00020518897185040075,-2.8545194694418186e-05,-7.105427357601002e-15,7.164480555140147e-05,7.164480830400559e-05,2.7526041232283606e-12,0.001443950913070197,0.0008008488276926966,1.7911417155893463e-07,-0.0007596879917173283,-2.865027454390656e-06
D3_100P_lam1,337.0,51.70434805237785,1.0,-0.0007624748131265701,-0.0007624748131265701,7.051937309506139e-05,-6.1040162226480565e-06,-6.1040162283379495e-06,-6.1040162252952446e-06,0.9999999975135091,7.05193750068607e-05,0.9999999975135089,7.053490708090636e-05,2.7747505604716025e-12,1.0,2.776893128510508e-12,7.053490516723858e-05,7.053490516723858e-05,0.0,0.0,0.0,0.0007657297969424724,-5.7831538270103344e-05,0.0002017121925623755,-2.79163542006855e-05,0.0,7.051937218827204e-05,7.05193749630226e-05,2.7747505604716025e-12,0.0014439553970798835,0.0008008512371308858,1.895988883860684e-07,-0.0007624748130865555,-2.8738526509641815e-06
D3_100P_lam1,338.0,51.85777341751844,1.0,-0.0007654356970421608,-0.0007654356970421608,6.92844846394134e-05,-6.01597804851528e-06,-6.015978053677817e-06,-6.015978051183285e-06,0.9999999975998298,6.928448651428986e-05,0.99999999759983,6.930192521672708e-05,2.695576218589606e-12,1.0000000000000002,2.698486547312719e-12,6.930192333951381e-05,6.930192333951381e-05,0.0,0.0,0.0,0.000768565950742675,-5.6533883950438124e-05,0.00019785241378578178,-2.729484208097155e-05,0.0,6.928448377714016e-05,6.928448647271649e-05,2.6955763335968873e-12,0.0014439596235409614,0.0008008534110357591,1.9929699507390238e-07,-0.0007654356970192566,-2.9199651123690273e-06
D3_100P_lam1,339.0,52.01119878265903,1.0,-0.0007683147433177754,-0.0007683147433177754,6.813119271646479e-05,-5.952687353392994e-06,-5.952687359176562e-06,-5.952687356307329e-06,0.9999999976790702,6.813119456437477e-05,0.9999999976790702,6.814567273938019e-05,2.6580540376918302e-12,1.0,2.6599364396273535e-12,6.814567088980495e-05,6.814567088980495e-05,0.0,0.0,0.0,0.0007713303548451344,-5.528464327253513e-05,0.00019423870624191153,-2.6685317105257234e-05,0.0,6.813119186679254e-05,6.813119452484514e-05,2.6580525974480604e-12,0.001443963331338922,0.0008008554198093049,2.0803465827112341e-07,-0.0007683147433112936,-2.74734429694945e-06
D3_100P_lam1,340.0,52.164624147799614,1.0,-0.000770930385589141,-0.000770930385589141,6.698558338604825e-05,-5.894225051435165e-06,-5.8942250570070964e-06,-5.894225054193375e-06,0.9999999977564658,6.698558521028512e-05,0.9999999977564658,6.699918162932971e-05,2.7160671472382004e-12,1.0,2.7178469223451957e-12,6.699917980347877e-05,6.699917980347877e-05,0.0,0.0,0.0,0.000773835715922898,-5.452598702249123e-05,0.00019067044904685915,-2.607920461877855e-05,0.0,6.69855824566499e-05,6.69855851727167e-05,2.716066809763177e-12,0.0014439663516220744,0.0008008572351580893,2.168258979967153e-07,-0.0007709303856131555,-2.665282067937369e-06
D3_100P_lam1,341.0,52.3180495129402,1.0,-0.0007736453074845349,-0.0007736453074845349,6.573228279978768e-05,-5.821901681097447e-06,-5.821901686187125e-06,-5.8219016840152515e-06,0.9999999978396334,6.573228458751554e-05,0.9999999978396334,6.574839459097338e-05,2.651955422497384e-12,0.9999999999999999,2.654832324965508e-12,6.574839280095137e-05,6.574839280095137e-05,0.0,0.0,0.0,0.0007764335189955736,-5.397410859109275e-05,0.0001867147425360649,-2.5478931350741973e-05,0.0,6.573228190006148e-05,6.573228455201529e-05,2.6519538117308533e-12,0.0014439688795246388,0.0008008588210220192,2.188604243563804e-07,-0.0007736453074471683,-2.7364903019133635e-06
D3_100P_lam1,342.0,52.47147487808079,1.0,-0.000776403366240984,-0.000776403366240984,6.455407344721483e-05,-5.763136116391371e-06,-5.7631361218384025e-06,-5.763136119378565e-06,0.9999999979163857,6.455407520516982e-05,0.9999999979163857,6.456838530664408e-05,2.579275607552547e-12,1.0000000000000002,2.5815321793724725e-12,6.4568383546809e-05,6.4568383546809e-05,0.0,0.0,0.0,0.0007790830578753065,-5.338714359515162e-05,0.000182903383532107,-2.488856364329939e-05,-7.105427357601002e-15,6.455407259227034e-05,6.455407517154678e-05,2.579276450637128e-12,0.0014439711978102602,0.000800860334617378,2.1423845721365745e-07,-0.0007764033662169822,-2.6114990134828986e-06
D3_100P_lam1,343.0,52.624900243221376,1.0,-0.0007788683054810601,-0.0007788683054810601,6.341394827158635e-05,-5.698613970258476e-06,-5.69861397612878e-06,-5.698613973193628e-06,0.9999999979893354,6.341395000510365e-05,0.9999999979893354,6.342582377674019e-05,2.654780437461952e-12,1.0,2.6563440335536007e-12,6.342582204178391e-05,6.342582204178391e-05,0.0,0.0,0.0,0.0007814460279519887,-5.2698994015609735e-05,0.00017917536803802037,-2.4299461934329525e-05,0.0,6.341394731844755e-05,6.341394997322779e-05,2.654780241185714e-12,0.0014439737689545939,0.0008008618820866154,2.0734536067677556e-07,-0.0007788683054741341,-2.4529577160592453e-06
D3_100P_lam1,344.0,52.77832560836196,1.0,-0.0007813092816483418,-0.0007813092816483418,6.217897827568e-05,-5.612233429524299e-06,-5.6122334346105085e-06,-5.612233432261693e-06,0.9999999980668872,6.217897997390339e-05,0.9999999980668873,6.219304249900924e-05,2.610392045608698e-12,1.0,2.6129790639793676e-12,6.219304079869749e-05,6.219304079869749e-05,0.0,0.0,0.0,0.0007837801523334169,-5.196086747227824e-05,0.00017505729296019013,-2.3707794643279545e-05,-1.4210854715202004e-14,6.217897733345974e-05,6.217897994385165e-05,2.6103919165102985e-12,0.0014439764724128376,0.0008008634759574094,1.961703621352571e-07,-0.0007813092816491007,-2.5144390463083255e-06
D3_100P_lam1,345.0,52.931750973502545,1.0,-0.000783897183543599,-0.000783897183543599,6.1007106871356525e-05,-5.5282170816975396e-06,-5.5282170872625325e-06,-5.528217084820042e-06,0.9999999981390667,6.100710853872267e-05,0.9999999981390665,6.102119277725196e-05,2.5283183555330553e-12,1.0000000000000002,2.5309743243507167e-12,6.1021191107779745e-05,6.1021191107779745e-05,0.0,0.0,0.0,0.0007862681099885629,-5.1371201919447884e-05,0.0001709679782884166,-2.311837901108893e-05,7.105427357601002e-15,6.100710598202039e-05,6.100710851033892e-05,2.528318527857989e-12,0.0014439789857493878,0.0008008650991839512,1.8448544977680223e-07,-0.0007838971835667508,-2.4735506087836256e-06
D3_100P_lam1,346.0,53.08517633864314,1.0,-0.000786256382865313,-0.000786256382865313,5.989282089441018e-05,-5.416087806353609e-06,-5.416087812393916e-06,-5.416087809257536e-06,0.9999999982064253,5.9892822536797566e-05,0.9999999982064249,5.990372061739018e-05,2.5946809743516493e-12,1.0,2.5962284871516823e-12,5.990371897359123e-05,5.990371897359123e-05,0.0,0.0,0.0,0.0007885345995696033,-5.0676902032642523e-05,0.00016696626640877454,-2.2528359104601048e-05,-7.105427357601002e-15,5.98928199152636e-05,5.9892822509944155e-05,2.5946805526228067e-12,0.0014439818503769574,0.000800866821886386,1.7572884791197772e-07,-0.000786256382866668,-2.286033492282513e-06
D3_100P_lam1,347.0,53.23860170378372,1.0,-0.000788469250544279,-0.000788469250544279,5.8707922915941416e-05,-5.26295848390923e-06,-5.262958489588715e-06,-5.262958486840913e-06,0.9999999982766898,5.8707924524718276e-05,0.9999999982766896,5.8720038750583e-05,2.5646716766505654e-12,1.0000000000000002,2.566842955754428e-12,5.872003713998942e-05,5.872003713998942e-05,0.0,0.0,0.0,0.0007906522788042574,-4.9637073858965763e-05,0.0001626043403786248,-2.1933741656321448e-05,-7.105427357601002e-15,5.870792193475517e-05,5.870792449942683e-05,2.5646716625087132e-12,0.0014439855647043318,0.0008008689032841992,1.6751614798697728e-07,-0.0007884692505513158,-2.3128494603952277e-06
D3_100P_lam1,348.0,53.39202706892431,1.0,-0.0007908820818115954,-0.0007908820818115954,5.7565006454256246e-05,-5.0992766910638865e-06,-5.099276696615002e-06,-5.099276694248839e-06,0.999999998343135,5.756500803169352e-05,0.9999999983431348,5.757902841635995e-05,2.5038793199327526e-12,1.0,2.5067882128564052e-12,5.757902683664724e-05,5.757902683664724e-05,0.0,0.0,0.0,0.0007929747677239651,-4.783527078511263e-05,0.00015819267348948785,-2.1342347184982735e-05,0.0,5.756500550396973e-05,5.756500800784989e-05,2.5038801593397954e-12,0.0014439909097704738,0.0008008714170602015,1.5968252099460167e-07,-0.0007908820817874584,-2.3696247239968216e-06
D3_100P_lam1,349.0,53.5454524340649,1.0,-0.0007932084999619007,-0.0007932084999619007,5.6493096597754e-05,-4.917254321421677e-06,-4.9172543277603564e-06,-4.917254324502546e-06,0.999999998404265,5.649309814998932e-05,0.999999998404265,5.650422938247362e-05,2.538563436085585e-12,0.9999999999999999,2.5403007589119724e-12,5.650422782867908e-05,5.650422782867908e-05,0.0,0.0,0.0,0.0007952180276762188,-4.507664200148476e-05,0.00015393129297436303,-2.076123051264478e-05,-7.105427357601002e-15,5.649309558888864e-05,5.649309812745295e-05,2.538564310140678e-12,0.0014439977856457455,0.000800874280602949,1.530054046860177e-07,-0.0007932084999993094,-2.212516761801453e-06
D3_100P_lam1,350.0,53.69887779920548,1.0,-0.000795307115294577,-0.000795307115294577,5.535932191289751e-05,-4.721845275980352e-06,-4.721845281781267e-06,-4.721845278731623e-06,0.9999999984676728,5.535932343269448e-05,0.9999999984676726,5.53702805360735e-05,2.5098468795077188e-12,1.0,2.511638572873452e-12,5.537027901469693e-05,5.537027901469693e-05,0.0,0.0,0.0,0.0007972318003266062,-4.25069650167309e-05,0.00014942156907427062,-2.0191703963667873e-05,0.0,5.535932090164141e-05,5.535932341148695e-05,2.5098455442724804e-12,0.0014440044548631695,0.0008008772328820716,1.4795474395487467e-07,-0.0007953071153110614,-2.179531435331228e-06
D3_100P_lam1,351.0,53.85230316434607,1.0,-0.0007975675628868833,-0.0007975675628868833,5.42213090169133e-05,-4.525355928028385e-06,-4.52535593358297e-06,-4.525355931116193e-06,0.9999999985300249,5.422131050437465e-05,0.9999999985300249,5.423517109780314e-05,2.4920009612648655e-12,1.0000000000000004,2.4948861693295847e-12,5.423516960801561e-05,5.423516960801561e-05,0.0,0.0,0.0,0.000799408941327678,-4.0594739037724814e-05,0.0001448143511715294,-1.9641921437330012e-05,-7.105427357601002e-15,5.422130799244898e-05,5.422131048444936e-05,2.4920003736447818e-12,0.001444010036987102,0.000800879764080252,1.4356510087183878e-07,-0.0007975675628699719,-2.284153850951043e-06
D3_100P_lam1,352.0,54.00572852948666,1.0,-0.0007998754230373629,-0.0007998754230373629,5.316940847202419e-05,-4.316321220571712e-06,-4.316321227135905e-06,-4.3163212235936e-06,0.9999999985865069,5.316940993474515e-05,0.9999999985865069,5.3181305743373406e-05,2.487215970860476e-12,0.9999999999999999,2.489303007322736e-12,5.318130427882954e-05,5.318130427882954e-05,0.0,0.0,0.0,0.0008016409345513597,-3.932512206372696e-05,0.0001404317279161127,-1.9120925013493828e-05,0.0,5.316940742874116e-05,5.3169409915957445e-05,2.4872162853287723e-12,0.0014440138805827311,0.0008008817364241541,1.3958515519190285e-07,-0.0007998754230129634,-2.169737143731254e-06
D3_100P_lam1,353.0,54.159153894627245,1.0,-0.0008019070371752563,-0.0008019070371752563,5.206582799945616e-05,-4.101348177992792e-06,-4.101348184265552e-06,-4.10134818082733e-06,0.9999999986445746,5.2065829430409185e-05,0.999999998644575,5.2075791301029684e-05,2.4448916043481244e-12,1.0,2.4464547594316715e-12,5.2075789868638424e-05,5.2075789868638424e-05,0.0,0.0,0.0,0.0008035957273243815,-3.889148935976028e-05,0.00013592425382968898,-1.862941621894043e-05,0.0,5.206582696787409e-05,5.206582941276634e-05,2.4448922489796733e-12,0.0014440160991186703,0.0008008832164472886,1.4013856304897154e-07,-0.0008019070371574344,-2.0456697598092433e-06
D3_100P_lam1,354.0,54.31257925976783,1.0,-0.0008039667625203479,-0.0008039667625203479,5.0935574215978666e-05,-3.887337096067367e-06,-3.887337101587257e-06,-3.887337099064969e-06,0.9999999987027837,5.093557561296222e-05,0.9999999987027836,5.0948089453019516e-05,2.472459968792399e-12,1.0,2.475061663779304e-12,5.0948088053865496e-05,5.0948088053865496e-05,0.0,0.0,0.0,0.0008055789822156764,-3.861634921664692e-05,0.0001312784534599487,-1.816701599383075e-05,0.0,5.093557312398378e-05,5.093557559644368e-05,2.4724599081058676e-12,0.0014440177540578697,0.0008008842913863887,1.463206911077977e-07,-0.0008039667625325819,-2.128396744183192e-06
D3_100P_lam1,355.0,54.46600462490842,1.0,-0.0008061638306368558,-0.0008061638306368558,4.9928228162139505e-05,-3.6741472852624968e-06,-3.6741472921458795e-06,-3.674147288641738e-06,0.9999999987535863,4.992822953518531e-05,0.999999998753586,4.994034825735664e-05,2.441594131770928e-12,1.0,2.444080306446253e-12,4.994034688222389e-05,4.994034688222389e-05,0.0,0.0,0.0,0.0008077087397590453,-3.839712165898401e-05,0.0001269492360793656,-1.773527064330427e-05,0.0,4.992822707803534e-05,4.9928229519626056e-05,2.4415907158876297e-12,0.0014440188997951885,0.0008008852089259638,1.5243491843276382e-07,-0.0008061638306458008,-2.0767185446857184e-06
D3_100P_lam1,356.0,54.61942999004901,1.0,-0.0008081201996453405,-0.0008081201996453405,4.8887660652737243e-05,-3.474002438184909e-06,-3.4740024449676776e-06,-3.4740024412519e-06,0.9999999988049983,4.8887661994499435e-05,0.9999999988049983,4.889675588303619e-05,2.37260862143364e-12,0.9999999999999999,2.3741455682218876e-12,4.889675453987773e-05,4.889675453987773e-05,0.0,0.0,0.0,0.0008095977376121386,-3.822211276349741e-05,0.00012265364014885094,-1.7333407880459895e-05,0.0,4.888765960728503e-05,4.8887661979893924e-05,2.372608892217507e-12,0.0014440199644843476,0.0008008860082151956,1.5898171697885612e-07,-0.0008081201996219534,-1.8995625907791691e-06
D3_100P_lam1,357.0,54.77285535518959,1.0,-0.0008099629558547439,-0.0008099629558547439,4.7799556715204624e-05,-3.2897833513630126e-06,-3.289783356869025e-06,-3.2897833542426536e-06,0.9999999988576013,4.77995580209113e-05,0.9999999988576012,4.78100707040432e-05,2.428215240904209e-12,1.0000000000000002,2.430404883650215e-12,4.781006939646146e-05,4.781006939646146e-05,0.0,0.0,0.0,0.0008113723544171597,-3.783887043284917e-05,0.0001181791108311181,-1.69553597119676e-05,0.0,4.779955557904537e-05,4.7799558007260015e-05,2.4282146477949526e-12,0.0014440211266033849,0.0008008866918240025,1.6549167100312765e-07,-0.0008099629558273591,-1.9309086098928674e-06
D3_100P_lam1,358.0,54.92628072033018,1.0,-0.0008119820168576121,-0.0008119820168576121,4.684373399659329e-05,-3.129721359074189e-06,-3.1297213657528744e-06,-3.1297213623840414e-06,0.9999999989028323,4.6843735278713775e-05,0.9999999989028322,4.685552003020633e-05,2.4028921993438573e-12,0.9999999999999999,2.405660654023766e-12,4.685551874582575e-05,4.685551874582575e-05,0.0,0.0,0.0,0.0008133323458736344,-3.773061353640195e-05,0.00011405980518119918,-1.6595498970317646e-05,0.0,4.684373286297132e-05,4.684373526586349e-05,2.4028921702740127e-12,0.0014440217249786784,0.0008008872579671908,1.6441636205456742e-07,-0.0008119820168417391,-1.95215056919551e-06
D3_100P_lam1,359.0,55.07970608547077,1.0,-0.0008138672569916571,-0.0008138672569916571,4.586818253155003e-05,-2.997919200681959e-06,-2.9979192074092165e-06,-2.997919203617111e-06,0.9999999989480549,4.5868183783804976e-05,0.9999999989480549,4.58768384879511e-05,2.2986670901050045e-12,0.9999999999999998,2.300382660274019e-12,4.587683723420826e-05,4.587683723420826e-05,0.0,0.0,0.0,0.0008151588605953915,-3.798608245719759e-05,0.0001101022516567518,-1.625386421361119e-05,-1.4210854715202004e-14,4.5868181473074396e-05,4.586818377174225e-05,2.2986678527480143e-12,0.001444021621250138,0.0008008875488336052,1.6080197236406979e-07,-0.0008138672569657501,-1.7711347481963458e-06
D3_100P_lam1,360.0,55.23313145061135,1.0,-0.0008155242863523226,-0.0008155242863523226,4.481339005978034e-05,-2.8687121504840374e-06,-2.8687121561739304e-06,-2.868712153623887e-06,0.9999999989958798,4.481339127407231e-05,0.9999999989958799,4.482185554535604e-05,2.3579180735679418e-12,1.0000000000000002,2.359710052764341e-12,4.482185432950677e-05,4.482185432950677e-05,0.0,0.0,0.0,0.0008167547017025236,-3.844578697054235e-05,0.00010586535966483623,-1.5923016134400392e-05,-1.4210854715202004e-14,4.481338890490783e-05,4.481339126282593e-05,2.3579181021432858e-12,0.001444020910826385,0.000800887605040007,1.582851216720998e-07,-0.0008155242863381318,-1.7232443383363716e-06
D3_100P_lam1,361.0,55.386556815751945,1.0,-0.0008173137456040951,-0.0008173137456040951,4.387873195339855e-05,-2.743485825865144e-06,-2.7434858324119904e-06,-2.7434858291125463e-06,0.9999999990373287,4.3878733143582765e-05,0.9999999990373285,4.388936844654907e-05,2.367688907181757e-12,1.0,2.370485737703353e-12,4.388936725412606e-05,4.388936725412606e-05,0.0,0.0,0.0,0.0008184908988201928,-3.912375728398754e-05,0.00010190346760108326,-1.55900634192796e-05,-7.105427357601002e-15,4.3878730765332065e-05,4.38787331330225e-05,2.3676904335785058e-12,0.0014440199659321912,0.0008008876565402267,1.5254490508897408e-07,-0.0008173137456424229,-1.787802915487191e-06
D3_100P_lam1,362.0,55.53998218089253,1.0,-0.000819099892142061,-0.000819099892142061,4.295942708369103e-05,-2.6316077376929703e-06,-2.631607744777581e-06,-2.6316077406385308e-06,0.9999999990772439,4.295942824717086e-05,0.9999999990772436,4.296786181349785e-05,2.2387329281334088e-12,1.0,2.2407998408248656e-12,4.296786064834039e-05,4.296786064834039e-05,0.0,0.0,0.0,0.0008202257375031875,-3.952773050719394e-05,9.820176703945194e-05,-1.5255380887868597e-05,0.0,4.295942599852786e-05,4.295942823726001e-05,2.2387321505982355e-12,0.0014440195244160036,0.0008008878178129921,1.4906835405081473e-07,-0.0008190998921691062,-1.6503988433669292e-06
D3_100P_lam1,363.0,55.693407546033114,1.0,-0.0008206145433280309,-0.0008206145433280309,4.192688171368943e-05,-2.5117177944802838e-06,-2.511717800357527e-06,-2.5117177972176774e-06,0.9999999991210683,4.192688283782664e-05,0.9999999991210685,4.1933707747532916e-05,2.2686557690430347e-12,1.0000000000000002,2.270209452327894e-12,4.193370662206498e-05,4.193370662206498e-05,0.0,0.0,0.0,0.0008216849250434317,-3.937119458552463e-05,9.414273389030114e-05,-1.4915880526489289e-05,0.0,4.1926880559960564e-05,4.192688282861637e-05,2.2686558055209683e-12,0.0014440199257670526,0.000800888142857001,1.5004893172988716e-07,-0.0008206145433291567,-1.5322044930599077e-06
D3_100P_lam1,364.0,55.846832911173706,1.0,-0.0008221643011216628,-0.0008221643011216628,4.098570797287843e-05,-2.3944400500443275e-06,-2.394440056233821e-06,-2.394440053014174e-06,0.9999999991600862,4.098570907109784e-05,0.9999999991600859,4.099471210623845e-05,2.3302822862324723e-12,1.0000000000000002,2.332831318452542e-12,4.0994711005974936e-05,4.0994711005974936e-05,0.0,0.0,0.0,0.0008231853281233352,-3.933546985857017e-05,9.023795274565316e-05,-1.455610083139769e-05,0.0,4.098570673221097e-05,4.098570906249341e-05,2.3302824362889985e-12,0.0014440205031642373,0.0008008887369533867,1.4996996243638585e-07,-0.000822164301155226,-1.607149897608906e-06
D3_100P_lam1,365.0,56.00025827631429,1.0,-0.0008238288431277002,-0.0008238288431277002,4.010286261441806e-05,-2.292761758480172e-06,-2.29276176526641e-06,-2.292761761221035e-06,0.9999999991958803,4.0102863690262494e-05,0.9999999991958803,4.011130758451885e-05,2.2051804434939708e-12,1.0000000000000002,2.207649521116734e-12,4.011130650676398e-05,4.011130650676398e-05,0.0,0.0,0.0,0.0008248043899254351,-3.9300944354558887e-05,8.671354462785885e-05,-1.4177504922496809e-05,0.0,4.010286147701843e-05,4.010286368219887e-05,2.2051804434939708e-12,0.0014440214904265923,0.0008008895280478409,1.469641223755176e-07,-0.0008238288431243745,-1.5507716852880549e-06
D3_100P_lam1,366.0,56.153683641454876,1.0,-0.0008252658445387324,-0.0008252658445387324,3.906551225042931e-05,-2.1826290022598782e-06,-2.1826290081475297e-06,-2.1826290052366637e-06,0.999999999236943,3.9065513286269675e-05,0.9999999992369427,3.907150451181851e-05,2.1707377993340276e-12,1.0,2.1722681765138202e-12,3.907150347470903e-05,3.907150347470903e-05,0.0,0.0,0.0,0.000826189924209456,-3.84776800493869e-05,8.283273701570337e-05,-1.3785787917441894e-05,0.0,3.906551110807842e-05,3.906551327881628e-05,2.170737861679016e-12,0.0014440236266146814,0.0008008905342016129,1.4121759544110943e-07,-0.0008252658445258021,-1.395153645944447e-06
D3_100P_lam1,367.0,56.30710900659547,1.0,-0.0008266191504524295,-0.0008266191504524295,3.8071464479594064e-05,-2.0740705704673512e-06,-2.074070576379289e-06,-2.074070573811898e-06,0.9999999992752815,3.807146548605898e-05,0.9999999992752816,3.8078845199730235e-05,2.2843844159014843e-12,1.0000000000000002,2.286545173053377e-12,3.807884419150679e-05,3.807884419150679e-05,0.0,0.0,0.0,0.0008274954175940704,-3.751263387374859e-05,7.895490566989238e-05,-1.3367719649048926e-05,0.0,3.8071463194775574e-05,3.80714654791597e-05,2.2843841280721447e-12,0.0014440262911241159,0.0008008919032107949,1.341141271702096e-07,-0.0008266191504162634,-1.4377462207448843e-06
D3_100P_lam1,368.0,56.46053437173605,1.0,-0.0008281413369562416,-0.0008281413369562416,3.7181309345040965e-05,-1.9967817191483828e-06,-1.996781725740332e-06,-1.9967817219725126e-06,0.999999999308775,3.7181310333447804e-05,0.999999999308775,3.718972375112968e-05,2.195445980234053e-12,0.9999999999999999,2.198191626489683e-12,3.7189722760614046e-05,3.7189722760614046e-05,0.0,0.0,0.0,0.0008289756129189125,-3.672727637349382e-05,7.557071395192239e-05,-1.2924436588790389e-05,0.0,3.718130813157733e-05,3.718131032702349e-05,2.195446165815759e-12,0.0014440291331592563,0.0008008934143218091,1.2829529164032996e-07,-0.0008281413369672919,-1.459562298578021e-06
D3_100P_lam1,369.0,56.61395973687664,1.0,-0.0008295382749998136,-0.0008295382749998136,3.610806407438458e-05,-1.923848796676203e-06,-1.923848802730388e-06,-1.9238487996044162e-06,0.9999999993481037,3.6108065023480524e-05,0.9999999993481038,3.6113902969331175e-05,2.0823304829391955e-12,1.0000000000000002,2.0840558644502588e-12,3.6113902018867095e-05,3.6113902018867095e-05,0.0,0.0,0.0,0.0008303237178508222,-3.5711671182214744e-05,7.19132497635222e-05,-1.2469834452188966e-05,0.0,3.610806293526591e-05,3.610806501759634e-05,2.0823304300970024e-12,0.0014440320943806836,0.0008008948949742976,1.265727669677637e-07,-0.0008295382750134195,-1.3039516204571555e-06
D3_100P_lam1,370.0,56.76738510201723,1.0,-0.000830749240199881,-0.000830749240199881,3.5032712045001085e-05,-1.839510929264182e-06,-1.839510935287142e-06,-1.8395109324283176e-06,0.9999999993863543,3.503271296031902e-05,0.9999999993863543,3.503868032858794e-05,2.2213931261607584e-12,1.0,2.2231789974655546e-12,3.503867941177934e-05,3.503867941177934e-05,0.0,0.0,0.0,0.0008314875358865966,-3.496677717162999e-05,6.807340765568881e-05,-1.1995421274335616e-05,-7.105427357601002e-15,3.503271073355154e-05,3.503271295494627e-05,2.221394729635209e-12,0.001444034832534327,0.0008008965283213118,1.2999064116379416e-07,-0.0008307492402082062,-1.282404582525487e-06
D3_100P_lam1,371.0,56.920810467157814,1.0,-0.0008321030841728021,-0.0008321030841728021,3.411636296590179e-05,-1.7695247824627003e-06,-1.7695247891344468e-06,-1.7695247852660134e-06,0.9999999994180367,3.4116363866617504e-05,0.9999999994180367,3.4124369942280186e-05,2.1998699257512286e-12,0.9999999999999999,2.2026333783645505e-12,3.412436903938863e-05,3.412436903938863e-05,0.0,0.0,0.0,0.0008328021750164904,-3.416329459104972e-05,6.476226675378172e-05,-1.1498976574098041e-05,-7.105427357601002e-15,3.411636166178512e-05,3.411636386165522e-05,2.199870099832178e-12,0.0014440382392269658,0.0008008984021512555,1.3406413578615604e-07,-0.0008321030841784705,-1.357034506099808e-06
D3_100P_lam1,372.0,57.0742358322984,1.0,-0.0008334633092579413,-0.0008334633092579413,3.3020584570775296e-05,-1.6845895163299096e-06,-1.6845895225159335e-06,-1.6845895192962868e-06,0.9999999994548207,3.302058543442021e-05,0.9999999994548203,3.302683567314991e-05,2.0233712282422737e-12,1.0000000000000002,2.0254682964259833e-12,3.302683480787376e-05,3.302683480787376e-05,0.0,0.0,0.0,0.0008341171215143306,-3.228283577483282e-05,6.131345422000223e-05,-1.0998969273534609e-05,0.0,3.302058340654916e-05,3.302058542991994e-05,2.0233707800260263e-12,0.0014440432109872506,0.0008009005733449403,1.350172169740226e-07,-0.0008334633092204058,-1.2499073989147291e-06
D3_100P_lam1,373.0,57.22766119743899,1.0,-0.0008346028989428565,-0.0008346028989428565,3.187588970485848e-05,-1.5723263162049916e-06,-1.572326321867129e-06,-1.572326319188716e-06,0.9999999994919638,3.187589052990593e-05,0.9999999994919639,3.1881044794053756e-05,2.13586451463695e-12,0.9999999999999999,2.1374275355665266e-12,3.1881043967668795e-05,3.1881043967668795e-05,0.0,0.0,0.0,0.0008352113262164989,-2.992492998121765e-05,5.751510958162953e-05,-1.0495089887707643e-05,-7.105427357601002e-15,3.18758883899918e-05,3.187589052585697e-05,2.1358651702926544e-12,0.00144404902877459,0.000800903063570363,1.3599711346747797e-07,-0.0008346028989762999,-1.1675362827645586e-06
D3_100P_lam1,374.0,57.381086562579576,1.0,-0.0008357983817671014,-0.0008357983817671014,3.092052991900579e-05,-1.4722175950658556e-06,-1.4722176015398436e-06,-1.4722175981397856e-06,0.9999999995219605,3.092053073068301e-05,0.9999999995219605,3.0927839522581075e-05,2.2081602721836846e-12,0.9999999999999999,2.2106631881161005e-12,3.0927838708811945e-05,3.0927838708811945e-05,0.0,0.0,0.0,0.0008363701065745358,-2.8001961483448135e-05,5.421336314803682e-05,-9.982254842555438e-06,0.0,3.092052851882666e-05,3.0920530726987025e-05,2.208160363181234e-12,0.0014440544676529476,0.0008009055375772345,1.3704215625524803e-07,-0.0008357983817859349,-1.249679371539969e-06
D3_100P_lam1,375.0,57.53451192772016,1.0,-0.0008371022577029359,-0.0008371022577029359,2.9806811968913708e-05,-1.3621924373520555e-06,-1.3621924438746158e-06,-1.3621924403531271e-06,0.9999999995557772,2.9806812747285026e-05,0.9999999995557772,2.9813708127208276e-05,2.0052690989680573e-12,1.0,2.0077738871812877e-12,2.9813707346860796e-05,2.9813707346860796e-05,0.0,0.0,0.0,0.0008376327095793803,-2.6640292012047873e-05,5.097969276901537e-05,-9.477942725266697e-06,-7.105427357601002e-15,2.980681073870599e-05,2.980681274397499e-05,2.00526900017905e-12,0.0014440586110724565,0.0008009075970386581,1.3502109110754983e-07,-0.0008371022577193798,-1.2039778596317774e-06
D3_100P_lam1,376.0,57.687937292860745,1.0,-0.0008382063375066837,-0.0008382063375066837,2.8603347726131404e-05,-1.2305237110724065e-06,-1.2305237170120997e-06,-1.2305237142087866e-06,0.999999999590924,2.860334846171784e-05,0.9999999995909241,2.860805168802652e-05,2.031727409876143e-12,0.9999999999999998,2.033278701599459e-12,2.860805095111847e-05,2.860805095111847e-05,0.0,0.0,0.0,0.0008386941508392924,-2.5954037825792753e-05,4.73096824276098e-05,-8.987484406586255e-06,0.0,2.8603346427062225e-05,2.8603348458790364e-05,2.031728137619657e-12,0.0014440612595842573,0.0008009092108529611,1.3515846869427556e-07,-0.0008382063375051985,-1.064895798208454e-06
D3_100P_lam1,377.0,57.84136265800134,1.0,-0.0008392320493178778,-0.0008392320493178778,2.7622994918500173e-05,-1.1148428607360428e-06,-1.114842867001864e-06,-1.1148428639869146e-06,0.999999999618485,2.7622995639589712e-05,0.999999999618485,2.7628913769072002e-05,2.2094637069750695e-12,1.0000000000000002,2.2115505248136494e-12,2.762891304614678e-05,2.762891304614678e-05,0.0,0.0,0.0,0.0008396864562551733,-2.5826334127287964e-05,4.404280042091813e-05,-8.499669616857108e-06,0.0,2.762299342749203e-05,2.7622995636955738e-05,2.2094637069750695e-12,0.0014440630709389648,0.0008009106245529078,1.3883061079339265e-07,-0.0008392320493157968,-1.0966910792831186e-06
D3_100P_lam1,378.0,57.99478802314192,1.0,-0.0008403997196593198,-0.0008403997196593198,2.6554610392385826e-05,-9.972266845729993e-07,-9.972266914702599e-07,-9.972266877891767e-07,0.999999999647426,2.6554611084857673e-05,0.999999999647426,2.6561556524228704e-05,2.0246269679184497e-12,0.9999999999999999,2.0273969047167368e-12,2.656155582951736e-05,2.656155582951736e-05,0.0,0.0,0.0,0.0008408190851825598,-2.5325161496669857e-05,4.109190277823416e-05,-8.023100359022539e-06,0.0,2.655460905788816e-05,2.6554611082516718e-05,2.0246285585091835e-12,0.0014440654722232852,0.0008009120689382163,1.398741799178516e-07,-0.0008403997196637647,-1.1131590156310267e-06
D3_100P_lam1,379.0,58.14821338828251,1.0,-0.0008414583673269016,-0.0008414583673269016,2.5376394572062187e-05,-8.536688219061561e-07,-8.53668828192794e-07,-8.536688252576419e-07,0.9999999996780191,2.5376395219074636e-05,0.9999999996780192,2.5380978120449406e-05,1.9253690821396178e-12,1.0,1.9271470646999973e-12,2.538097747198077e-05,2.538097747198077e-05,0.0,0.0,0.0,0.0008418408366384897,-2.386892359051984e-05,3.771993724255296e-05,-7.5671928371212616e-06,0.0,2.5376393291661695e-05,2.5376395217030176e-05,1.925368481669758e-12,0.0014440691725221048,0.0008009137352375867,1.428673682442506e-07,-0.0008414583673470588,-9.72566851942247e-07
D3_100P_lam1,380.0,58.3016387534231,1.0,-0.0008423448533855991,-0.0008423448533855991,2.442218378901888e-05,-7.109455348076887e-07,-7.109455410075904e-07,-7.109455382389718e-07,0.9999999997017786,2.442218441834477e-05,0.9999999997017782,2.442676029893989e-05,2.1892578165959608e-12,1.0,2.190960951675993e-12,2.442675966805896e-05,2.442675966805896e-05,0.0,0.0,0.0,0.000842698724795691,-2.225723838700233e-05,3.458222605656758e-05,-7.120580068298299e-06,0.0,2.442218222726611e-05,2.4422184416524072e-05,2.1892579604118394e-12,0.0014440732721535678,0.0008009155845109632,1.4935382797217935e-07,-0.0008423448533676492,-9.458524345973274e-07
D3_100P_lam1,381.0,58.45506411856368,1.0,-0.0008433500722074594,-0.0008433500722074594,2.3431624984549993e-05,-5.747848508368125e-07,-5.747848580948955e-07,-5.74784854046051e-07,0.9999999997254796,2.3431625590068416e-05,0.9999999997254797,2.3438223113646934e-05,2.071352845006377e-12,1.0000000000000002,2.0740755089108155e-12,2.3438222505779292e-05,2.3438222505779292e-05,0.0,0.0,0.0,0.0008436754450113148,-2.1186214244073298e-05,3.1966321195397995e-05,-6.684818457225461e-06,0.0,2.3431623517106554e-05,2.3431625588459395e-05,2.0713528407987657e-12,0.001444076633786516,0.000800917247646537,1.500388601655435e-07,-0.0008433500722162535,-1.0108838637279405e-06
D3_100P_lam1,382.0,58.60848948370427,1.0,-0.0008443666211352788,-0.0008443666211352788,2.230844137905451e-05,-4.372551381144618e-07,-4.3725514461273596e-07,-4.3725514119880016e-07,0.9999999997511667,2.230844193928385e-05,0.9999999997511669,2.231338518624242e-05,1.835659388195617e-12,1.0,1.8378593108728905e-12,2.2313384624243677e-05,2.2313384624243677e-05,0.0,0.0,0.0,0.0008446611749475244,-2.0562767484855193e-05,2.90480136020399e-05,-6.2733574323070584e-06,0.0,2.2308440102236827e-05,2.2308441937896215e-05,1.835659388195617e-12,0.0014440788267974358,0.0008009185054656662,1.4734488329552162e-07,-0.0008443666210951051,-9.079370215658855e-07
D3_100P_lam1,383.0,58.76191484884486,1.0,-0.0008451659462655429,-0.0008451659462655429,2.1368915485406134e-05,-3.177926084681204e-07,-3.1779261438352746e-07,-3.177926118300145e-07,0.9999999997716846,2.136891602299625e-05,0.9999999997716849,2.137244726800518e-05,2.1402124514747104e-12,1.0,2.141671950439635e-12,2.1372446729065074e-05,2.1372446729065074e-05,0.0,0.0,0.0,0.0008454359454475503,-2.0291081332168837e-05,2.617198228138662e-05,-5.8777695595146895e-06,-7.105427357601002e-15,2.1368913881563384e-05,2.1368916021775803e-05,2.1402124198579472e-12,0.00144408020893448,0.0008009194971277779,1.4630110967675e-07,-0.0008451659462593852,-8.088973402209376e-07
D3_100P_lam1,384.0,58.915340213985445,1.0,-0.0008459844157839079,-0.0008459844157839079,2.0461110404746674e-05,-2.2598529383216492e-07,-2.259853008647339e-07,-2.2598529724610072e-07,0.9999999997906712,2.046111092268864e-05,0.9999999997906713,2.046651891648408e-05,2.1322935602534785e-12,1.0,2.134696967532108e-12,2.046651839635128e-05,2.046651839635128e-05,0.0,0.0,0.0,0.0008462317238407184,-2.0183442249077643e-05,2.3955181821300187e-05,-5.489781774836722e-06,-7.105427357601002e-15,2.046110878932353e-05,2.0461110921617092e-05,2.1322935602534785e-12,0.0014440813882349716,0.0008009203982916103,1.4388738191749953e-07,-0.000845984415775547,-8.692286712630448e-07
D3_100P_lam1,385.0,59.06876557912603,1.0,-0.0008469044035849953,-0.0008469044035849953,1.942255528251276e-05,-1.4715367019010883e-07,-1.471536769277748e-07,-1.47153673482614e-07,0.9999999998113823,1.9422555757588348e-05,0.9999999998113823,1.9427706515425854e-05,1.772598517095931e-12,1.0000000000000002,1.7752916581422063e-12,1.942770603822437e-05,1.942770603822437e-05,0.0,0.0,0.0,0.0008471269920049215,-1.9827642912306764e-05,2.1629840830428293e-05,-5.120097163524573e-06,-1.4210854715202004e-14,1.9422553984074388e-05,1.9422555756672363e-05,1.772597974576139e-12,0.0014440827379392735,0.0008009212242124144,1.4256558212455522e-07,-0.0008469044036019113,-8.252538066244597e-07
D3_100P_lam1,386.0,59.22219094426662,1.0,-0.0008476349233818711,-0.0008476349233818711,1.8509321328343154e-05,-7.61171482475953e-08,-7.611715406932729e-08,-7.611715157826437e-08,0.9999999998287025,1.8509321775142195e-05,0.9999999998287025,1.851210986713014e-05,2.0728440653243163e-12,1.0000000000000002,2.0742762789405287e-12,1.8512109419066484e-05,1.8512109419066484e-05,0.0,0.0,0.0,0.0008478368872809592,-1.9340361529618377e-05,1.913021310784302e-05,-4.764263083267828e-06,0.0,1.850931970150299e-05,1.8509321774347054e-05,2.0728440618197766e-12,0.0014440840725818166,0.0008009220070957658,1.4396245840077988e-07,-0.0008476349233887959,-6.81123026424757e-07
D3_100P_lam1,387.0,59.37561630940721,1.0,-0.0008482666496260619,-0.0008482666496260619,1.7683754873186918e-05,-3.1707194429048124e-08,-3.170720138875871e-08,-3.1707197502978124e-08,0.9999999998436424,1.7683755303209472e-05,0.9999999998436424,1.7687496467514887e-05,2.184448584462162e-12,0.9999999999999999,2.186404442236628e-12,1.768749603568334e-05,1.768749603568334e-05,0.0,0.0,0.0,0.0008484508537670684,-1.9348320666301433e-05,1.7282256955741815e-05,-4.407500860559299e-06,-7.105427357601002e-15,1.7683753118070006e-05,1.76837553025182e-05,2.184448191171601e-12,0.001444084896641443,0.000800922799589323,1.417210889826297e-07,-0.0008482666496547608,-7.027851438579091e-07
D3_100P_lam1,388.0,59.52904167454779,1.0,-0.000849040493668877,-0.000849040493668877,1.6720483383038796e-05,-6.07352189374577e-09,-6.0735288812119315e-09,-6.073524880939596e-09,0.9999999998602124,1.672048377462103e-05,0.9999999998602129,1.672549221979322e-05,1.7430546239136826e-12,1.0000000000000002,1.7461181698166532e-12,1.6725491825796828e-05,1.6725491825796828e-05,0.0,0.0,0.0,0.0008492050184854545,-1.9352976470154992e-05,1.552826085893244e-05,-4.05650969853566e-06,0.0,1.6720482030980055e-05,1.6720483774034737e-05,1.7430546809991714e-12,0.0014440857918414341,0.0008009235510310974,1.3308432581318407e-07,-0.0008490404936765117,-7.270302262440964e-07
D3_100P_lam1,389.0,59.68246703968838,1.0,-0.0008497207100781979,-0.0008497207100781979,1.5811170112212865e-05,2.9696232087955687e-08,2.9696226276632043e-08,2.9696228948106196e-08,0.9999999998750033,1.581117047102083e-05,0.9999999998750031,1.5813723405581815e-05,2.007123398349208e-12,1.0000000000000002,2.008742478579872e-12,1.5813723045380258e-05,1.5813723045380258e-05,0.0,0.0,0.0,0.0008498677015814378,-1.8782337820377748e-05,1.3411117320671906e-05,-3.713427806528724e-06,0.0,1.5811168463403253e-05,1.581117047052661e-05,2.007123357701857e-12,0.001444087307700241,0.0008009243831831325,1.210974292350505e-07,-0.000849720710107249,-5.864842478331411e-07
D3_100P_lam1,390.0,59.83589240482897,1.0,-0.0008502134621389244,-0.0008502134621389244,1.5008156850873431e-05,5.7304761831578066e-08,5.730475512166766e-08,5.7304758667442446e-08,0.9999999998873776,1.5008157194404596e-05,0.9999999998873776,1.5010492169430462e-05,2.2030184606826413e-12,1.0,2.2045888009636255e-12,1.5010491824485225e-05,1.5010491824485225e-05,0.0,0.0,0.0,0.0008503458184655157,-1.8379343716290464e-05,1.1816565507416499e-05,-3.363372382825247e-06,0.0,1.5008154990962741e-05,1.5008157193981989e-05,2.203019246900399e-12,0.0014440889490742617,0.0008009254450858336,1.088690490254456e-07,-0.000850213462172178,-5.518087391465087e-07
D3_100P_lam1,391.0,59.98931776996955,1.0,-0.000850824327537177,-0.000850824327537177,1.4072251912956004e-05,7.014249477424461e-08,7.014248771738951e-08,7.014249189460364e-08,0.9999999999009859,1.4072252223982726e-05,0.9999999999009858,1.4076816625669642e-05,1.7549969470846172e-12,1.0000000000000002,1.75808174182196e-12,1.4076816312093041e-05,1.4076816312093041e-05,0.0,0.0,0.0,0.0008509405912247207,-1.7971936598693006e-05,1.052253650568602e-05,-3.0099785490178554e-06,0.0,1.4072250468640215e-05,1.4072252223635712e-05,1.7549954970524987e-12,0.0014440909757240314,0.0008009266263581733,9.663368199809119e-08,-0.000850824327585542,-6.29477284519453e-07
D3_100P_lam1,392.0,60.142743135110145,1.0,-0.0008514724167191092,-0.0008514724167191092,1.310961016661159e-05,9.232295519051581e-08,9.232294954919507e-08,9.23229521235247e-08,0.9999999999140691,1.3109610442426797e-05,0.999999999914069,1.3112668103230607e-05,1.958090264962039e-12,1.0,1.9600791174061033e-12,1.311266782556895e-05,1.311266782556895e-05,0.0,0.0,0.0,0.000851573231890364,-1.6923004349966853e-05,8.802298127719155e-06,-2.663772326161329e-06,0.0,1.3109608484055342e-05,1.3109610442144681e-05,1.9580893384360694e-12,0.0014440938582012742,0.0008009279995638401,8.405780746767092e-08,-0.0008514724167412169,-5.456422229599411e-07
D3_100P_lam1,393.0,60.29616850025073,1.0,-0.0008519156120531195,-0.0008519156120531195,1.2271960401283594e-05,1.0227799452158792e-07,1.022779881725e-07,1.0227799155868023e-07,0.9999999999246995,1.2271960662978315e-05,0.9999999999246997,1.2273709090813996e-05,2.1768746439542727e-12,1.0000000000000002,2.1782303027952285e-12,1.2273708827860944e-05,1.2273708827860944e-05,0.0,0.0,0.0,0.0008520039082273298,-1.571728763272162e-05,7.434774824677248e-06,-2.317810452290292e-06,-7.105427357601002e-15,1.2271958485872153e-05,1.2271960662746363e-05,2.176874210117696e-12,0.0014440974001465124,0.0008009297422146686,7.39902369333952e-08,-0.0008519156120314619,-4.6508785089827143e-07
D3_100P_lam1,394.0,60.449593865391314,1.0,-0.0008524025924779112,-0.0008524025924779112,1.1300638808983535e-05,8.496428028151315e-08,8.496427307547183e-08,8.496427748860835e-08,0.9999999999361474,1.1300639043616537e-05,0.9999999999361476,1.13049265523296e-05,1.8049869938938301e-12,1.0,1.807742585459889e-12,1.1304926315035018e-05,1.1304926315035018e-05,0.0,0.0,0.0,0.0008524773960236112,-1.4194020455216005e-05,6.566067006108511e-06,-1.975431412504225e-06,-7.105427357601002e-15,1.1300637238450521e-05,1.1300639043438214e-05,1.8049876928753575e-12,0.0014441018723129848,0.000800931713642544,6.469336667020282e-08,-0.0008524025924430134,-5.635996558339684e-07
D3_100P_lam1,395.0,60.603019230531906,1.0,-0.0008530428113421733,-0.0008530428113421733,1.0272949715403533e-05,7.30479554240937e-08,7.304794966134232e-08,7.304795243689988e-08,0.9999999999472332,1.0272949915383926e-05,0.9999999999472331,1.0277775887561344e-05,1.9361427686874267e-12,1.0,1.9385773314771292e-12,1.0277775684697675e-05,1.0277775684697675e-05,0.0,0.0,0.0,0.0008531045640995304,-1.2151790474757007e-05,5.325261637434409e-06,-1.6532780760525334e-06,0.0,1.027294797910539e-05,1.027294991524816e-05,1.9361427686874267e-12,0.0014441069551562795,0.000800933794306306,5.325013702442219e-08,-0.0008530428113431299,-5.657515487200726e-07
D3_100P_lam1,396.0,60.75644459567249,1.0,-0.0008535340955333641,-0.0008535340955333641,9.412160911464269e-06,6.199147610172484e-08,6.199147003366212e-08,6.199147315963383e-08,0.9999999999557058,9.41216109791373e-06,0.9999999999557057,9.414389859319752e-06,2.1053773509109582e-12,1.0,2.106741798261062e-12,9.414389671270223e-06,9.414389671270223e-06,0.0,0.0,0.0,0.0008535859004499218,-1.0310851177086633e-05,4.214776314626079e-06,-1.354514312768007e-06,7.105427357601002e-15,9.412158992433406e-06,9.41216109780808e-06,2.105374672852365e-12,0.0014441117601999235,0.0008009358743667554,4.5128575491601624e-08,-0.0008535340955404536,-4.5834138973077643e-07
D3_100P_lam1,397.0,60.909869960813076,1.0,-0.0008539594940974242,-0.0008539594940974242,8.435446333606016e-06,2.83531261871528e-08,2.8353119067847654e-08,2.83531234532286e-08,0.9999999999644218,8.435446495866136e-06,0.9999999999644217,8.439720962131046e-06,1.8863610111704108e-12,1.0000000000000002,1.8885893887630767e-12,8.439720797040806e-06,8.439720797040806e-06,0.0,0.0,0.0,0.0008540010575054966,-8.826931515493186e-06,3.7051286909672854e-06,-1.080905131789489e-06,-7.105427357601002e-15,8.435444609432002e-06,8.435446495791958e-06,1.886359955793218e-12,0.0014441159761153823,0.0008009376966073363,4.1450943303155133e-08,-0.0008539594941225914,-5.212939981902309e-07
D3_100P_lam1,398.0,61.06329532595367,1.0,-0.0008545766835382619,-0.0008545766835382619,7.5137924907723615e-06,1.1762734775794259e-08,1.1762728804876055e-08,1.1762731799008774e-08,0.9999999999717715,7.513792623506088e-06,0.9999999999717716,7.521540431346359e-06,1.9342079117376255e-12,1.0000000000000002,1.9369804836008297e-12,7.521540294043354e-06,7.521540294043354e-06,0.0,0.0,0.0,0.0008546096113852982,-7.720773793851166e-06,2.943249215014987e-06,-8.463068602582169e-07,0.0,7.5137906892443524e-06,7.513792623452504e-06,1.9342081513907845e-12,0.001444119118085499,0.0008009391531374593,3.715507180559683e-08,-0.000854576683536834,-5.906981641601305e-07
D3_100P_lam1,399.0,61.21672069109425,1.0,-0.0008551408904618145,-0.0008551408904618145,6.809716876552099e-06,1.8096113066357056e-08,1.8096107275850093e-08,1.8096109995896503e-08,0.9999999999768141,6.809716995299757e-06,0.9999999999768138,6.813570045128042e-06,2.00863085394842e-12,1.0,2.0102394954204465e-12,6.813569923741133e-06,6.813569923741133e-06,0.0,0.0,0.0,0.0008551679104939336,-7.071209732534278e-06,2.096332463175088e-06,-6.5831446005582e-07,-7.105427357601002e-15,6.809714986630106e-06,6.809716995261418e-06,2.0086313118453484e-12,0.0014441211967752457,0.0008009402128610676,3.4751592883974597e-08,-0.0008551408904509117,-4.787503087300138e-07
D3_100P_lam1,400.0,61.37014605623484,1.0,-0.0008555341841972965,-0.0008555341841972965,6.109387183803796e-06,2.8102103491467467e-09,2.8102032367804952e-09,2.8102077644087675e-09,0.9999999999813375,6.109387281837821e-06,0.9999999999813378,6.113295765409137e-06,1.9816068232921486e-12,1.0,1.9833463717765664e-12,6.113295664472885e-06,6.113295664472885e-06,0.0,0.0,0.0,0.0008555559058667895,-6.691620470289372e-06,1.8797428595895838e-06,-5.139757510153053e-07,0.0,6.109385300201852e-06,6.109387281809005e-06,1.9816071527188543e-12,0.0014441225366851435,0.0008009409088984119,3.255671656398302e-08,-0.000855534184154294,-4.670148996410717e-07
D3_100P_lam1,401.0,61.52357142137543,1.0,-0.0008560749202579305,-0.0008560749202579305,5.673079590917927e-06,-8.774399977429237e-09,-8.774406066308638e-09,-8.774402905642464e-09,0.9999999999839083,5.673079674556953e-06,0.999999999983908,5.682825621594492e-06,1.92916301658929e-12,1.0,1.9320339268089095e-12,5.682825531934225e-06,5.682825531934225e-06,0.0,0.0,0.0,0.0008560936134632087,-6.5958712793801055e-06,1.6150701629413788e-06,-4.1718076254637637e-07,0.0,5.673077745373566e-06,5.673079674533116e-06,1.9291595503519023e-12,0.0014441231407975013,0.0008009413264003731,2.5722459090391436e-08,-0.0008560749202501938,-5.749896558882028e-07
D3_100P_lam1,402.0,61.676996786516014,1.0,-0.0008566841634334881,-0.0008566841634334881,5.491976158912347e-06,-3.335369001822297e-09,-3.3353744696706933e-09,-3.335372110446766e-09,0.9999999999849188,5.491976235626849e-06,0.9999999999849192,5.498347169517868e-06,1.9380416560909935e-12,1.0,1.9400955577212092e-12,5.498347088599662e-06,5.498347088599662e-06,0.0,0.0,0.0,0.0008567016683722316,-6.540246512032333e-06,1.1323054098788532e-06,-3.758812868737138e-07,0.0,5.491974297565036e-06,5.49197623560633e-06,1.938041294793877e-12,0.0014441233886766601,0.0008009414605747231,1.821214851523175e-08,-0.0008566841634660705,-5.054351390754164e-07
D3_100P_lam1,403.0,61.8304221516566,1.0,-0.0008570857905466491,-0.0008570857905466491,5.468741567720364e-06,-1.906293793998981e-08,-1.906294465683911e-08,-1.9062940611463963e-08,0.9999999999850464,5.4687416396864785e-06,0.9999999999850464,5.471835567503805e-06,2.0423456939186396e-12,1.0000000000000002,2.043799495340824e-12,5.471835492992259e-06,5.471835492992259e-06,0.0,0.0,0.0,0.0008571031520167463,-6.484608394585756e-06,1.222961687918911e-06,-3.850854608522525e-07,0.0,5.468739597319893e-06,5.468741639665383e-06,2.0423454897440177e-12,0.0014441232724099215,0.000800941365721003,1.0476969833668323e-08,-0.0008570857905283447,-4.2651245735214616e-07
D3_100P_lam1,404.0,61.98384751679719,1.0,-0.0008575371883850085,-0.0008575371883850085,5.789674427908321e-06,-2.591820192493488e-08,-2.5918207940955895e-08,-2.5918204631103503e-08,0.9999999999832399,5.789674511889462e-06,0.9999999999832399,5.7974385813543595e-06,1.9324169866554872e-12,1.0,1.9350749427126056e-12,5.7974384922398815e-06,5.7974384922398815e-06,0.0,0.0,0.0,0.0008575566302593923,-6.838822756982665e-06,1.4499408664825353e-06,-4.3873569238739307e-07,0.0,5.789672579447422e-06,5.789674511864934e-06,1.9324175123689793e-12,0.0014441223993674134,0.000800941042799227,1.1278600016079845e-08,-0.0008575371883807748,-5.383911343415093e-07
D3_100P_lam1,405.0,62.137272881937776,1.0,-0.0008581625727804188,-0.0008581625727804188,6.260772135262311e-06,1.0967341271261866e-09,1.0967282845775195e-09,1.0967307617626432e-09,0.9999999999804012,6.260772230384379e-06,0.9999999999804015,6.268261857400018e-06,1.9189092224609492e-12,0.9999999999999999,1.921462163174336e-12,6.268261757553306e-06,6.268261757553306e-06,0.0,0.0,0.0,0.0008581853072663538,-7.461359107008292e-06,1.3651330017516727e-06,-5.432576973829484e-07,0.0,6.260770311444756e-06,6.260772230354039e-06,1.918909283183988e-12,0.0014441208409643627,0.0008009403709090824,1.9116987261204203e-08,-0.0008581625727970277,-5.430186149624205e-07
D3_100P_lam1,406.0,62.29069824707836,1.0,-0.0008586232256344019,-0.0008586232256344019,6.8623646127530255e-06,1.8205570450485764e-08,1.820556403547835e-08,1.8205567980239534e-08,0.9999999999764541,6.862364721712412e-06,0.999999999976454,6.86479581356525e-06,2.0365667155815973e-12,0.9999999999999999,2.0379967819275037e-12,6.864795702620063e-06,6.864795702620063e-06,0.0,0.0,0.0,0.0008586505628097547,-8.149618067276876e-06,1.7135784662336562e-06,-6.957280782038389e-07,0.0,6.862362685106239e-06,6.862364721671372e-06,2.0365651330657365e-12,0.0014441187066599945,0.0008009394012902203,2.6942913111822855e-08,-0.0008586232256106996,-4.2400324673508294e-07
D3_100P_lam1,407.0,62.44412361221895,1.0,-0.0008590105792717556,-0.0008590105792717556,7.622932002411788e-06,3.704793368267123e-08,3.704792726419437e-08,3.70479311014027e-08,0.9999999999709454,7.622932134640156e-06,0.9999999999709451,7.627220837568592e-06,1.9760152190794927e-12,0.9999999999999999,1.9782342201102363e-12,7.627220702273766e-06,7.627220702273766e-06,0.0,0.0,0.0,0.000859044303670124,-9.180819044551924e-06,2.3576021730420393e-06,-8.831143329390834e-07,0.0,7.622930158569474e-06,7.62293213458457e-06,1.9760150965958508e-12,0.0014441160086977394,0.0008009382709987748,3.675412132964552e-08,-0.0008590105792904978,-4.968691769136058e-07
D3_100P_lam1,408.0,62.59754897735954,1.0,-0.0008596169639672564,-0.0008596169639672564,8.451184159570712e-06,8.356179350896276e-08,8.356178776702805e-08,8.356179016788534e-08,0.9999999999642887,8.451184314934066e-06,0.9999999999642886,8.457975323690428e-06,1.9144348287664105e-12,1.0,1.917385902577717e-12,8.457975164192911e-06,8.457975164192911e-06,0.0,0.0,0.0,0.0008596584008351444,-1.0265699879496992e-05,2.694696114247108e-06,-1.1078721955937176e-06,-7.105427357601002e-15,8.45118240042439e-06,8.451184314858144e-06,1.914433753561292e-12,0.0014441131671822324,0.0008009369688209885,4.5593575484112984e-08,-0.0008596169639645268,-5.78648666760273e-07
D3_100P_lam1,409.0,62.75097434250012,1.0,-0.0008601678766198806,-0.0008601678766198806,9.318879231135687e-06,1.1892999849175134e-07,1.1892999217735789e-07,1.1892999564680484e-07,0.9999999999565793,9.318879407135313e-06,0.9999999999565792,9.321419265857403e-06,2.002233838467369e-12,1.0,2.00389088411165e-12,9.321419088008436e-06,9.321419088008436e-06,0.0,0.0,0.0,0.0008602182619249775,-1.105619256280832e-05,3.3186284889019646e-06,-1.3707607505741848e-06,0.0,9.318877404799214e-06,9.318879407034599e-06,2.00223538563253e-12,0.0014441103539255414,0.0008009355366409871,5.1862811850639086e-08,-0.0008601678766240184,-4.6444810664070246e-07
D3_100P_lam1,410.0,62.90439970764071,1.0,-0.0008605458601507321,-0.0008605458601507321,1.0204369321827755e-05,1.4541116258315334e-07,1.454111559218152e-07,1.4541115987351527e-07,0.9999999999479355,1.0204369520436166e-05,0.9999999999479354,1.0206728788770111e-05,2.028812509762802e-12,0.9999999999999999,2.0305946344375156e-12,1.020672858837462e-05,1.020672858837462e-05,0.0,0.0,0.0,0.0008606062667956564,-1.2112667911123864e-05,4.357762687590139e-06,-1.6558888404905048e-06,0.0,1.020436749149226e-05,1.020436952030477e-05,2.028812509762802e-12,0.001444107178685,0.0008009340653103946,5.808123792294837e-08,-0.0008605458601778082,-4.7119351620494854e-07
D3_100P_lam1,411.0,63.0578250727813,1.0,-0.000861110263673611,-0.000861110263673611,1.1175807415682884e-05,1.7999841610272238e-07,1.799984102740515e-07,1.799984128449117e-07,0.9999999999375505,1.1175807644079106e-05,0.9999999999375507,1.1181366417147431e-05,1.9189127065614356e-12,1.0,1.9219923900556146e-12,1.118136618543464e-05,1.118136618543464e-05,0.0,0.0,0.0,0.0008611826762281505,-1.3444416305574691e-05,5.166793157762584e-06,-1.9606574939712296e-06,-7.105427357601002e-15,1.117580572499546e-05,1.1175807643905488e-05,1.9189100286105214e-12,0.0014441036582998642,0.0008009324601467019,6.652486955484664e-08,-0.0008611102636564283,-6.037377033862867e-07
D3_100P_lam1,412.0,63.21125043792188,1.0,-0.000861753335559256,-0.000861753335559256,1.2083053813141556e-05,1.9079320997400506e-07,1.9079320411410916e-07,1.9079320720191695e-07,0.9999999999270001,1.2083054063497183e-05,0.9999999999269998,1.2086239527134768e-05,1.971669044260823e-12,1.0,1.9737660975690803e-12,1.2086239274756292e-05,1.2086239274756292e-05,0.0,0.0,0.0,0.0008618379409184486,-1.4573521269767298e-05,6.123681687064675e-06,-2.289322455661935e-06,0.0,1.2083052091606752e-05,1.2083054063275813e-05,1.9716690616059055e-12,0.0014441000153900961,0.0008009306726139766,7.423964502818231e-08,-0.0008617533355845808,-5.35594068651335e-07
D3_100P_lam1,413.0,63.36467580306247,1.0,-0.0008621814517956767,-0.0008621814517956767,1.2961608764733486e-05,1.8197312549525502e-07,1.8197311877493627e-07,1.819731227752086e-07,0.9999999999159981,1.2961609036586564e-05,0.9999999999159984,1.296321546695695e-05,2.051640863957479e-12,0.9999999999999999,2.0531755998715308e-12,1.2963215193895836e-05,1.2963215193895836e-05,0.0,0.0,0.0,0.0008622787849038885,-1.6051563744179376e-05,7.550882049400798e-06,-2.6268663669282155e-06,0.0,1.2961606984672384e-05,1.2961609036313903e-05,2.0516415184228357e-12,0.0014440958423126442,0.0008009288543659675,7.911680832460339e-08,-0.000862181451793731,-4.710049381628778e-07
D3_100P_lam1,414.0,63.51810116820306,1.0,-0.0008626953454678094,-0.0008626953454678094,1.3931043981886712e-05,1.749975282773486e-07,1.7499752222316367e-07,1.7499752520688805e-07,0.999999999902963,1.3931044286860914e-05,0.999999999902963,1.3935256314709554e-05,1.9536122944167675e-12,1.0,1.9564755069580393e-12,1.3935256007231452e-05,1.3935256007231452e-05,0.0,0.0,0.0,0.0008628077127452968,-1.7825271552474042e-05,8.842838322475899e-06,-2.965191315151827e-06,0.0,1.3931042332910333e-05,1.3931044286522636e-05,1.9536123034555255e-12,0.0014440915848154157,0.0008009270532983059,8.222423195887853e-08,-0.0008626953454609065,-6.118847579728026e-07
D3_100P_lam1,415.0,63.671526533343645,1.0,-0.0008634052213055334,-0.0008634052213055334,1.478393957513174e-05,1.5426541993823761e-07,1.542654144322253e-07,1.5426541714533282e-07,0.9999999998907175,1.4783939902922715e-05,0.9999999998907175,1.4788028421985744e-05,1.9378613357209667e-12,0.9999999999999998,1.9405371471539127e-12,1.478802809188867e-05,1.478802809188867e-05,0.0,0.0,0.0,0.0008635316764710708,-1.889104091790106e-05,1.0151976410188723e-05,-3.3103324349470498e-06,0.0,1.478393796465919e-05,1.4783939902519388e-05,1.9378601982114026e-12,0.0014440882924148062,0.0008009254051082371,8.700338802774478e-08,-0.0008634052213096766,-6.257670293052797e-07
D3_100P_lam1,416.0,63.82495189848423,1.0,-0.0008639468795199895,-0.0008639468795199895,1.5622614266949918e-05,1.1734937469670692e-07,1.1734936793128536e-07,1.1734937226462461e-07,0.9999999998779672,1.5622614616982787e-05,0.9999999998779668,1.5624315503028856e-05,2.0568248012705075e-12,1.0000000000000002,2.0583357310946735e-12,1.562431515186761e-05,1.562431515186761e-05,0.0,0.0,0.0,0.0008640880228156842,-1.9408997419589902e-05,1.1926948873863807e-05,-3.6532480591766614e-06,0.0,1.5622612559682273e-05,1.5622614616506568e-05,2.0568242949158904e-12,0.0014440860603100135,0.0008009241497216196,9.349437155648404e-08,-0.0008639468795195171,-5.244712042440369e-07
D3_100P_lam1,417.0,63.97837726362482,1.0,-0.0008644541637089079,-0.0008644541637089079,1.653405245810682e-05,8.122819384476232e-08,8.122818736730486e-08,8.122819078124066e-08,0.9999999998633128,1.653405284154628e-05,0.9999999998633124,1.653738370766974e-05,1.9954041628148542e-12,1.0,1.9978389845153354e-12,1.653738332233005e-05,1.653738332233005e-05,0.0,0.0,0.0,0.0008646121624401956,-1.9755334723980944e-05,1.366127392810057e-05,-3.985265151440487e-06,-7.105427357601002e-15,1.6534050845578956e-05,1.6534052840983126e-05,1.995404169698594e-12,0.001444084564339885,0.0008009231634336787,1.0020753179314811e-07,-0.0008644541637181646,-6.356418680297793e-07
D3_100P_lam1,418.0,64.13180262876541,1.0,-0.0008652181632550462,-0.0008652181632550462,1.7335529975899963e-05,3.5037005633592466e-08,3.503699994023002e-08,3.5037002753951496e-08,0.9999999998497398,1.7335530384167584e-05,0.9999999998497396,1.7340639977495193e-05,1.922851821120793e-12,0.9999999999999999,1.9260217863829957e-12,1.7340639566662068e-05,1.7340639566662068e-05,0.0,0.0,0.0,0.0008653917065544675,-2.0004131023876326e-05,1.531787767916626e-05,-4.314071329447611e-06,-7.105427357601002e-15,1.7335528460662914e-05,1.7335530383515342e-05,1.9228524283320376e-12,0.001444083105406841,0.0008009221608887948,1.0966111653070435e-07,-0.0008652181632555767,-7.351526676302456e-07
D3_100P_lam1,419.0,64.28522799390599,1.0,-0.0008659244690130579,-0.0008659244690130579,1.811251953885894e-05,-3.306614264689256e-08,-3.306614938802799e-08,-3.306614525244722e-08,0.9999999998359683,1.811251997049492e-05,0.9999999998359683,1.8115006996748177e-05,2.043747567099637e-12,1.0,2.045492696949213e-12,1.811500656376577e-05,1.811500656376577e-05,0.0,0.0,0.0,0.0008661137727390379,-2.0753451257182753e-05,1.7406032707611985e-05,-4.638736271711519e-06,1.4210854715202004e-14,1.8112517926008415e-05,1.811251996975454e-05,2.0437461219816275e-12,0.0014440808147538474,0.0008009210718835447,1.192779021195363e-07,-0.0008659244690534251,-6.327228732061485e-07
D3_100P_lam1,420.0,64.43865335904658,1.0,-0.0008664836090102569,-0.0008664836090102569,1.8948105772643976e-05,-1.1292539679394475e-07,-1.129254034552829e-07,-1.1292539988869144e-07,0.9999999998204849,1.894810623727329e-05,0.9999999998204846,1.8950919863042822e-05,2.03554244902449e-12,1.0,2.037555961079997e-12,1.8950919396917956e-05,1.8950919396917956e-05,0.0,0.0,0.0,0.00086669065393329,-2.1955417792707266e-05,1.955164088629502e-05,-4.95226380825553e-06,-7.105427357601002e-15,1.8948104200881805e-05,1.8948106236424672e-05,2.035542866627601e-12,0.0014440780942923533,0.0008009199554488965,1.245705040240864e-07,-0.000866483609001989,-6.734943269748328e-07
D3_100P_lam1,421.0,64.59207872418717,1.0,-0.0008672714576897679,-0.0008672714576897679,1.9729243342969734e-05,-2.0592679275677206e-07,-2.0592679807543424e-07,-2.0592679553926851e-07,0.9999999998053785,1.9729243835871254e-05,0.9999999998053786,1.973489904358789e-05,1.9350399613984416e-12,0.9999999999999999,1.938415376022873e-12,1.9734898548085128e-05,1.9734898548085128e-05,0.0,0.0,0.0,0.0008674957318470411,-2.2634929385145774e-05,2.1573163575094867e-05,-5.260283294006296e-06,7.105427357601002e-15,1.9729241899871045e-05,1.9729243834912104e-05,1.935041058395723e-12,0.0014440762849975146,0.0008009190140697172,1.2984043983528262e-07,-0.0008672714577073748,-8.312742068028456e-07
D3_100P_lam1,422.0,64.74550408932775,1.0,-0.0008681461574413704,-0.0008681461574413704,2.0491671103148253e-05,-3.119946736483692e-07,-3.119946797615347e-07,-3.1199467610473763e-07,0.9999999997900458,2.049167162039019e-05,0.9999999997900458,2.049557343921668e-05,2.021706853899407e-12,0.9999999999999999,2.023941087057948e-12,2.0495572920217394e-05,2.0495572920217394e-05,0.0,0.0,0.0,0.0008683878569723456,-2.2514759062230993e-05,2.3979223351400236e-05,-5.5680726461782015e-06,0.0,2.0491669597607956e-05,2.049167161931481e-05,2.0217068553054234e-12,0.0014440758525887712,0.0008009185054399071,1.3379111871610134e-07,-0.0008681461574155946,-7.80870806238454e-07
D3_100P_lam1,423.0,64.89892945446834,1.0,-0.0008688331992894807,-0.0008688331992894807,2.1354070626751713e-05,-4.168815994874675e-07,-4.168816062320724e-07,-4.1688160221098336e-07,0.9999999997720015,2.1354071177214146e-05,0.9999999997720019,2.135700015511208e-05,2.0685730137967357e-12,0.9999999999999999,2.0703243850902954e-12,2.1356999603316845e-05,2.1356999603316845e-05,0.0,0.0,0.0,0.0008690954693218924,-2.1950558910965867e-05,2.6518445598533447e-05,-5.8741307411569466e-06,-7.105427357601002e-15,2.1354069107424443e-05,2.1354071175996726e-05,2.068572282885768e-12,0.0014440765169032978,0.0008009183431408551,1.334161621346582e-07,-0.0008688331993198517,-7.587902643990674e-07
D3_100P_lam1,424.0,65.05235481960894,1.0,-0.0008696637379496493,-0.0008696637379496493,2.2219751556480405e-05,-5.165869452657124e-07,-5.165869510666277e-07,-5.165869484090313e-07,0.9999999997531412,2.2219752137798063e-05,0.9999999997531412,2.2225763523096678e-05,1.9714034883947645e-12,1.0000000000000002,1.9746116280843763e-12,2.2225762939324962e-05,2.2225762939324962e-05,0.0,0.0,0.0,0.0008699474482215968,-2.1275454661462412e-05,2.888915573384665e-05,-6.183171221474382e-06,-7.105427357601002e-15,2.2219750165026704e-05,2.2219752136427418e-05,1.9714007144328637e-12,0.0014440774640004175,0.0008009182604704927,1.3658872429103256e-07,-0.0008696637379443928,-9.401678369158617e-07
D3_100P_lam1,425.0,65.20578018474951,1.0,-0.0008707135349668314,-0.0008707135349668314,2.3047826284857124e-05,-6.212047074551086e-07,-6.212047133705156e-07,-6.212047097449436e-07,0.999999999734399,2.3047826890483157e-05,0.9999999997343988,2.3053791095493164e-05,2.005830536871007e-12,1.0,2.0086742654003273e-12,2.3053790487593925e-05,2.3053790487593925e-05,0.0,0.0,0.0,0.0008710184219553311,-2.0946691622891755e-05,3.1580714735301996e-05,-6.505161849357233e-06,0.0,2.3047824883120043e-05,2.3047826888950552e-05,2.0058305091534684e-12,0.0014440777321708823,0.0008009180611283382,1.4479846294828992e-07,-0.0008707135349936834,-9.708041659450828e-07
D3_100P_lam1,426.0,65.3592055498901,1.0,-0.0008716053462960294,-0.0008716053462960294,2.399820133858397e-05,-7.35495183524365e-07,-7.354951904077478e-07,-7.354951859980807e-07,0.9999999997120431,2.399820197805063e-05,0.9999999997120432,2.4001885327451916e-05,2.0887345167534882e-12,1.0000000000000002,2.0904508286018896e-12,2.4001884686595445e-05,2.4001884686595445e-05,0.0,0.0,0.0,0.0008719355493344625,-2.0954880554202582e-05,3.448360475788448e-05,-6.844583608112131e-06,0.0,2.3998199887588414e-05,2.3998201976323175e-05,2.0887347601185568e-12,0.0014440772858335723,0.0008009175666601958,1.5143529491052179e-07,-0.0008716053462762829,-8.934067921018141e-07
D3_100P_lam1,427.0,65.51263091503068,1.0,-0.0008725003485416752,-0.0008725003485416752,2.4963772235271404e-05,-8.53212518192592e-07,-8.532125238616683e-07,-8.532125213879527e-07,0.999999999688405,2.4963772906804782e-05,0.9999999996884048,2.4969642141826747e-05,2.0258186367443042e-12,1.0,2.02860449436682e-12,2.4969641468146722e-05,2.4969641468146722e-05,0.0,0.0,0.0,0.0008728573081089115,-2.1342176105609845e-05,3.721078081087015e-05,-7.201813352564201e-06,0.0,2.4963770879041e-05,2.4963772904859612e-05,2.0258186130415266e-12,0.0014440759423537688,0.0008009167762693775,1.5717322039600959e-07,-0.000872500348577887,-1.031551448704704e-06
D3_100P_lam1,428.0,65.66605628017128,1.0,-0.0008736684491854195,-0.0008736684491854195,2.5865692816637685e-05,-9.761347724360214e-07,-9.76134778084281e-07,-9.761347750519844e-07,0.999999999665483,2.5865693511921827e-05,0.9999999996654829,2.5873294158849715e-05,2.0057584444812695e-12,1.0,2.0091493227117464e-12,2.587329346094431e-05,2.587329346094431e-05,0.0,0.0,0.0,0.0008740511762441013,-2.2179417613954477e-05,4.0203974748020954e-05,-7.58264981182144e-06,0.0,2.586569150400208e-05,2.5865693509759925e-05,2.0057578439000823e-12,0.0014440737679827387,0.0008009157390025761,1.6097219613766545e-07,-0.0008736684491736924,-1.1346190262884193e-06
D3_100P_lam1,429.0,65.81948164531187,1.0,-0.0008747695866488101,-0.0008747695866488101,2.691227780452834e-05,-1.1062431872176093e-06,-1.1062431940628281e-06,-1.1062431898127556e-06,0.9999999996378647,2.691227853477631e-05,0.9999999996378648,2.691706465434996e-05,2.0993665873036935e-12,1.0,2.1013138763057497e-12,2.6917063922526428e-05,2.6917063922526428e-05,0.0,0.0,0.0,0.000875183363813679,-2.290524164372254e-05,4.3485794279263246e-05,-7.993008906304055e-06,-7.105427357601002e-15,2.6912276432972977e-05,2.6912278532339177e-05,2.0993661978527546e-12,0.0014440715161677519,0.0008009145243877999,1.5743787634103038e-07,-0.0008747695866304639,-1.04047640547833e-06
D3_100P_lam1,430.0,65.97290701045245,1.0,-0.0008757494019444399,-0.0008757494019444399,2.7982742977236596e-05,-1.2338032326121573e-06,-1.2338032381077613e-06,-1.2338032355993511e-06,0.9999999996084827,2.798274374021143e-05,0.9999999996084828,2.798825852724049e-05,2.0876326244033317e-12,0.9999999999999999,2.0899579449233787e-12,2.7988257762461078e-05,2.7988257762461078e-05,0.0,0.0,0.0,0.0008761962576203234,-2.3425514340980058e-05,4.658650113587015e-05,-8.429272985832625e-06,-7.105427357601002e-15,2.7982741649842672e-05,2.7982743737473057e-05,2.087630383949471e-12,0.0014440694479043864,0.0008009132980916133,1.5163143133778993e-07,-0.000875749401984649,-1.1084044047038333e-06
D3_100P_lam1,431.0,66.12633237559304,1.0,-0.0008769863954864372,-0.0008769863954864372,2.897831600511025e-05,-1.358939310532048e-06,-1.3589393160484686e-06,-1.3589393133596472e-06,0.9999999995801286,2.8978316791032865e-05,0.9999999995801285,2.8986854802666957e-05,2.0269843970008645e-12,0.9999999999999999,2.030629992832091e-12,2.8986854014024405e-05,2.8986854014024405e-05,0.0,0.0,0.0,0.0008774649762650263,-2.396540010352055e-05,4.985824165038011e-05,-8.891308407477094e-06,-1.4210854715202004e-14,2.897831476100789e-05,2.897831678799078e-05,2.026982892134519e-12,0.001444067425844966,0.0008009120571220949,1.468924348746294e-07,-0.0008769863954398716,-1.2727746536711493e-06
D3_100P_lam1,432.0,66.27975774073363,1.0,-0.000878294951296181,-0.000878294951296181,3.0122559734772733e-05,-1.487322445724304e-06,-1.4873224525070727e-06,-1.4873224481945502e-06,0.9999999995463159,3.012256055631648e-05,0.9999999995463159,3.0128953841186045e-05,2.109054306433315e-12,0.9999999999999998,2.1114557755060297e-12,3.012895301774611e-05,3.012895301774611e-05,0.0,0.0,0.0,0.000878811268830845,-2.4414772255232364e-05,5.346669163408535e-05,-9.38594779686941e-06,0.0,3.0122558443842066e-05,3.012256055289831e-05,2.109056242945158e-12,0.0014440652203103325,0.000800910613846605,1.4116850946417353e-07,-0.0008782949512919913,-1.2149569101893576e-06
D3_100P_lam1,433.0,66.4331831058742,1.0,-0.000879416309300128,-0.000879416309300128,3.12881217255839e-05,-1.6012339674395526e-06,-1.6012339731849567e-06,-1.601233970166538e-06,0.9999999995105268,3.128812258035567e-05,0.9999999995105268,3.1293598315800604e-05,2.1462598908912726e-12,0.9999999999999999,2.1482704001667047e-12,3.129359745944107e-05,3.129359745944107e-05,0.0,0.0,0.0,0.0008799726308137067,-2.5174866514876548e-05,5.687183373437321e-05,-9.908489859600245e-06,-7.105427357601002e-15,3.128812043026672e-05,3.128812257652729e-05,2.1462605756181807e-12,0.001444062147600052,0.0008009088485350902,1.3804029882570027e-07,-0.0008794163092602503,-1.2008894714199414e-06
D3_100P_lam1,434.0,66.5866084710148,1.0,-0.0008806967302283691,-0.0008806967302283691,3.234885716737431e-05,-1.6942430138972009e-06,-1.6942430192609659e-06,-1.6942430167178613e-06,0.9999999994767758,3.234885804370806e-05,0.999999999476776,3.2357432431620685e-05,2.070238019851061e-12,1.0,2.0737430232672353e-12,3.2357431552744036e-05,3.2357431552744036e-05,0.0,0.0,0.0,0.0008812905907436867,-2.681096433576613e-05,6.029602096013775e-05,-1.0451280177514732e-05,-7.105427357601002e-15,3.234885596923739e-05,3.234885803947646e-05,2.0702390720867076e-12,0.0014440575396061663,0.0008009066783449008,1.3615250613133907e-07,-0.0008806967302348312,-1.3711268138649757e-06
D3_100P_lam1,435.0,66.74003383615539,1.0,-0.0008821585629036404,-0.0008821585629036404,3.352194424944678e-05,-1.7887604313836236e-06,-1.7887604381733313e-06,-1.7887604336630503e-06,0.9999999994381398,3.3521945160618865e-05,0.9999999994381396,3.352975648327391e-05,2.1267012252452576e-12,1.0,2.1296706092429708e-12,3.3529755569891135e-05,3.3529755569891135e-05,0.0,0.0,0.0,0.0008827951971291508,-2.880781426328749e-05,6.408596085627494e-05,-1.1016807711816679e-05,0.0,3.3521943029209104e-05,3.3521945155910446e-05,2.1267013396613625e-12,0.0014440519208114891,0.0008009040200843073,1.3349762927832574e-07,-0.0008821585628879802,-1.3655577220106352e-06
D3_100P_lam1,436.0,66.89345920129597,1.0,-0.0008834278457068205,-0.0008834278457068205,3.4712274972893056e-05,-1.8696990645439282e-06,-1.869699070580766e-06,-1.869699067430508e-06,0.999999999397529,3.4712275918510766e-05,0.9999999993975288,3.471777321757198e-05,2.196088204865127e-12,1.0,2.1980041480239924e-12,3.471777227046973e-05,3.471777227046973e-05,0.0,0.0,0.0,0.000884109466312812,-3.094510361467684e-05,6.769553362673264e-05,-1.1598208872920512e-05,0.0,3.4712273717194156e-05,3.471227591328243e-05,2.196088277634169e-12,0.0014440455505717196,0.0008009010711374407,1.3033340662422604e-07,-0.0008834278456788525,-1.2750757889534725e-06
D3_100P_lam1,437.0,67.04688456643656,1.0,-0.0008847087144676862,-0.0008847087144676862,3.5765068479167934e-05,-1.9315948861231558e-06,-1.93159489149039e-06,-1.9315948892248413e-06,0.9999999993604299,3.5765069445263e-05,0.9999999993604298,3.577268459708516e-05,2.130382833054738e-12,0.9999999999999999,2.1334612032199285e-12,3.577268362883453e-05,3.577268362883453e-05,0.0,0.0,0.0,0.0008854312873329346,-3.3631271159517695e-05,7.118349717538663e-05,-1.2180039749454252e-05,0.0,3.576506730916442e-05,3.5765069439545525e-05,2.1303811036004727e-12,0.0014440384498446974,0.0008008980060669795,1.241826716454675e-07,-0.0008847087144658872,-1.39993920811321e-06
D3_100P_lam1,438.0,67.20030993157715,1.0,-0.0008862277240776277,-0.0008862277240776277,3.688800168013131e-05,-2.0108957090418655e-06,-2.010895715380545e-06,-2.010895711543337e-06,0.9999999993196376,3.688800267930148e-05,0.9999999993196378,3.689651152236519e-05,2.158177161727637e-12,1.0000000000000002,2.1616361603871726e-12,3.689651052080373e-05,3.689651052080373e-05,0.0,0.0,0.0,0.0008869950713655258,-3.616961721653045e-05,7.507583025700981e-05,-1.275771907011114e-05,0.0,3.6888000514850644e-05,3.68880026730279e-05,2.158177253261987e-12,0.0014440316013933265,0.0008008948883115966,1.2129036398129745e-07,-0.0008862277240950789,-1.4636767105002946e-06
D3_100P_lam1,439.0,67.35373529671773,1.0,-0.0008876360678754344,-0.0008876360678754344,3.805538375032282e-05,-2.0906476789657458e-06,-2.0906476850234e-06,-2.0906476816476283e-06,0.999999999275894,3.8055384786699256e-05,0.999999999275894,3.806124803447839e-05,2.2360277009138306e-12,1.0000000000000002,2.2381148342675418e-12,3.8061246996567785e-05,3.8061246996567785e-05,0.0,0.0,0.0,0.0008884513876898958,-3.8243397233905796e-05,7.88849309736328e-05,-1.3325433251998309e-05,0.0,3.8055382543781775e-05,3.8055384779809476e-05,2.236027704607492e-12,0.0014440254155091896,0.0008008920366020989,1.2493381635450147e-07,-0.0008876360678868878,-1.3556759483890346e-06
D3_100P_lam1,440.0,67.50716066185832,1.0,-0.000888939076014667,-0.000888939076014667,3.90684897297677e-05,-2.159558021543745e-06,-2.1595580269144488e-06,-2.1595580245760415e-06,0.9999999992368264,3.90684907865736e-05,0.9999999992368264,3.9075218804542214e-05,2.198311094645577e-12,1.0,2.2009130721833885e-12,3.907521774593163e-05,3.907521774593163e-05,0.0,0.0,0.0,0.000889797127041594,-3.997026192170683e-05,8.244005497548557e-05,-1.3868719621779046e-05,0.0,3.906848858080573e-05,3.9068490779116815e-05,2.1983110843325865e-12,0.0014440203521897013,0.0008008895965872371,1.2870229380352657e-07,-0.000888939075991857,-1.4225656457256264e-06
D3_100P_lam1,441.0,67.66058602699891,1.0,-0.0008904811991523635,-0.0008904811991523635,4.010551298411551e-05,-2.2518503429262704e-06,-2.2518503489214747e-06,-2.2518503454103944e-06,0.9999999991957738,4.0105514071180254e-05,0.9999999991957738,4.011444458683859e-05,2.203219530010608e-12,0.9999999999999999,2.2069092429318304e-12,4.0114443497326594e-05,4.0114443497326594e-05,0.0,0.0,0.0,0.0008913838734139443,-4.109931758355945e-05,8.638835115126753e-05,-1.4380741953812226e-05,0.0,4.0105511859895726e-05,4.010551406311603e-05,2.2032203086392986e-12,0.0014440165015079417,0.0008008875085951712,1.3542876925449364e-07,-0.000890481199178339,-1.5570543610010645e-06
D3_100P_lam1,442.0,67.81401139213949,1.0,-0.0008920531847540399,-0.0008920531847540399,4.1226755588709115e-05,-2.3470763222260826e-06,-2.3470763284121066e-06,-2.347076324890618e-06,0.9999999991501775,4.122675671653385e-05,0.9999999991501775,4.1233742096634045e-05,2.2672838217189192e-12,0.9999999999999999,2.269778209196072e-12,4.123374096703708e-05,4.123374096703708e-05,0.0,0.0,0.0,0.0008930052898801458,-4.22511711234419e-05,9.038755786283659e-05,-1.4861825211820445e-05,7.105427357601002e-15,4.1226754440492136e-05,4.122675670777285e-05,2.267280714951254e-12,0.0014440128609352915,0.0008008857493749122,1.4586080831947587e-07,-0.0008920531847138591,-1.4918482804660016e-06
D3_100P_lam1,443.0,67.96743675728008,1.0,-0.000893464895712145,-0.000893464895712145,4.218687825233126e-05,-2.4292518503027383e-06,-2.4292518560342646e-06,-2.4292518535189156e-06,0.9999999991101337,4.218687940203149e-05,0.9999999991101336,4.219346139075117e-05,2.2646513811135805e-12,0.9999999999999998,2.266918862213604e-12,4.2193460239438805e-05,4.2193460239438805e-05,0.0,0.0,0.0,0.0008944602610053054,-4.3414261906127294e-05,9.401553512633498e-05,-1.5307632233230173e-05,7.105427357601002e-15,4.2186877127990586e-05,4.218687939264411e-05,2.2646535239982383e-12,0.0014440098030704183,0.0008008842591882596,1.518943387833162e-07,-0.000893464895739271,-1.498249474707336e-06
D3_100P_lam1,444.0,68.12086212242068,1.0,-0.0008950496836563731,-0.0008950496836563731,4.312962906762572e-05,-2.5415783633971067e-06,-2.5415783693888416e-06,-2.541578365711228e-06,0.9999999990699177,4.312963024400318e-05,0.9999999990699172,4.313893652840836e-05,2.254997766203725e-12,0.9999999999999999,2.258585618210247e-12,4.31389353496436e-05,4.31389353496436e-05,0.0,0.0,0.0,0.0008960882384984974,-4.3848143219227254e-05,9.798265876526102e-05,-1.571339887546097e-05,7.105427357601002e-15,4.312962797897614e-05,4.3129630233974214e-05,2.2549980738032398e-12,0.0014440082114392926,0.0008008832529564114,1.5795714006813638e-07,-0.0008950496836632738,-1.669633888923272e-06
D3_100P_lam1,445.0,68.27428748756125,1.0,-0.0008968041635216408,-0.0008968041635216408,4.421506869470001e-05,-2.6770621036655007e-06,-2.677062110049283e-06,-2.6770621059241106e-06,0.9999999990225139,4.421506991494901e-05,0.9999999990225136,4.422390297617817e-05,2.2936311612344295e-12,0.9999999999999998,2.296682426768558e-12,4.422390175381012e-05,4.422390175381012e-05,0.0,0.0,0.0,0.0008978934763542822,-4.355583963100429e-05,0.00010219375092646032,-1.6086107390678173e-05,0.0,4.421506761051617e-05,4.4215069904145904e-05,2.2936297348280306e-12,0.001444008282106463,0.0008008828864738638,1.6588487092062419e-07,-0.0008968041635171176,-1.6864380540937418e-06
D3_100P_lam1,446.0,68.42771285270184,1.0,-0.0008984225597662752,-0.0008984225597662752,4.5164863675870896e-05,-2.8097524896776582e-06,-2.8097524954716346e-06,-2.809752492935469e-06,0.9999999989800675,4.516486492095244e-05,0.9999999989800675,4.517227646258596e-05,2.3233984056896333e-12,1.0,2.325572228349886e-12,4.517227521588704e-05,4.517227521588704e-05,0.0,0.0,0.0,0.0008995570654173114,-4.251681237288363e-05,0.00010598573702447212,-1.6435394090075217e-05,-7.105427357601002e-15,4.516486258603591e-05,4.5164864909435294e-05,2.3233993904836542e-12,0.0014440098657550883,0.0008008829177980049,1.6595403287170724e-07,-0.0008984225597714612,-1.6514698870651046e-06
D3_100P_lam1,447.0,68.58113821784244,1.0,-0.0009001071032721925,-0.0009001071032721925,4.605688680978437e-05,-2.9676168645069445e-06,-2.9676168703356154e-06,-2.9676168669424963e-06,0.9999999989393815,4.6056888077233125e-05,0.9999999989393819,4.606668629328104e-05,2.305044123082588e-12,1.0,2.308294921302871e-12,4.60666850235783e-05,4.60666850235783e-05,0.0,0.0,0.0,0.0009012847001166988,-4.151029050081245e-05,0.00010999094027530631,-1.6760079442790232e-05,0.0,4.6056885759978094e-05,4.6056888065020414e-05,2.305042322454933e-12,0.0014440115290207994,0.0008008831449414775,1.6299379620917083e-07,-0.0009001071032912478,-1.8099732415066683e-06
D3_100P_lam1,448.0,68.73456358298301,1.0,-0.0009020425062482785,-0.0009020425062482785,4.712864560132833e-05,-3.140730655357832e-06,-3.140730661925495e-06,-3.1407306577378724e-06,0.9999999988894456,4.712864691384719e-05,0.9999999988894452,4.7139614950967864e-05,2.321142765440304e-12,1.0,2.3247097192907456e-12,4.713961363597631e-05,4.713961363597631e-05,0.0,0.0,0.0,0.0009032729055490665,-4.121046798299943e-05,0.00011439497665710618,-1.7068387808072405e-05,0.0,4.7128644579620094e-05,4.71286469007619e-05,2.321141805203219e-12,0.0014440124161457905,0.0008008833556735647,1.6329261119325483e-07,-0.0009020425062544746,-1.9058812199546082e-06
D3_100P_lam1,449.0,68.8879889481236,1.0,-0.0009039188657007006,-0.0009039188657007006,4.810303752940556e-05,-3.3010808772257483e-06,-3.3010808832278915e-06,-3.3010808801990643e-06,0.999999998843049,4.8103038871117916e-05,0.9999999988430487,4.8111988727734614e-05,2.3734473475379052e-12,1.0000000000000002,2.3757932197539072e-12,4.811198738423868e-05,4.811198738423868e-05,0.0,0.0,0.0,0.0009051979139210703,-4.069207672985353e-05,0.00011838215170101307,-1.737921956029842e-05,-1.4210854715202004e-14,4.810303648375705e-05,4.81030388572044e-05,2.3734473475379052e-12,0.001444013375076904,0.0008008833882907858,1.6106670702526444e-07,-0.000903918865731157,-1.8482956534171535e-06
D3_100P_lam1,450.0,69.0414143132642,1.0,-0.0009057390975768451,-0.0009057390975768451,4.897441307683517e-05,-3.478714117502446e-06,-3.4787141233137697e-06,-3.4787141199969784e-06,0.9999999988007536,4.897441443675109e-05,0.9999999988007533,4.898452077359616e-05,2.348504196819206e-12,1.0000000000000002,2.3513598537813072e-12,4.8984519411602024e-05,4.8984519411602024e-05,0.0,0.0,0.0,0.0009070622479833286,-4.0038366143413384e-05,0.00012240165851862272,-1.7692185443285435e-05,0.0,4.897441207356367e-05,4.897441442206798e-05,2.3485043133510933e-12,0.0014440142593340896,0.0008008834017014914,1.5800602080856334e-07,-0.0009057390975613089,-1.9401809083774424e-06
D3_100P_lam1,451.0,69.19483967840478,1.0,-0.0009077992275392919,-0.0009077992275392919,5.004215717240727e-05,-3.6742744727764898e-06,-3.674274479167211e-06,-3.674274474851219e-06,0.9999999987478912,5.004215857581822e-05,0.9999999987478912,5.00545931186861e-05,2.357879398836104e-12,1.0000000000000002,2.3617284005490215e-12,5.005459171262256e-05,5.005459171262256e-05,0.0,0.0,0.0,0.0009091776072986447,-3.992616767201085e-05,0.0001269409477648864,-1.800843439725419e-05,0.0,5.00421562022761e-05,5.0042158560154914e-05,2.357878812582841e-12,0.00144401453493463,0.0008008833309420169,1.5610350312526154e-07,-0.0009077992275479119,-2.0838636771713936e-06
D3_100P_lam1,452.0,69.34826504354537,1.0,-0.0009099068249353135,-0.0009099068249353135,5.107416369874573e-05,-3.855972378917494e-06,-3.855972385304746e-06,-3.8559723814848845e-06,0.9999999986957148,5.107416513656696e-05,0.9999999986957149,5.108486826239847e-05,2.417567492301505e-12,1.0,2.4203112843827833e-12,5.1084866822521206e-05,5.1084866822521206e-05,0.0,0.0,0.0,0.0009113392171191686,-3.980782477175371e-05,0.0001311620882007425,-1.8348355796615756e-05,-7.105427357601002e-15,5.1074162702347776e-05,5.107416511991386e-05,2.4175660865621253e-12,0.0014440143984953263,0.000800882922442062,1.5152252937357293e-07,-0.0009099068249156517,-2.04038173023946e-06
D3_100P_lam1,453.0,69.50169040868596,1.0,-0.0009118799909885027,-0.0009118799909885027,5.1966373626409e-05,-4.0414717746260764e-06,-4.041471780149436e-06,-4.041471777006117e-06,0.9999999986497479,5.196637507963335e-05,0.9999999986497478,5.197668436129194e-05,2.389886336597171e-12,1.0000000000000002,2.39245647412995e-12,5.197668290614977e-05,5.197668290614977e-05,0.0,0.0,0.0,0.0009133596076546767,-3.990495697481222e-05,0.00013521024391405234,-1.871208471426744e-05,-7.105427357601002e-15,5.196637267220572e-05,5.1966375062092065e-05,2.389886340714362e-12,0.0014440134579580663,0.0008008822696645016,1.474624766739317e-07,-0.0009118799910083908,-2.0520705277249363e-06
D3_100P_lam1,454.0,69.65511577382654,1.0,-0.0009140109659611077,-0.0009140109659611077,5.304169974996237e-05,-4.24241967967795e-06,-4.2424196857043794e-06,-4.242419681610432e-06,0.9999999985932889,5.3041701242542985e-05,0.999999998593289,5.305464725570119e-05,2.4086906456542676e-12,1.0000000000000002,2.4124751530730376e-12,5.3054645760502604e-05,5.3054645760502604e-05,0.0,0.0,0.0,0.0009155489073427774,-4.0703434076916345e-05,0.00013981137256191545,-1.90912941994692e-05,1.4210854715202004e-14,5.304169881519933e-05,5.304170122389014e-05,2.4086908131828957e-12,0.0014440116440816726,0.0008008814472643885,1.4829275742159705e-07,-0.0009140109659711015,-2.2076470997944853e-06
D3_100P_lam1,455.0,69.80854113896713,1.0,-0.0009162952852475416,-0.0009162952852475416,5.415522728798885e-05,-4.436135834839927e-06,-4.4361358410918705e-06,-4.436135837636301e-06,0.9999999985336057,5.415522882038335e-05,0.9999999985336055,5.4167633637505615e-05,2.4630141536091033e-12,0.9999999999999998,2.4662776911457676e-12,5.416763210275196e-05,5.416763210275196e-05,0.0,0.0,0.0,0.0009178944098718732,-4.129367338101542e-05,0.0001442642037847719,-1.9503241930673987e-05,0.0,5.415522633751452e-05,5.415522880052834e-05,2.463013819611484e-12,0.001444009832381439,0.0008008803850704981,1.5216733073811557e-07,-0.0009162952852079798,-2.2179236225383647e-06
D3_100P_lam1,456.0,69.96196650410772,1.0,-0.0009184468132252256,-0.0009184468132252256,5.510861149717169e-05,-4.6304967612244285e-06,-4.630496766466763e-06,-4.630496763753655e-06,0.9999999984815204,5.510861304476118e-05,0.9999999984815205,5.5119428972699395e-05,2.4399230791345627e-12,0.9999999999999999,2.4424014891153616e-12,5.511942742323981e-05,5.511942742323981e-05,0.0,0.0,0.0,0.0009200987539864243,-4.150579350836736e-05,0.00014835839392457473,-1.995111978708719e-05,0.0,5.510861058391767e-05,5.510861302383912e-05,2.439921449012418e-12,0.00144400810748921,0.0008008792209363548,1.5541681569803325e-07,-0.0009184468132161783,-2.1736663029514602e-06
D3_100P_lam1,457.0,70.1153918692483,1.0,-0.0009206426178103786,-0.0009206426178103786,5.6201193803006506e-05,-4.835888687007572e-06,-4.835888692399093e-06,-4.835888689019852e-06,0.9999999984207126,5.620119538403013e-05,0.9999999984207129,5.621410467947338e-05,2.4704414107118517e-12,0.9999999999999999,2.4738844096648107e-12,5.621410309601498e-05,5.621410309601498e-05,0.0,0.0,0.0,0.0009223566400929016,-4.227194673378509e-05,0.00015292446902304135,-2.0419572334728908e-05,7.105427357601002e-15,5.62011928913994e-05,5.620119536184029e-05,2.4704408903201804e-12,0.0014440057640506276,0.0008008779875700563,1.568214888138883e-07,-0.0009206426178138827,-2.306018956232947e-06
D3_100P_lam1,458.0,70.26881723438889,1.0,-0.0009230588511268119,-0.0009230588511268119,5.740181420030861e-05,-5.034126098649866e-06,-5.034126105071812e-06,-5.03412610107154e-06,0.9999999983525155,5.7401815825532165e-05,0.9999999983525156,5.74157301086067e-05,2.5201390951544435e-12,1.0000000000000002,2.5238442973578756e-12,5.7415728480768674e-05,5.7415728480768674e-05,0.0,0.0,0.0,0.0009248421856027702,-4.328245193074842e-05,0.00015752698202442517,-2.0919848022549203e-05,-1.4210854715202004e-14,5.740181328175062e-05,5.740181580188968e-05,2.5201390616997893e-12,0.0014440028699898555,0.0008008764531703658,1.5956125521931584e-07,-0.0009230588511286442,-2.3874487453667825e-06
D3_100P_lam1,459.0,70.42224259952948,1.0,-0.0009254175153132256,-0.0009254175153132256,5.843832335364341e-05,-5.220913670486715e-06,-5.220913675767214e-06,-5.220913673147781e-06,0.9999999982924813,5.843832499674509e-05,0.9999999982924811,5.845021257480861e-05,2.503650979610617e-12,1.0000000000000002,2.506280591408915e-12,5.845021092973058e-05,5.845021092973058e-05,0.0,0.0,0.0,0.0009272609833582775,-4.4103328072586656e-05,0.00016161772091161097,-2.145972224987247e-05,0.0,5.8438322468146924e-05,5.843832497179893e-05,2.503652001892306e-12,0.001443999688509735,0.0008008746591373604,1.6401553142393821e-07,-0.0009254175153046162,-2.326740741409594e-06
D3_100P_lam1,460.0,70.57566796467006,1.0,-0.000927712332630593,-0.000927712332630593,5.9544884221346835e-05,-5.394569106545455e-06,-5.394569111787789e-06,-5.394569108689573e-06,0.9999999982272033,5.9544885891151064e-05,0.9999999982272033,5.9557648787059245e-05,2.5360513072047506e-12,0.9999999999999999,2.5390836842237846e-12,5.955764711504151e-05,5.955764711504151e-05,0.0,0.0,0.0,0.0009296215141402696,-4.5313258829504655e-05,0.00016596800255053168,-2.2020807556255573e-05,0.0,5.954488332870789e-05,5.954488586476156e-05,2.5360536714172723e-12,0.0014439959839511096,0.0008008728138536497,1.6828478572076632e-07,-0.0009277123326114634,-2.4020898194976326e-06
D3_100P_lam1,461.0,70.72909332981065,1.0,-0.0009302216949850272,-0.0009302216949850272,6.0805925438607946e-05,-5.5486960885246794e-06,-5.548696095189487e-06,-5.548696091099009e-06,0.9999999981513195,6.080592715465208e-05,0.9999999981513198,6.082083473659003e-05,2.5935493330995817e-12,0.9999999999999999,2.5974525714350926e-12,6.08208330178217e-05,6.08208330178217e-05,0.0,0.0,0.0,0.000932207243469797,-4.6587337309333954e-05,0.00017051459773753663,-2.2605688749066655e-05,0.0,6.0805924532996e-05,6.080592712654939e-05,2.5935533885433857e-12,0.0014439921675177354,0.0008008707796065619,1.7432805545705306e-07,-0.0009302216949436115,-2.536117222007306e-06
D3_100P_lam1,462.0,70.88251869495124,1.0,-0.0009327845670918477,-0.0009327845670918477,6.192494268978903e-05,-5.674656332086553e-06,-5.674656337568279e-06,-5.6746563347545576e-06,0.9999999980826505,6.192494442878604e-05,0.9999999980826508,6.193828869412744e-05,2.576318829720487e-12,0.9999999999999999,2.579305416900087e-12,6.193828695292979e-05,6.193828695292979e-05,0.0,0.0,0.0,0.0009348380688406061,-4.7623901798021784e-05,0.00017448348280213466,-2.3225125527881474e-05,0.0,6.192494182278439e-05,6.192494439910324e-05,2.5763188544544207e-12,0.0014439880598085552,0.0008008684686573267,1.7968439869829356e-07,-0.000932784567055478,-2.497962441339041e-06
D3_100P_lam1,463.0,71.03594406009182,1.0,-0.0009352176198346759,-0.0009352176198346759,6.302352881682821e-05,-5.771748945546107e-06,-5.771748950458844e-06,-5.771748947738797e-06,0.9999999980140175,6.302353057612143e-05,0.9999999980140175,6.303627272324477e-05,2.6016243666157176e-12,1.0,2.6043432670983916e-12,6.303627096191714e-05,6.303627096191714e-05,0.0,0.0,0.0,0.0009373389953395952,-4.943054612960296e-05,0.0001784482048159397,-2.3861684359083313e-05,0.0,6.302352794320698e-05,6.302353054483134e-05,2.6016243666157176e-12,0.0014439826916420645,0.0008008659447765307,1.7941374677932555e-07,-0.0009352176198262896,-2.5005897157370782e-06
D3_100P_lam1,464.0,71.18936942523241,1.0,-0.0009377857465074921,-0.0009377857465074921,6.430227061829902e-05,-5.8655551992692345e-06,-5.865555205857714e-06,-5.865555201392536e-06,0.999999997932609,6.430227242315639e-05,0.999999997932609,6.431741195456374e-05,2.6756343545914458e-12,0.9999999999999999,2.67941998845939e-12,6.431741014704926e-05,6.431741014704926e-05,0.0,0.0,0.0,0.0009399880532785837,-5.18446642114867e-05,0.00018276186295063113,-2.4508195639150188e-05,0.0,6.430226971428406e-05,6.430227238991826e-05,2.6756341992080727e-12,0.0014439765166670208,0.0008008631523633833,1.7860572839468403e-07,-0.0009377857464869521,-2.6469913620985608e-06
D3_100P_lam1,465.0,71.342794790373,1.0,-0.0009405116025575327,-0.0009405116025575327,6.548368124818037e-05,-5.946359805067414e-06,-5.946359810340973e-06,-5.946359807742357e-06,0.9999999978559438,6.548368308229313e-05,0.9999999978559437,6.549850783311021e-05,2.6542590108396828e-12,1.0000000000000002,2.6577105491550543e-12,6.549850599653314e-05,6.549850599653314e-05,0.0,0.0,0.0,0.0009427888561165925,-5.381470760779106e-05,0.00018658530317328115,-2.5174604714794935e-05,-7.105427357601002e-15,6.548368039293273e-05,6.548368304719316e-05,2.6542604201661244e-12,0.0014439706251350552,0.0008008602734992694,1.8192185012549364e-07,-0.0009405116025504867,-2.665803407353451e-06
D3_100P_lam1,466.0,71.49622015551358,1.0,-0.0009431173533007371,-0.0009431173533007371,6.656581629200571e-05,-5.9960360217804765e-06,-5.996036026502394e-06,-5.99603602426807e-06,0.9999999977844961,6.656581814166405e-05,0.9999999977844959,6.657896999637043e-05,2.6650003542997376e-12,1.0000000000000002,2.6676266945708083e-12,6.657896814472496e-05,6.657896814472496e-05,0.0,0.0,0.0,0.000945463830188651,-5.5370836936297074e-05,0.0001901668696944192,-2.584784290488029e-05,0.0,6.656581543979969e-05,6.656581810479948e-05,2.6649997916611332e-12,0.0014439654357130615,0.0008008576278904035,1.8431519881398632e-07,-0.000943117353301659,-2.6187734931681916e-06
D3_100P_lam1,467.0,71.64964552065418,1.0,-0.0009457491495211653,-0.0009457491495211653,6.783675241546983e-05,-6.0480504626043985e-06,-6.048050469061039e-06,-6.048050464849131e-06,0.9999999976990877,6.783675430725344e-05,0.9999999976990872,6.785176004626278e-05,2.7560293140526074e-12,1.0,2.7594724278402732e-12,6.785175815200215e-05,6.785175815200215e-05,0.0,0.0,0.0,0.0009481792909676067,-5.67829096891348e-05,0.00019418917692837212,-2.651431433098317e-05,0.0,6.783675151220267e-05,6.783675426823068e-05,2.7560280193686796e-12,0.0014439608550343712,0.0008008551706851872,1.8814055665825283e-07,-0.0009457491495368231,-2.743750485478813e-06
D3_100P_lam1,468.0,71.80307088579477,1.0,-0.0009486048542881274,-0.0009486048542881274,6.905832659001167e-05,-6.095542965326578e-06,-6.095542970877693e-06,-6.095542967918255e-06,0.9999999976154736,6.905832851674475e-05,0.9999999976154734,6.907457675385607e-05,2.73712868141138e-12,1.0,2.7409810962385308e-12,6.907457482443314e-05,6.907457482443314e-05,0.0,0.0,0.0,0.0009511156851796419,-5.8079010114786556e-05,0.0001979038227513108,-2.718249402849926e-05,-7.105427357601002e-15,6.90583257384471e-05,6.90583284755749e-05,2.7371277940484177e-12,0.0014439563100675497,0.0008008526748748782,1.975269854721676e-07,-0.0009486048542726166,-2.836067807265863e-06
D3_100P_lam1,469.0,71.95649625093534,1.0,-0.000951421285106009,-0.000951421285106009,7.012181098607731e-05,-6.120678035976407e-06,-6.12067804078853e-06,-6.1206780383182835e-06,0.999999997541466,7.012181292634702e-05,0.9999999975414658,7.013605325639445e-05,2.725596555916824e-12,1.0,2.728382523202925e-12,7.013605131404067e-05,7.013605131404067e-05,0.0,0.0,0.0,0.0009540021883729291,-5.9743853219385024e-05,0.00020118487947495822,-2.784810397221671e-05,0.0,7.01218101576515e-05,7.012181288324805e-05,2.725596555916824e-12,0.0014439510605249494,0.0008008500880980474,2.0462551355550298e-07,-0.0009514212851513548,-2.775737669935552e-06
D3_100P_lam1,470.0,72.10992161607594,1.0,-0.0009541563296028291,-0.0009541563296028291,7.134021873625627e-05,-6.168082172328809e-06,-6.168082178629325e-06,-6.168082174434764e-06,0.9999999974552867,7.134022071312412e-05,0.9999999974552863,7.135507105643732e-05,2.8291312539500354e-12,1.0,2.8321751011132972e-12,7.135506907730251e-05,7.135506907730251e-05,0.0,0.0,0.0,0.0009568199664534497,-6.187663217649408e-05,0.0002049150008720524,-2.8496101819708297e-05,-7.105427357601002e-15,7.134021783860907e-05,7.134022066773976e-05,2.829130683049988e-12,0.001443945377711976,0.0008008474732175008,2.093212371461004e-07,-0.0009541563296124878,-2.8421585227533797e-06
D3_100P_lam1,471.0,72.26334698121653,1.0,-0.0009571056021899654,-0.0009571056021899654,7.25636752642314e-05,-6.22899850253808e-06,-6.228998508592265e-06,-6.228998504852201e-06,0.9999999973672566,7.256367728019116e-05,0.9999999973672563,7.258092586776142e-05,2.824541676099928e-12,1.0000000000000002,2.828571435797324e-12,7.258092384899038e-05,7.258092384899038e-05,0.0,0.0,0.0,0.0009598529054323338,-6.372858145220484e-05,0.00020858692451675154,-2.9130921792797082e-05,0.0,7.256367440788783e-05,7.256367723243054e-05,2.824542716194964e-12,0.0014439402487774191,0.0008008450072164255,2.1443883551394027e-07,-0.0009571056021968616,-2.990663887203482e-06
D3_100P_lam1,472.0,72.4167723463571,1.0,-0.0009601376573753144,-0.0009601376573753144,7.361424887185649e-05,-6.2686764322229804e-06,-6.268676437104492e-06,-6.268676434835474e-06,0.9999999972904711,7.361425090230916e-05,0.999999997290471,7.363016704398037e-05,2.7847426208151867e-12,1.0,2.78790875977303e-12,7.363016501120878e-05,7.363016501120878e-05,0.0,0.0,0.0,0.0009629559882145126,-6.478940387111276e-05,0.0002117201143332359,-2.9756811561643115e-05,0.0,7.361424806769954e-05,7.361425085244307e-05,2.78474352883968e-12,0.001443936474113614,0.0008008429127621282,2.1351955712123241e-07,-0.0009601376573868947,-2.967226294003922e-06
D3_100P_lam1,473.0,72.5701977114977,1.0,-0.0009630400547559404,-0.0009630400547559404,7.477261577321288e-05,-6.333636306799645e-06,-6.333636312659541e-06,-6.333636308770291e-06,0.999999997204528,7.477261783317298e-05,0.9999999972045277,7.478784550731012e-05,2.8940483762297886e-12,1.0,2.896808172783162e-12,7.47878434452172e-05,7.47878434452172e-05,0.0,0.0,0.0,0.0009659388656080993,-6.52214316867461e-05,0.0002152198554168372,-3.0363295990709638e-05,0.0,7.477261488687001e-05,7.477261778091697e-05,2.8940469550239853e-12,0.001443934122698752,0.000800841279739859,2.063897752790991e-07,-0.0009630400547848694,-2.9773911762731586e-06
D3_100P_lam1,474.0,72.72362307663829,1.0,-0.0009660924397211104,-0.0009660924397211104,7.598572886247328e-05,-6.427953526799007e-06,-6.42795353305789e-06,-6.427953529158231e-06,0.9999999971130845,7.59857309626271e-05,0.9999999971130844,7.600382791171015e-05,2.910453389428536e-12,0.9999999999999999,2.9143646619814337e-12,7.600382580876859e-05,7.600382580876859e-05,0.0,0.0,0.0,0.0009690766521414718,-6.543660757596381e-05,0.0002188983701407743,-3.0952596834388224e-05,0.0,7.598572799732972e-05,7.598573090778295e-05,2.910453227109739e-12,0.0014439324424072573,0.0008008399384774584,1.975204296929688e-07,-0.000966092439739441,-3.153825957724621e-06
D3_100P_lam1,475.0,72.87704844177887,1.0,-0.0009693477066726467,-0.0009693477066726467,7.702318960191354e-05,-6.5093659921584834e-06,-6.509365996977545e-06,-6.509365994434441e-06,0.9999999970337142,7.702319171894901e-05,0.9999999970337139,7.704134921416034e-05,2.843999306686856e-12,1.0000000000000002,2.8476568649869943e-12,7.704134709449535e-05,7.704134709449535e-05,0.0,0.0,0.0,0.000972403565837565,-6.552038356844037e-05,0.00022200187357901413,-3.153599934840878e-05,0.0,7.70231888178324e-05,7.702319166183171e-05,2.843999306686856e-12,0.0014439308580775762,0.0008008385460972821,1.8820162151156984e-07,-0.0009693477067003187,-3.1963513436039648e-06
D3_100P_lam1,476.0,73.03047380691946,1.0,-0.000972485142407131,-0.000972485142407131,7.807903503652748e-05,-6.612108921374982e-06,-6.6121089269712e-06,-6.612108923029908e-06,0.999999996951832,7.807903717538423e-05,0.999999996951832,7.80952949894567e-05,2.9495268566316577e-12,1.0000000000000002,2.952203675961625e-12,7.809529284848566e-05,7.809529284848566e-05,0.0,0.0,0.0,0.0009756150058839407,-6.607653977597217e-05,0.00022528752834372057,-3.2108725691593065e-05,0.0,7.80790341663558e-05,7.807903711588264e-05,2.9495268422802934e-12,0.0014439282632667237,0.0008008369532289163,1.7693165525945213e-07,-0.000972485142426649,-3.147121162783151e-06
D3_100P_lam1,477.0,73.18389917206005,1.0,-0.0009756419490434255,-0.0009756419490434255,7.920103390850692e-05,-6.740334580358082e-06,-6.740334586814722e-06,-6.740334582411994e-06,0.9999999968635982,7.920103608541595e-05,0.999999996863598,7.921934588564436e-05,2.986184665623086e-12,0.9999999999999999,2.9897493804564423e-12,7.92193437061025e-05,7.92193437061025e-05,0.0,0.0,0.0,0.000978851988046367,-6.755139078640227e-05,0.00022889093314004683,-3.266657386297167e-05,0.0,7.920103303713184e-05,7.920103602331568e-05,2.9861838347568735e-12,0.0014439242472909762,0.0008008350180217325,1.6476929087719442e-07,-0.000975641949025885,-3.2764888260317093e-06
D3_100P_lam1,478.0,73.33732453720063,1.0,-0.0009790381200735008,-0.0009790381200735008,8.015657417848455e-05,-6.847553176796833e-06,-6.847553182004473e-06,-6.847553178965238e-06,0.9999999967874614,8.015657637521265e-05,0.9999999967874614,8.01762512614871e-05,2.904798423998658e-12,0.9999999999999999,2.908879814362564e-12,8.017624906189008e-05,8.017624906189008e-05,0.0,0.0,0.0,0.0009823146574940386,-6.911675173326692e-05,0.00023193933397402944,-3.321670588540826e-05,0.0,8.015657340603822e-05,8.01565763108366e-05,2.9047983800351156e-12,0.0014439196553726287,0.000800832710984712,1.5421130704330732e-07,-0.0009790381200787124,-3.3645877408616798e-06
D3_100P_lam1,479.0,73.49074990234122,1.0,-0.0009823711244855689,-0.0009823711244855689,8.105004795955063e-05,-6.9584223484076e-06,-6.958422353760957e-06,-6.9584223499619124e-06,0.9999999967154448,8.105005017153811e-05,0.9999999967154446,8.106721546253899e-05,2.994602604363703e-12,1.0000000000000002,2.997435030716883e-12,8.106721324834184e-05,8.106721324834184e-05,0.0,0.0,0.0,0.0009857095035869837,-7.083437893340427e-05,0.0002349465336495271,-3.3754545044784035e-05,0.0,8.105004711038248e-05,8.10500501049851e-05,2.994602613985186e-12,0.0014439144194358033,0.0008008302909878059,1.415141228587852e-07,-0.0009823711245076083,-3.2735063086875016e-06
D3_100P_lam1,480.0,73.64417526748181,1.0,-0.000985585132744724,-0.000985585132744724,8.202559313655661e-05,-7.08799559766965e-06,-7.087995604157515e-06,-7.087995599907443e-06,0.999999996635901,8.202559538211766e-05,0.9999999966359006,8.204320428689545e-05,3.046791573885499e-12,1.0000000000000002,3.0499461452347225e-12,8.204320203895055e-05,8.204320203895055e-05,0.0,0.0,0.0,0.0009889931266904124,-7.290569301410255e-05,0.00023832685406022236,-3.4267877090043974e-05,7.105427357601002e-15,8.20255922663418e-05,8.202559531313233e-05,3.0467905224599074e-12,0.0014439089069016376,0.0008008277923533483,1.2738660292321735e-07,-0.0009855851326960874,-3.315754895538703e-06
D3_100P_lam1,481.0,73.79760063262239,1.0,-0.0009890026343256657,-0.0009890026343256657,8.287530648360924e-05,-7.198603364982903e-06,-7.198603370353607e-06,-7.198603367234574e-06,0.9999999965658418,8.28753087514134e-05,0.9999999965658415,8.289527731892592e-05,2.9655022528899452e-12,0.9999999999999999,2.969773880982344e-12,8.289527504817927e-05,8.289527504817927e-05,0.0,0.0,0.0,0.0009924696324226595,-7.485246774852072e-05,0.00024125589212031784,-3.4755209824599564e-05,-7.105427357601002e-15,8.287530571475742e-05,8.287530868025933e-05,2.96550190405283e-12,0.0014439034742255027,0.0008008253098389266,1.1752504654704818e-07,-0.0009890026342986857,-3.4414614447086933e-06
D3_100P_lam1,482.0,73.95102599776298,1.0,-0.0009924680555799506,-0.0009924680555799506,8.362369876927077e-05,-7.313964980805443e-06,-7.31396498571818e-06,-7.3139649823771025e-06,0.9999999965035387,8.362370104808498e-05,0.9999999965035383,8.364178440860175e-05,3.0297993189369486e-12,1.0,3.033018415992279e-12,8.364178212738393e-05,8.364178212738393e-05,0.0,0.0,0.0,0.0009959854357616176,-7.671808299380967e-05,0.00024395877200200644,-3.521415446805509e-05,-7.105427357601002e-15,8.362369794518587e-05,8.362370097498751e-05,3.029801642718867e-12,0.0014438982978214477,0.0008008230576520838,1.1005315331345631e-07,-0.0009924680555855048,-3.3723437127264333e-06
D3_100P_lam1,483.0,74.10445136290357,1.0,-0.0009957473217113452,-0.0009957473217113452,8.445725636454428e-05,-7.461578760751403e-06,-7.461578766618238e-06,-7.46157876233694e-06,0.999999996433486,8.445725867074694e-05,0.9999999964334858,8.44742429499319e-05,3.0912480362906456e-12,1.0000000000000002,3.0940971775490515e-12,8.447424064153082e-05,8.447424064153082e-05,0.0,0.0,0.0,0.0009993231997394603,-7.812853944866305e-05,0.00024701995781795105,-3.5633189754469274e-05,-7.105427357601002e-15,8.445725550419644e-05,8.445725859544385e-05,3.0912474230006365e-12,0.0014438943244927933,0.0008008211310310385,1.0360231257451277e-07,-0.0009957473217241386,-3.340617467983975e-06
D3_100P_lam1,484.0,74.25787672804415,1.0,-0.0009991492905176108,-0.0009991492905176108,8.521400081904052e-05,-7.602982899656413e-06,-7.602982904929972e-06,-7.6029829018491035e-06,0.999999996369287,8.521400314852277e-05,0.999999996369287,8.523376029295091e-05,3.0198898669429283e-12,0.9999999999999999,3.024052818203634e-12,8.523375796059971e-05,8.523375796059971e-05,0.0,0.0,0.0,0.0010027772314750783,-7.902384311453403e-05,0.0002497743743372638,-3.6007043069774536e-05,0.0,8.5214000051281e-05,8.521400307117474e-05,3.019893740824313e-12,0.0014438914904546297,0.0008008197162712256,1.0353425711191141e-07,-0.0009991492905214727,-3.491307381864317e-06
D3_100P_lam1,485.0,74.41130209318474,1.0,-0.001002729936498356,-0.001002729936498356,8.585025806951701e-05,-7.737557374837972e-06,-7.737557379511317e-06,-7.737557376708004e-06,0.9999999963148665,8.58502604079943e-05,0.9999999963148662,8.586974534554795e-05,3.0579424465434138e-12,0.9999999999999999,3.0616620781539202e-12,8.586974300439503e-05,8.586974300439503e-05,0.0,0.0,0.0,0.0010063990299364447,-7.94028242769862e-05,0.00025214137125706415,-3.6340348909313924e-05,0.0,8.585025727095787e-05,8.585026032890123e-05,3.057943357520228e-12,0.0014438900226339247,0.000800818789317401,1.0682981340118358e-07,-0.0010027299364878672,-3.4997839293282595e-06
D3_100P_lam1,486.0,74.56472745832534,1.0,-0.0010061488583820632,-0.0010061488583820632,8.654018022776348e-05,-7.87483585048751e-06,-7.874835856055973e-06,-7.874835851948148e-06,0.9999999962553985,8.654018258670035e-05,0.9999999962553983,8.655749323636579e-05,3.1206984508577432e-12,1.0,3.12344947268124e-12,8.65574908752801e-05,8.65574908752801e-05,0.0,0.0,0.0,0.001009864287460899,-7.907437102305792e-05,0.00025473336788861545,-3.663125967723335e-05,0.0,8.654017938498897e-05,8.654018250568753e-05,3.1206985593205885e-12,0.0014438898994145752,0.0008008182695274091,1.0769741525258276e-07,-0.0010061488583801292,-3.4230824041969754e-06
D3_100P_lam1,487.0,74.71815282346591,1.0,-0.0010095761013147288,-0.0010095761013147288,8.719140113481997e-05,-7.985123035639252e-06,-7.985123041263226e-06,-7.985123037630715e-06,0.9999999961988297,8.7191403516541e-05,0.9999999961988295,8.72109825176057e-05,3.0612790799935867e-12,1.0000000000000002,3.0650977965738432e-12,8.721098013318251e-05,8.721098013318251e-05,0.0,0.0,0.0,0.0010133349306361299,-7.88509530581516e-05,0.0002571258100556584,-3.687577375616202e-05,0.0,8.719140037239954e-05,8.719140343368255e-05,3.061283009142739e-12,0.0014438900053515078,0.0008008180906993382,1.0957996534481153e-07,-0.0010095761012962612,-3.55488080572286e-06
D3_100P_lam1,488.0,74.8715781886065,1.0,-0.0010132586199721513,-0.0010132586199721513,8.770914032856472e-05,-8.076582002171373e-06,-8.076582006681654e-06,-8.076582003687521e-06,0.9999999961535532,8.77091427189157e-05,0.9999999961535532,8.773022288135243e-05,3.0843228457409754e-12,1.0,3.0885070611120556e-12,8.773022048805928e-05,8.773022048805928e-05,0.0,0.0,0.0,0.0010170484513356316,-7.87524248292426e-05,0.00025902442479086574,-3.7084260203879005e-05,-7.105427357601002e-15,8.770913955025045e-05,8.770914263457334e-05,3.084322891401153e-12,0.0014438902706572902,0.0008008180033029841,1.0891491037509308e-07,-0.001013258619991575,-3.64461638469038e-06
D3_100P_lam1,489.0,75.0250035537471,1.0,-0.0010168653340700557,-0.0010168653340700557,8.823989599726594e-05,-8.161148944352964e-06,-8.161148949806935e-06,-8.161148945858704e-06,0.9999999961068605,8.82398984016831e-05,0.9999999961068603,8.82583724813741e-05,3.137543850548518e-12,1.0000000000000002,3.140449382239857e-12,8.825837007469728e-05,8.825837007469728e-05,0.0,0.0,0.0,0.001020687358215298,-7.836168887109807e-05,0.00026100390036232213,-3.7264286976035343e-05,-1.4210854715202004e-14,8.82398951782586e-05,8.823989831580245e-05,3.137543850548518e-12,0.0014438908487488333,0.0008008180115498512,1.0159198038000343e-07,-0.001016865334065642,-3.5498046884185896e-06
D3_100P_lam1,490.0,75.17842891888768,1.0,-0.0010203582293238358,-0.0010203582293238358,8.877019175328162e-05,-8.222161901438874e-06,-8.222161907121828e-06,-8.222161902975839e-06,0.9999999960599264,8.877019417832944e-05,0.9999999960599263,8.878957558781957e-05,3.088432724367143e-12,1.0000000000000002,3.091834011722972e-12,8.878957316027565e-05,8.878957316027565e-05,0.0,0.0,0.0,0.0010242131001513483,-7.800549141190327e-05,0.00026291735694350393,-3.7412169960782116e-05,7.105427357601002e-15,8.877019100245604e-05,8.877019409088858e-05,3.0884325283667445e-12,0.0014438916989228624,0.0008008182617376253,9.094184848484679e-08,-0.0010203582293684121,-3.6158002671982103e-06
D3_100P_lam1,491.0,75.33185428402827,1.0,-0.0010240969346123657,-0.0010240969346123657,8.917586754420126e-05,-8.258534625812941e-06,-8.258534630156689e-06,-8.258534627741954e-06,0.9999999960238325,8.917586997770355e-05,0.999999996023832,8.919808848000239e-05,3.1117159567029467e-12,1.0,3.116139286390855e-12,8.919808604341272e-05,8.919808604341272e-05,0.0,0.0,0.0,0.0010279730746245047,-7.73710498362945e-05,0.00026433537850101274,-3.753711165693785e-05,-1.4210854715202004e-14,8.917586677734311e-05,8.917586988905949e-05,3.111716379873172e-12,0.0014438932479049391,0.0008008186700526888,7.732883723608319e-08,-0.0010240969346000384,-3.7630852318670804e-06
D3_100P_lam1,492.0,75.48527964916885,1.0,-0.001027884399806482,-0.001027884399806482,8.95591233917212e-05,-8.278710581541976e-06,-8.278710585989807e-06,-8.27871058277363e-06,0.9999999959895818,8.955912583351852e-05,0.9999999959895816,8.957927654062542e-05,3.145608787882293e-12,1.0,3.1489020998405097e-12,8.95792740963293e-05,8.95792740963293e-05,0.0,0.0,0.0,0.0010317793741094175,-7.625487966311795e-05,0.0002657198348861023,-3.7651727583909445e-05,-2.1316282072803006e-14,8.955912259811502e-05,8.955912574372591e-05,3.1456108913538866e-12,0.0014438952745517062,0.0008008191401452343,6.320670754071702e-08,-0.0010278843998321463,-3.690788219046226e-06
D3_100P_lam1,493.0,75.63870501430944,1.0,-0.0010314785110765027,-0.0010314785110765027,8.996289590376409e-05,-8.291176886346396e-06,-8.291176892237517e-06,-8.291176887977036e-06,0.9999999959533384,8.996289836216212e-05,0.9999999959533383,8.998219844874509e-05,3.103347075267825e-12,0.9999999999999998,3.1064219494851785e-12,8.99821959880171e-05,8.99821959880171e-05,0.0,0.0,0.0,0.0010353949143687945,-7.55307516294712e-05,0.00026716652940983465,-3.775286984808446e-05,-1.4210854715202004e-14,8.996289516780291e-05,8.996289827114935e-05,3.10334643286431e-12,0.001443896670906494,0.000800819556655559,5.1744118057224e-08,-0.0010314785110381308,-3.6683386781533045e-06
D3_100P_lam1,494.0,75.79213037945003,1.0,-0.0010352210771969609,-0.0010352210771969609,9.024799987541696e-05,-8.292677249187308e-06,-8.292677253548403e-06,-8.292677250849173e-06,0.9999999959276493,9.024800234126357e-05,0.999999995927649,9.027041999797226e-05,3.137452393348239e-12,1.0000000000000002,3.141792261432551e-12,9.027041752906177e-05,9.027041752906177e-05,0.0,0.0,0.0,0.0010391482890545027,-7.546452463524922e-05,0.00026817927578637324,-3.784328714306895e-05,0.0,9.024799911192872e-05,9.024800224938259e-05,3.1374538656604357e-12,0.001443897000972261,0.0008008196191749849,4.422440691774524e-08,-0.001035221077188453,-3.819347568878584e-06
D3_100P_lam1,495.0,75.9455557445906,1.0,-0.0010391172061826198,-0.0010391172061826198,9.047507281915773e-05,-8.278660752432387e-06,-8.278660756751849e-06,-8.278660753695266e-06,0.9999999959071306,9.047507528860675e-05,0.9999999959071304,9.049665186511997e-05,3.149193742889108e-12,0.9999999999999999,3.152996812094537e-12,9.049664939288533e-05,9.049664939288533e-05,0.0,0.0,0.0,0.0010430493622418816,-7.576328322189685e-05,0.0002690673691780887,-3.793329759838038e-05,0.0,9.047507204683656e-05,9.047507519603147e-05,3.149194906009108e-12,0.001443896157357842,0.0008008192504013241,4.03242014848254e-08,-0.001039117206175888,-3.7890265502937837e-06
D3_100P_lam1,496.0,76.0989811097312,1.0,-0.0010427991303054661,-0.0010427991303054661,9.073674049240595e-05,-8.26054174087043e-06,-8.260541747063394e-06,-8.260541742390048e-06,0.9999999958834221,9.073674297392128e-05,0.9999999958834216,9.075583864932538e-05,3.110432984715495e-12,1.0,3.1133702678766346e-12,9.075583616556422e-05,9.075583616556422e-05,0.0,0.0,0.0,0.0010467399467180463,-7.660493415884151e-05,0.00027010576364361327,-3.801806080039327e-05,-7.105427357601002e-15,9.073673977010733e-05,9.073674288054039e-05,3.110433060229466e-12,0.0014438942362694604,0.0008008186190931603,3.737856992041299e-08,-0.0010427991302890405,-3.679271401324513e-06
D3_100P_lam1,497.0,76.25240647487179,1.0,-0.0010464757490259706,-0.0010464757490259706,9.090235469981625e-05,-8.234285810468367e-06,-8.234285815075792e-06,-8.234285811963699e-06,0.9999999958683811,9.090235718715761e-05,0.999999995868381,9.092374136301901e-05,3.1575419402814467e-12,1.0,3.1615351450992545e-12,9.092373887281857e-05,9.092373887281857e-05,0.0,0.0,0.0,0.0010504172272004129,-7.762295022695209e-05,0.00027079710877409013,-3.809093628209803e-05,0.0,9.090235393571829e-05,9.090235709326334e-05,3.1575450516163937e-12,0.0014438921280108211,0.0008008178646880869,3.3591708351992496e-08,-0.001046475748978537,-3.7843674931536952e-06
D3_100P_lam1,498.0,76.40583184001237,1.0,-0.0010503678652455984,-0.0010503678652455984,9.1003101907374e-05,-8.199284833396853e-06,-8.199284837452636e-06,-8.199284834583404e-06,0.9999999958592177,9.100310439496203e-05,0.9999999958592175,9.10253615944069e-05,3.151939637537665e-12,1.0000000000000002,3.156224336637576e-12,9.102535910380281e-05,9.102535910380281e-05,0.0,0.0,0.0,0.0010543035317573909,-7.832848265787451e-05,0.0002713112028769338,-3.8156397545452414e-05,-1.4210854715202004e-14,9.100310114881542e-05,9.100310430075518e-05,3.1519397533922057e-12,0.0014438903637609443,0.0008008171903404662,2.8886661951935947e-08,-0.0010503678652753479,-3.822017390575638e-06
D3_100P_lam1,499.0,76.55925720515296,1.0,-0.001054119783736498,-0.001054119783736498,9.115450884786887e-05,-8.181524369176019e-06,-8.18152437512612e-06,-8.181524370806659e-06,0.9999999958454276,9.115451134322853e-05,0.9999999958454275,9.117372130920413e-05,3.117970578889144e-12,1.0,3.1210191514712807e-12,9.117371881154187e-05,9.117371881154187e-05,0.0,0.0,0.0,0.0010580543340413875,-7.866654983190724e-05,0.00027205220519066486,-3.821180083335429e-05,0.0,9.115450813057932e-05,9.115451124855093e-05,3.1179716045211725e-12,0.0014438893372195048,0.0008008167425728926,2.5312044778742467e-08,-0.0010541197837596883,-3.684239004542178e-06
D3_100P_lam1,500.0,76.71268257029355,1.0,-0.0010577363433180074,-0.0010577363433180074,9.123374922007086e-05,-8.17615159023899e-06,-8.176151594922743e-06,-8.176151591786363e-06,0.9999999958382015,9.12337517189713e-05,0.9999999958382012,9.125387963025456e-05,3.164109772202935e-12,0.9999999999999999,3.167647008912551e-12,9.125387712876051e-05,9.125387712876051e-05,0.0,0.0,0.0,0.001061664346303103,-7.863064475532866e-05,0.0002725462452146665,-3.8247979943173416e-05,0.0,9.123374845993688e-05,9.123375162404486e-05,3.1641079898327236e-12,0.0014438891609980212,0.0008008165484914735,2.4833245630115416e-08,-0.0010577363432844322,-3.7270629036356695e-06
D3_100P_lam1,501.0,76.86610793543413,1.0,-0.0010615739095287758,-0.0010615739095287758,9.12317545986166e-05,-8.173497918380346e-06,-8.173497922130818e-06,-8.173497919553019e-06,0.9999999958383834,9.12317570948882e-05,0.9999999958383832,9.125427723644362e-05,3.1585397635416634e-12,1.0000000000000002,3.16307132371849e-12,9.125427473703163e-05,9.125427473703163e-05,0.0,0.0,0.0,0.0010654877325817582,-7.843053671829914e-05,0.0002728058508427722,-3.826620747193754e-05,0.0,9.123175384143126e-05,9.123175699997038e-05,3.1585391205607166e-12,0.0014438893168994785,0.0008008164877964939,2.4694856009955086e-08,-0.0010615739095669596,-3.832584155816221e-06
D3_100P_lam1,502.0,77.01953330057472,1.0,-0.0010654015115796522,-0.0010654015115796522,9.126899784043063e-05,-8.198443411260026e-06,-8.198443416918694e-06,-8.198443412332085e-06,0.999999995834985,9.126900034067337e-05,0.9999999958349848,9.12889472221621e-05,3.1271892772519093e-12,0.9999999999999999,3.130576399524298e-12,9.128894471942819e-05,9.128894471942819e-05,0.0,0.0,0.0,0.0010693043390198821,-7.840055359042974e-05,0.00027330008780657167,-3.8269118713241124e-05,-7.105427357601002e-15,9.126899711844983e-05,9.126900024563825e-05,3.127188425425121e-12,0.001443889160792169,0.0008008163587312768,2.4492671773574777e-08,-0.0010654015115960647,-3.7154358665247855e-06
D3_100P_lam1,503.0,77.17295866571531,1.0,-0.00106900478130171,-0.00106900478130171,9.124389488817282e-05,-8.231767580753335e-06,-8.231767585940158e-06,-8.231767582151522e-06,0.9999999958372758,9.124389738947617e-05,0.9999999958372755,9.126299016034793e-05,3.1519229213373136e-12,1.0,3.1550932679864114e-12,9.12629876566859e-05,9.12629876566859e-05,0.0,0.0,0.0,0.0010728923076463786,-7.884446697803416e-05,0.000273588139910963,-3.824916583139437e-05,-1.4210854715202004e-14,9.124389414259576e-05,9.124389729451941e-05,3.1519236522932135e-12,0.001443888248878917,0.0008008161192464994,2.732858711336609e-08,-0.0010690047813000092,-3.6715493081374007e-06
D3_100P_lam1,504.0,77.32638403085589,1.0,-0.001072744610201944,-0.001072744610201944,9.111562356546247e-05,-8.247691418453162e-06,-8.247691422515885e-06,-8.247691419820125e-06,0.9999999958489714,9.111562606114505e-05,0.9999999958489714,9.113761076086622e-05,3.1682459564492975e-12,0.9999999999999998,3.1727038937542405e-12,9.113760826209871e-05,9.113760826209871e-05,0.0,0.0,0.0,0.0010766079318526734,-7.950641898268884e-05,0.00027353725064171996,-3.820255946085371e-05,-1.4210854715202004e-14,9.111562279834282e-05,9.11156259665898e-05,3.1682469813982685e-12,0.0014438871698845164,0.0008008158710953839,3.0043880912691225e-08,-0.0010727446102123395,-3.7964077250762784e-06
D3_100P_lam1,505.0,77.47980939599648,1.0,-0.001076597596752525,-0.001076597596752525,9.102198740338945e-05,-8.268201933260555e-06,-8.26820193881167e-06,-8.268201934186897e-06,0.9999999958574991,9.102198989990348e-05,0.9999999958574987,9.104272273596306e-05,3.130058742054311e-12,1.0,3.133923989757872e-12,9.104272023670432e-05,9.104272023670432e-05,0.0,0.0,0.0,0.0010804391647760436,-7.967409269438175e-05,0.00027367844995218604,-3.813351072029514e-05,-1.4210854715202004e-14,9.102198667558507e-05,9.102198980564295e-05,3.1300578685301633e-12,0.001443886841108941,0.0008008158052793331,3.5049175698103536e-08,-0.0010765975967501618,-3.7337368610224075e-06
D3_100P_lam1,506.0,77.63323476113707,1.0,-0.001080212083941192,-0.001080212083941192,9.089109794270976e-05,-8.286721167326955e-06,-8.286721173058481e-06,-8.286721168513506e-06,0.9999999958694042,9.089110043821609e-05,0.9999999958694041,9.09095047562368e-05,3.125182646792626e-12,0.9999999999999998,3.128182335469161e-12,9.090950225847826e-05,9.090950225847826e-05,0.0,0.0,0.0,0.0010840297165607094,-7.937204688279742e-05,0.00027366247470927973,-3.8038335482992736e-05,-1.4210854715202004e-14,9.089109721917544e-05,9.08911003443582e-05,3.125182757947703e-12,0.0014438873536678479,0.0008008160138505861,4.3975999779886964e-08,-0.0010802120839343843,-3.617893895579982e-06
D3_100P_lam1,507.0,77.78666012627765,1.0,-0.0010838333845429459,-0.0010838333845429459,9.064230043883161e-05,-8.294785172627273e-06,-8.294785176558156e-06,-8.294785173789537e-06,0.9999999958919868,9.064230292529873e-05,0.9999999958919863,9.066313677733667e-05,3.1664660146685118e-12,1.0000000000000002,3.170579951531071e-12,9.06631342879848e-05,9.06631342879848e-05,0.0,0.0,0.0,0.0010876176725629788,-7.915854306694836e-05,0.000273237797165482,-3.7910457034662226e-05,-7.105427357601002e-15,9.064229966573887e-05,9.064230283220914e-05,3.1664702800084062e-12,0.00144388811934356,0.0008008164153155544,5.176826550108768e-08,-0.0010838333845413217,-3.7218146360373794e-06
D3_100P_lam1,508.0,77.94008549141824,1.0,-0.0010876557132037932,-0.0010876557132037932,9.042606762860125e-05,-8.325703435799192e-06,-8.325703440822951e-06,-8.32570343669431e-06,0.9999999959115631,9.0426070113059e-05,0.9999999959115631,9.044746449548748e-05,3.1239923660736776e-12,1.0,3.1283333819311626e-12,9.0447462008037e-05,9.0447462008037e-05,0.0,0.0,0.0,0.001091408832848453,-7.899745783379597e-05,0.00027298595445124363,-3.7754826804459185e-05,-1.4210854715202004e-14,9.042606689664147e-05,9.04260700206341e-05,3.123992622751382e-12,0.0014438889661420819,0.0008008169426874698,5.659747852863808e-08,-0.001087655713206459,-3.738456541668711e-06
D3_100P_lam1,509.0,78.09351085655884,1.0,-0.0010913102976006265,-0.0010913102976006265,9.019865527571762e-05,-8.369111378858651e-06,-8.369111384180783e-06,-8.369111379778055e-06,0.9999999959321015,9.019865775789739e-05,0.9999999959321012,9.021703761762295e-05,3.0873156225892957e-12,1.0,3.0904177192363892e-12,9.021703513315782e-05,9.021703513315782e-05,0.0,0.0,0.0,0.0010950319549940797,-7.844440388538043e-05,0.0002726619096713456,-3.7574293248354707e-05,0.0,9.019865457885413e-05,9.019865766616901e-05,3.0873148758365693e-12,0.0014438904493357676,0.0008008176367416461,5.902560826868661e-08,-0.0010913102976246591,-3.5911597819904273e-06
D3_100P_lam1,510.0,78.24693622169941,1.0,-0.001094838032794975,-0.001094838032794975,8.983608443542272e-05,-8.392379783318804e-06,-8.392379787367649e-06,-8.392379784935566e-06,0.999999995964739,8.983608690490043e-05,0.9999999959647387,8.98556132146643e-05,3.1384542637288465e-12,0.9999999999999999,3.1421385932958916e-12,8.985561074255874e-05,8.985561074255874e-05,0.0,0.0,0.0,0.0010985180809281784,-7.771604650808062e-05,0.0002718535082872897,-3.736263443543386e-05,0.0,8.983608367581943e-05,8.983608681427356e-05,3.138454117544312e-12,0.0014438924390818245,0.0008008185645984561,5.8851220363155674e-08,-0.00109483803277044,-3.6344272018595802e-06
D3_100P_lam1,511.0,78.40036158684,1.0,-0.0010985791520027198,-0.0010985791520027198,8.950159580878182e-05,-8.423994356146491e-06,-8.423994360465953e-06,-8.42399435690283e-06,0.9999999959947322,8.950159827316077e-05,0.9999999959947321,8.952321268328182e-05,3.1137244790231144e-12,0.9999999999999999,3.1183467170579595e-12,8.952321021577586e-05,8.952321021577586e-05,0.0,0.0,0.0,0.001102219603016888,-7.711553497535828e-05,0.0002711458645574538,-3.712349145490457e-05,-7.105427357601002e-15,8.950159506981861e-05,8.950159818354212e-05,3.1137235121723676e-12,0.0014438944739392002,0.000800819616673917,5.7689593698735857e-08,-0.0010985791520283783,-3.718136014185802e-06
D3_100P_lam1,512.0,78.5537869519806,1.0,-0.0011022743047943019,-0.0011022743047943019,8.918904568690665e-05,-8.463195331986917e-06,-8.463195337721913e-06,-8.463195332902851e-06,0.9999999960226572,8.918904814857478e-05,0.9999999960226569,8.920795256444807e-05,3.037851981715746e-12,1.0,3.0413137714875272e-12,8.920795010032115e-05,8.920795010032115e-05,0.0,0.0,0.0,0.0011058771800688068,-7.639805421566503e-05,0.00027044449481827826,-3.686553690529504e-05,0.0,8.918904502203894e-05,8.91890480598908e-05,3.037851863794266e-12,0.0014438966814558593,0.0008008207031550055,5.821766954566309e-08,-0.0011022743047988115,-3.5856985789450846e-06
D3_100P_lam1,513.0,78.70721231712118,1.0,-0.001105750549193375,-0.001105750549193375,8.873585736561298e-05,-8.473293528162007e-06,-8.47329353234963e-06,-8.473293529431825e-06,0.999999996062974,8.873585981137314e-05,0.9999999960629736,8.875427937071848e-05,3.0879563959474055e-12,1.0,3.0912703816790337e-12,8.875427692255495e-05,8.875427692255495e-05,0.0,0.0,0.0,0.001109305753047459,-7.561809856526658e-05,0.0002691991034358132,-3.658595797978448e-05,-7.105427357601002e-15,8.873585663607441e-05,8.873585972402984e-05,3.087955433436082e-12,0.0014438991217004997,0.0008008219644618542,6.177968132981382e-08,-0.0011057505491862685,-3.551416568825516e-06
D3_100P_lam1,514.0,78.86063768226177,1.0,-0.0011093771379186597,-0.0011093771379186597,8.830289731223273e-05,-8.480552386811585e-06,-8.480552391387786e-06,-8.480552387581802e-06,0.9999999961012992,8.830289974904051e-05,0.9999999961012991,8.832416909150229e-05,3.097073970617698e-12,1.0,3.101673931951372e-12,8.832416665158121e-05,8.832416665158121e-05,0.0,0.0,0.0,0.0011128864593086792,-7.470605910719907e-05,0.0002679530519729134,-3.6286150190356636e-05,-7.105427357601002e-15,8.830289656589971e-05,8.830289966297346e-05,3.0970737467775834e-12,0.0014439021282632281,0.0008008234374471233,6.628994471853607e-08,-0.0011093771379364625,-3.6711120969812328e-06
D3_100P_lam1,515.0,79.01406304740236,1.0,-0.0011130927733647889,-0.0011130927733647889,8.79289184818396e-05,-8.481483994893929e-06,-8.481484000334022e-06,-8.481483995442102e-06,0.9999999961342527,8.792892091596201e-05,0.9999999961342524,8.794876499393696e-05,2.9883440565886233e-12,1.0,2.992338820932607e-12,8.794876255708008e-05,8.794876255708008e-05,0.0,0.0,0.0,0.0011165608155431282,-7.328098163206231e-05,0.00026680631444442326,-3.597792892612306e-05,-2.1316282072803006e-14,8.792891784263917e-05,8.792892083098524e-05,2.988346064317247e-12,0.0014439059327304125,0.0008008250742928606,6.865052630755434e-08,-0.001113092773380231,-3.5997478278204653e-06
D3_100P_lam1,516.0,79.16748841254294,1.0,-0.0011165766336254813,-0.0011165766336254813,8.74189128349119e-05,-8.442592836388485e-06,-8.442592840544882e-06,-8.442592837273194e-06,0.9999999961789667,8.741891525110468e-05,0.9999999961789667,8.743686961374101e-05,3.0229052942791375e-12,1.0,3.0260568204110664e-12,8.743686719525293e-05,8.743686719525293e-05,0.0,0.0,0.0,0.0011199938555223625,-7.171992023591311e-05,0.0002651142160607911,-3.566445285807518e-05,0.0,8.74189121446886e-05,8.741891516759547e-05,3.0229068621120385e-12,0.0014439099887113267,0.0008008268691794695,7.03297536189513e-08,-0.0011165766335921035,-3.5016138895116455e-06
D3_100P_lam1,517.0,79.32091377768353,1.0,-0.0011200960011501777,-0.0011200960011501777,8.689817211054793e-05,-8.40029928491845e-06,-8.400299289126889e-06,-8.400299285785812e-06,0.9999999962243539,8.689817451276945e-05,0.9999999962243536,8.691871287474926e-05,3.0709245977155782e-12,1.0,3.0752214422958202e-12,8.691871046956306e-05,8.691871046956306e-05,0.0,0.0,0.0,0.001123462239185487,-7.029978669947923e-05,0.0002633027582996661,-3.534569920493613e-05,-1.4210854715202004e-14,8.68981713598205e-05,8.689817443074596e-05,3.070925464049313e-12,0.0014439140301920554,0.0008008286569771119,7.203288749757486e-08,-0.0011200960011592542,-3.6092835671297507e-06
D3_100P_lam1,518.0,79.47433914282412,1.0,-0.0011237952007797293,-0.0011237952007797293,8.646292917478028e-05,-8.361158483877196e-06,-8.361158488800341e-06,-8.361158484303938e-06,0.9999999962620807,8.646293157412262e-05,0.9999999962620806,8.648370888187112e-05,2.9532922098864997e-12,0.9999999999999999,2.957809415607625e-12,8.6483706479528e-05,8.6483706479528e-05,0.0,0.0,0.0,0.0011271169186994274,-6.89505813986635e-05,0.00026170165702499304,-3.503177102864852e-05,-1.4210854715202004e-14,8.646292854002844e-05,8.646293149332456e-05,2.953296124801781e-12,0.0014439176404952867,0.0008008302622818894,7.135846842694067e-08,-0.001123795200726363,-3.6097088980113767e-06
D3_100P_lam1,519.0,79.6277645079647,1.0,-0.001127315418957941,-0.001127315418957941,8.590676390056409e-05,-8.290135341725013e-06,-8.290135345978555e-06,-8.290135342464006e-06,0.9999999963100142,8.590676628166404e-05,0.9999999963100138,8.592475943210897e-05,2.9478599502939422e-12,1.0,2.9511151932134125e-12,8.592475704867764e-05,8.592475704867764e-05,0.0,0.0,0.0,0.0011305842468142975,-6.810312573024557e-05,0.0002596343324210437,-3.472937201881576e-05,-2.1316282072803006e-14,8.59067632545539e-05,8.590676620241487e-05,2.947860959875529e-12,0.0014439201757941987,0.0008008315646515806,7.197359827202605e-08,-0.001127315418955277,-3.467732966555559e-06
D3_100P_lam1,520.0,79.78118987310529,1.0,-0.001130730666671931,-0.001130730666671931,8.529827915182775e-05,-8.207867294315885e-06,-8.207867298257177e-06,-8.207867295113858e-06,0.9999999963621019,8.529828151322536e-05,0.9999999963621016,8.531756710646306e-05,3.0370039139518493e-12,1.0000000000000002,3.0408548001705812e-12,8.531756474234785e-05,8.531756474234785e-05,0.0,0.0,0.0,0.0011339437652021708,-6.786436848993382e-05,0.0002573045908396132,-3.443531741720296e-05,-7.105427357601002e-15,8.52982783986443e-05,8.529828143564484e-05,3.0370005359747226e-12,0.0014439216502653048,0.0008008325275083815,7.736579631721227e-08,-0.001130730666659474,-3.509734710860357e-06
D3_100P_lam1,521.0,79.93461523824588,1.0,-0.0011343348883667088,-0.0011343348883667088,8.480460200861933e-05,-8.123691331751032e-06,-8.123691336542338e-06,-8.12369133194532e-06,0.9999999964040897,8.48046043658988e-05,0.9999999964040897,8.482554756835961e-05,2.9337026332710817e-12,1.0,2.9385276538285532e-12,8.482554520792837e-05,8.482554520792837e-05,0.0,0.0,0.0,0.001137500962466864,-6.778682138397496e-05,0.0002552627690559639,-3.415155067054698e-05,-2.842170943040401e-14,8.480460135596047e-05,8.480460428966052e-05,2.93370005392674e-12,0.0014439226896221847,0.0008008333266268485,8.179489439088425e-08,-0.0011343348883769977,-3.5678666847616114e-06
D3_100P_lam1,522.0,80.08804060338646,1.0,-0.0011378664000328965,-0.0011378664000328965,8.423255963775116e-05,-8.006375618506423e-06,-8.006375623360179e-06,-8.006375619349498e-06,0.9999999964524381,8.423256197820983e-05,0.9999999964524378,8.425085763395652e-05,2.8724347337352195e-12,1.0,2.8760588946489698e-12,8.425085529100008e-05,8.425085529100008e-05,0.0,0.0,0.0,0.0011409801614698733,-6.729961892870673e-05,0.00025290217654605485,-3.388513065771814e-05,0.0,8.423255903107194e-05,8.423256190350707e-05,2.872435136693175e-12,0.0014439242528181456,0.0008008341489311614,8.540179932736292e-08,-0.0011378664000289973,-3.4313296453092335e-06
D3_100P_lam1,523.0,80.24146596852705,1.0,-0.0011411975476179957,-0.0011411975476179957,8.356649104881503e-05,-7.869364047244365e-06,-7.869364051296679e-06,-7.869364048364996e-06,0.999999996508321,8.356649336381393e-05,0.9999999965083207,8.358449329258613e-05,2.9925752682888335e-12,1.0,2.996028839109742e-12,8.358449097510561e-05,8.358449097510561e-05,0.0,0.0,0.0,0.0011442533812087141,-6.63824968453186e-05,0.00025014303614234734,-3.3632990285803466e-05,-7.105427357601002e-15,8.356649029829166e-05,8.356649329086578e-05,2.992574117642785e-12,0.0014439263640000737,0.0008008350289229694,9.268126995717218e-08,-0.0011411975476676162,-3.3975695430399355e-06
D3_100P_lam1,524.0,80.39489133366764,1.0,-0.0011446615391451274,-0.0011446615391451274,8.301975173409125e-05,-7.731122692509335e-06,-7.73112269699533e-06,-7.73112269304363e-06,0.9999999965538605,8.301975404177685e-05,0.9999999965538602,8.30401737761003e-05,2.923627247080586e-12,1.0000000000000002,2.928416498932083e-12,8.30401714652742e-05,8.30401714652742e-05,0.0,0.0,0.0,0.001147668569070169,-6.577680109398631e-05,0.00024769439031890883,-3.338962218168984e-05,-1.4210854715202004e-14,8.301975104662456e-05,8.301975397025237e-05,2.9236278096729605e-12,0.0014439279884234267,0.0008008358085961987,9.731020889456013e-08,-0.0011446615391150772,-3.488978052246239e-06
D3_100P_lam1,525.0,80.54831669880822,1.0,-0.001148175503786957,-0.001148175503786957,8.244054196181996e-05,-7.580007257531468e-06,-7.580007262576044e-06,-7.58000725820801e-06,0.9999999966017786,8.244054425536357e-05,0.9999999966017781,8.245937495986014e-05,2.806361149574462e-12,1.0000000000000002,2.81051528193196e-12,8.245937266358173e-05,8.245937266358173e-05,0.0,0.0,0.0,0.0011511316426834279,-6.57411866484825e-05,0.00024514146470178133,-3.316115366130967e-05,-3.552713678800501e-14,8.244054137896632e-05,8.24405441853249e-05,2.806358578722244e-12,0.0014439285313691474,0.0008008362617972077,9.913066656674258e-08,-0.0011481755037721086,-3.398613642957571e-06
D3_100P_lam1,526.0,80.70174206394881,1.0,-0.0011514587664046671,-0.0011514587664046671,8.171776875262185e-05,-7.431825736085862e-06,-7.431825739763476e-06,-7.431825737189146e-06,0.999999996661103,8.171777101619069e-05,0.999999996661103,8.17347862971427e-05,2.9375377948113113e-12,1.0,2.9407838500287034e-12,8.173478403123105e-05,8.173478403123105e-05,0.0,0.0,0.0,0.0011543550143617402,-6.596796414837236e-05,0.00024210324599005517,-3.294742417825347e-05,0.0,8.17177680104421e-05,8.171777094798249e-05,2.9375403908826362e-12,0.0014439282440556625,0.000800836374645881,1.0411180742028244e-07,-0.0011514587664009923,-3.289557525931741e-06
D3_100P_lam1,527.0,80.8551674290894,1.0,-0.0011547546188023544,-0.0011547546188023544,8.10895856580556e-05,-7.305514375020861e-06,-7.305514378972561e-06,-7.305514375575972e-06,0.9999999967122396,8.108958790890019e-05,0.9999999967122394,8.110866718322063e-05,2.9142537648584286e-12,0.9999999999999999,2.918688502341409e-12,8.110866492942013e-05,8.110866492942013e-05,0.0,0.0,0.0,0.0011575985238696084,-6.645063191501599e-05,0.00023932849034302706,-3.273530515529588e-05,-2.1316282072803006e-14,8.108958492799576e-05,8.108958784224989e-05,2.9142541304602543e-12,0.001443927475710861,0.0008008363363113523,1.0747419472016381e-07,-0.0011547546188239721,-3.3603990630126646e-06
D3_100P_lam1,528.0,81.00859279422998,1.0,-0.0011581795645099144,-0.0011581795645099144,8.04904210912208e-05,-7.186592044270551e-06,-7.18659204916941e-06,-7.186592044915868e-06,0.999999996760646,8.049042333121195e-05,0.9999999967606459,8.05093973569408e-05,2.7620822516477454e-12,1.0,2.766762428961779e-12,8.050939511399104e-05,8.050939511399104e-05,0.0,0.0,0.0,0.0011609733688792293,-6.703657313955613e-05,0.00023668046665692444,-3.2524476476336606e-05,-7.105427357601002e-15,8.04904205039444e-05,8.049042326602533e-05,2.7620809240795116e-12,0.0014439265617033487,0.0008008362459189279,1.0850869445352357e-07,-0.0011581795645270176,-3.331228356273641e-06
D3_100P_lam1,529.0,81.16201815937058,1.0,-0.0011614170755459372,-0.0011614170755459372,7.971863685030151e-05,-7.058349103854222e-06,-7.058349107833678e-06,-7.058349105026895e-06,0.9999999968224694,7.97186390579128e-05,0.9999999968224694,7.973496571062629e-05,2.873972868593159e-12,0.9999999999999999,2.8772648353851857e-12,7.973496350068491e-05,7.973496350068491e-05,0.0,0.0,0.0,0.0011641498834581174,-6.723977240341572e-05,0.00023348377087550887,-3.231760310717924e-05,-1.4210854715202004e-14,7.971863612061114e-05,7.971863899458377e-05,2.87397262253801e-12,0.0014439260037428232,0.0008008361204655777,1.1138390313878772e-07,-0.0011614170755365194,-3.1800862529962615e-06
D3_100P_lam1,530.0,81.31544352451117,1.0,-0.0011645397370507388,-0.0011645397370507388,7.899529477214045e-05,-6.931294718626191e-06,-6.931294722029718e-06,-6.931294719150077e-06,0.9999999968798717,7.899529695983473e-05,0.9999999968798716,7.901257667082117e-05,2.900258841221702e-12,0.9999999999999999,2.9041965037581865e-12,7.901257448044738e-05,7.901257448044738e-05,0.0,0.0,0.0,0.001167216082608394,-6.745675424879582e-05,0.00023037662603453413,-3.209791177966048e-05,-7.105427357601002e-15,7.899529399795753e-05,7.89952968982148e-05,2.90025728052076e-12,0.0014439254909576788,0.0008008360902537253,1.1349846750814498e-07,-0.0011645397370330102,-3.1969619556093676e-06
D3_100P_lam1,531.0,81.46886888965174,1.0,-0.0011678109994761406,-0.0011678109994761406,7.83633153191727e-05,-6.815703274907353e-06,-6.815703280146218e-06,-6.815703275351442e-06,0.9999999969295954,7.836331749865578e-05,0.9999999969295951,7.838188022683106e-05,2.745135495055451e-12,1.0000000000000002,2.7500894622049806e-12,7.83818780442772e-05,7.83818780442772e-05,0.0,0.0,0.0,0.0011704374223541819,-6.805282197785978e-05,0.00022757393791961178,-3.185871545502428e-05,-1.4210854715202004e-14,7.836331469336559e-05,7.836331743850102e-05,2.745135430234821e-12,0.0014439247083095565,0.0008008361322983414,1.1312548662277424e-07,-0.0011678109994477381,-3.2289499927173893e-06
D3_100P_lam1,532.0,81.62229425479234,1.0,-0.0011709976370179313,-0.0011709976370179313,7.754519284270038e-05,-6.696717169879518e-06,-6.696717174053263e-06,-6.696717170764227e-06,0.9999999969933714,7.754519499000621e-05,0.9999999969933713,7.75612733988343e-05,2.807033362607957e-12,1.0000000000000002,2.8106383468204903e-12,7.756127124907897e-05,7.756127124907897e-05,0.0,0.0,0.0,0.0011735624765251795,-6.830567983284741e-05,0.0002242417938487229,-3.160772344323881e-05,-7.105427357601002e-15,7.754519212468578e-05,7.754519493171894e-05,2.807033162324026e-12,0.0014439243144117081,0.0008008361504233623,1.1325750891694944e-07,-0.001170997637018445,-3.085341830910693e-06
D3_100P_lam1,533.0,81.77571961993293,1.0,-0.0011739816831100348,-0.0011739816831100348,7.671368629516548e-05,-6.577989453322025e-06,-6.577989456607591e-06,-6.577989453571825e-06,0.9999999970575053,7.671368841476487e-05,0.9999999970575051,7.672931119196684e-05,2.8762896905914327e-12,0.9999999999999999,2.8797835824668105e-12,7.672930906994253e-05,7.672930906994253e-05,0.0,0.0,0.0,0.00117648547752788,-6.848217662336342e-05,0.00022079044190626007,-3.133140021532865e-05,-7.105427357601002e-15,7.671368548204234e-05,7.671368835833041e-05,2.876288080965628e-12,0.0014439241338455129,0.0008008363908267813,1.1529542484011873e-07,-0.0011739816831095595,-3.0349727921930025e-06
D3_100P_lam1,534.0,81.9291449850735,1.0,-0.0011770675825816064,-0.0011770675825816064,7.602302992269505e-05,-6.472921674532256e-06,-6.472921679438054e-06,-6.472921674750831e-06,0.9999999971102495,7.602303203475053e-05,0.9999999971102497,7.604069987956505e-05,2.7488167305849802e-12,1.0,2.753689288047131e-12,7.604069776447734e-05,7.604069776447734e-05,0.0,0.0,0.0,0.0011795201747984835,-6.874817265922761e-05,0.00021777088173813297,-3.101885643491675e-05,-2.1316282072803006e-14,7.602302923101492e-05,7.602303197983042e-05,2.7488154980778066e-12,0.0014439245605405535,0.0008008369902538875,1.1643726365049838e-07,-0.001177067582602831,-3.1059883554007683e-06
D3_100P_lam1,535.0,82.0825703502141,1.0,-0.001180193659795336,-0.001180193659795336,7.516286697666041e-05,-6.367001736687361e-06,-6.367001741097028e-06,-6.36700173744717e-06,0.9999999971752717,7.516286905905235e-05,0.9999999971752714,7.517919144574227e-05,2.740923736611448e-12,1.0000000000000002,2.7450289550764012e-12,7.51791893606771e-05,7.51791893606771e-05,0.0,0.0,0.0,0.0011825847257901337,-6.790316309612798e-05,0.0002143490069927978,-3.0683269068521035e-05,-7.105427357601002e-15,7.51628662650499e-05,7.516286900597364e-05,2.740923736611448e-12,0.0014439268018260718,0.0008008379548889417,1.161776966343982e-07,-0.001180193659820361,-3.019769053480559e-06
D3_100P_lam1,536.0,82.23599571535469,1.0,-0.0011831071206428367,-0.0011831071206428367,7.422206638438915e-05,-6.260305541953837e-06,-6.260305545329609e-06,-6.260305542359762e-06,0.9999999972455426,7.422206843183201e-05,0.9999999972455426,7.423677735313631e-05,2.8346259644298755e-12,0.9999999999999999,2.8378762084526003e-12,7.42367753033979e-05,7.42367753033979e-05,0.0,0.0,0.0,0.0011854329666000317,-6.636616100663684e-05,0.0002105985418232592,-3.0321339897831923e-05,-7.105427357601002e-15,7.422206554609726e-05,7.422206838072251e-05,2.8346252476540286e-12,0.001443930214707568,0.0008008393840812155,1.1746645470294078e-07,-0.001183107120709792,-2.9172054496484634e-06
D3_100P_lam1,537.0,82.38942108049527,1.0,-0.0011860280706598198,-0.0011860280706598198,7.343413980029236e-05,-6.1753548350231e-06,-6.1753548396444036e-06,-6.175354835259023e-06,0.9999999973037138,7.343414183776707e-05,0.9999999973037136,7.345074362036358e-05,2.7563378205977968e-12,0.9999999999999999,2.7608137578711752e-12,7.34507415800082e-05,7.34507415800082e-05,0.0,0.0,0.0,0.0011882993001458503,-6.524147964226401e-05,0.0002073120523093941,-2.9921841738500543e-05,-7.105427357601002e-15,7.343413903192999e-05,7.343414178826742e-05,2.756337439841333e-12,0.0014439336222781354,0.0008008410177216435,1.2023627450923823e-07,-0.001186028070719658,-2.9840248316759244e-06
D3_100P_lam1,538.0,82.54284644563586,1.0,-0.0011890751703426583,-0.0011890751703426583,7.2520433653888e-05,-6.0931432062094615e-06,-6.093143211066687e-06,-6.093143206955393e-06,0.9999999973703936,7.252043566609848e-05,0.999999997370393,7.253717114501748e-05,2.677232869055081e-12,1.0,2.681861606907728e-12,7.253716912989756e-05,7.253716912989756e-05,0.0,0.0,0.0,0.0011912846110953804,-6.436035220425129e-05,0.0002038122796585995,-2.9499540156685544e-05,-7.105427357601002e-15,7.25204329411898e-05,7.25204356184229e-05,2.6772331000685825e-12,0.0014439365455734992,0.0008008425137706855,1.229822234542895e-07,-0.001189075170373144,-2.9652060788976087e-06
D3_100P_lam1,539.0,82.69627181077645,1.0,-0.0011919584828833782,-0.0011919584828833782,7.14592647294379e-05,-5.9883334496725615e-06,-5.988333452933842e-06,-5.988333450054201e-06,0.9999999974467867,7.145926670113751e-05,0.9999999974467867,7.14736540481482e-05,2.770918639951832e-12,1.0000000000000002,2.7742194709366113e-12,7.147365207413468e-05,7.147365207413468e-05,0.0,0.0,0.0,0.0011940985281687258,-6.357876707785426e-05,0.00019978940646936394,-2.9060522939994282e-05,-2.842170943040401e-14,7.145926388460999e-05,7.145926665552875e-05,2.770918755945832e-12,0.0014439390886192285,0.0008008439381641213,1.2830637178969523e-07,-0.0011919584828774532,-2.825848184784263e-06
D3_100P_lam1,540.0,82.84969717591703,1.0,-0.0011947268667544392,-0.0011947268667544392,7.054610590588505e-05,-5.888974044101353e-06,-5.888974048670614e-06,-5.8889740440215554e-06,0.9999999975116237,7.054610786224111e-05,0.9999999975116234,7.05612995827192e-05,2.7493447199559067e-12,1.0,2.753308414132267e-12,7.056129762372801e-05,7.056129762372801e-05,0.0,0.0,0.0,0.0011968078025003865,-6.29334028039441e-05,0.0001961521390239085,-2.859229170354416e-05,-7.105427357601002e-15,7.054610506901012e-05,7.054610781835484e-05,2.7493447199559067e-12,0.001443941769759478,0.0008008455080814429,1.3665045967976373e-07,-0.0011947268667427124,-2.8371633788992767e-06
D3_100P_lam1,541.0,83.00312254105762,1.0,-0.0011976328095812503,-0.0011976328095812503,6.958847823394513e-05,-5.7908667832271e-06,-5.79086678843127e-06,-5.790866783924459e-06,0.9999999975787219,6.958848016985712e-05,0.9999999975787219,6.960509074898287e-05,2.619132699397825e-12,0.9999999999999999,2.62409540737352e-12,6.960508881000989e-05,6.960508881000989e-05,0.0,0.0,0.0,0.0011996528062805855,-6.18970319686829e-05,0.0001925400962421442,-2.810413551640467e-05,-1.4210854715202004e-14,6.958847750859923e-05,6.958848012773462e-05,2.619135394222123e-12,0.0014439452164754724,0.0008008472621112974,1.4220568730634603e-07,-0.0011976328096352518,-2.8742703079842613e-06
D3_100P_lam1,542.0,83.15654790619821,1.0,-0.001200475407368263,-0.001200475407368263,6.843841578538709e-05,-5.667165552732112e-06,-5.6671655558650225e-06,-5.667165553023545e-06,0.9999999976580918,6.843841767736662e-05,0.9999999976580917,6.845287301993972e-05,2.6876658418476278e-12,1.0000000000000002,2.6913040944557303e-12,6.845287112549166e-05,6.845287112549166e-05,0.0,0.0,0.0,0.0012024245473952714,-6.0214635412725315e-05,0.00018832664714585334,-2.760875336310642e-05,-2.1316282072803006e-14,6.843841494963121e-05,6.843841763729706e-05,2.6876658418476278e-12,0.0014439495095020763,0.0008008491806323822,1.4631363141584302e-07,-0.001200475407358681,-2.7432184879216948e-06
D3_100P_lam1,543.0,83.30997327133879,1.0,-0.00120311924663009,-0.00120311924663009,6.740449950453914e-05,-5.551113318673362e-06,-5.5511133229164955e-06,-5.551113319016837e-06,0.9999999977283166,6.740450137346702e-05,0.9999999977283166,6.741834008561151e-05,2.716516089707431e-12,0.9999999999999999,2.720028168861085e-12,6.741833821427057e-05,6.741833821427057e-05,0.0,0.0,0.0,0.0012050058072779484,-5.871229650511456e-05,0.00018436353275586015,-2.7095485117978324e-05,-1.4210854715202004e-14,6.740449861866907e-05,6.740450133518515e-05,2.716516089707431e-12,0.0014439536792350668,0.000800851205901509,1.5246385459335463e-07,-0.0012031192466110952,-2.683477077880525e-06
D3_100P_lam1,544.0,83.46339863647938,1.0,-0.0012058423614878925,-0.0012058423614878925,6.640550437389733e-05,-5.4499831086546324e-06,-5.449983113671453e-06,-5.449983108786471e-06,0.9999999977951548,6.640550622629133e-05,0.9999999977951546,6.642134003784587e-05,2.5718587594719684e-12,1.0,2.576811696808218e-12,6.642133818240354e-05,6.642133818240354e-05,0.0,0.0,0.0,0.0012076693684992938,-5.780606089655915e-05,0.00018066209828004887,-2.6566091413326998e-05,-1.4210854715202004e-14,6.640550361782776e-05,6.64055061896865e-05,2.5718587355881303e-12,0.0014439570605548379,0.0008008530724241777,1.54286118971441e-07,-0.001205842361514442,-2.7451106348053145e-06
D3_100P_lam1,545.0,83.61682400161997,1.0,-0.001208609467954582,-0.001208609467954582,6.518635616025206e-05,-5.332632902879664e-06,-5.332632905863388e-06,-5.3326329030913e-06,0.9999999978753695,6.518635796818211e-05,0.9999999978753695,6.520102620005404e-05,2.595804394987209e-12,0.9999999999999999,2.5999837227537278e-12,6.520102438941067e-05,6.520102438941067e-05,0.0,0.0,0.0,0.001210365984098338,-5.7054734560524345e-05,0.0001763881126084499,-2.603612241658393e-05,-1.4210854715202004e-14,6.518635533775372e-05,6.518635793355833e-05,2.5958046075798624e-12,0.0014439598604922596,0.000800854682901563,1.5375497835431488e-07,-0.0012086094678807058,-2.6563182586869516e-06
D3_100P_lam1,546.0,83.77024936676055,1.0,-0.0012111549979875434,-0.0012111549979875434,6.403835977292174e-05,-5.219062328181562e-06,-5.219062331945912e-06,-5.219062328313401e-06,0.9999999979495443,6.403836154954894e-05,0.9999999979495444,6.405109672034602e-05,2.656248129025459e-12,0.9999999999999999,2.659538589703513e-12,6.405109494143346e-05,6.405109494143346e-05,0.0,0.0,0.0,0.0012128466156359284,-5.6396685765625065e-05,0.0001721653746340479,-2.5498764405218477e-05,-1.4210854715202004e-14,6.403835886047813e-05,6.40383615167242e-05,2.6562460697957704e-12,0.0014439624753208634,0.0008008563131622415,1.5993311710854283e-07,-0.001211154998031816,-2.530410483814194e-06
D3_100P_lam1,547.0,83.92367473190114,1.0,-0.0012136702888162025,-0.0012136702888162025,6.300476073441449e-05,-5.113850656490726e-06,-5.113850661448566e-06,-5.113850656511543e-06,0.9999999980152002,6.300476249643112e-05,0.9999999980151999,6.30191689703001e-05,2.53836184148681e-12,0.9999999999999999,2.542958047330876e-12,6.301916720541832e-05,6.301916720541832e-05,0.0,0.0,0.0,0.0012153044120620188,-5.55514652593736e-05,0.00016836044847368115,-2.4947696713739642e-05,0.0,6.300475992680735e-05,6.300476246516642e-05,2.5383590807592765e-12,0.0014439657496241715,0.0008008581396696656,1.684474605592479e-07,-0.0012136702888483342,-2.578070564140944e-06
D3_100P_lam1,548.0,84.07710009704174,1.0,-0.0012163111392126413,-0.0012163111392126413,6.175604694846604e-05,-4.971592815806308e-06,-4.971592819289633e-06,-4.971592816000597e-06,0.9999999980930954,6.175604866786642e-05,0.9999999980930951,6.177086581239822e-05,2.5083504501184506e-12,1.0000000000000002,2.513099322489424e-12,6.177086409003024e-05,6.177086409003024e-05,0.0,0.0,0.0,0.0012178777596727763,-5.399326937705062e-05,0.00016408656081878803,-2.4397676157084103e-05,0.0,6.175604613007386e-05,6.175604863842351e-05,2.5083496478026566e-12,0.0014439701040818457,0.0008008601582586043,1.759345224020883e-07,-0.0012163111391600978,-2.5616488414925698e-06
D3_100P_lam1,549.0,84.23052546218231,1.0,-0.0012187935864981538,-0.0012187935864981538,6.052181165597738e-05,-4.8080026342871285e-06,-4.808002637968212e-06,-4.808002634668768e-06,0.9999999981685551,6.052181333646373e-05,0.999999998168555,6.053411448107005e-05,2.5720279503374722e-12,1.0,2.575386753012522e-12,6.053411279827736e-05,6.053411279827736e-05,0.0,0.0,0.0,0.0012202951213849105,-5.215221380949764e-05,0.00015963743785407658,-2.3849674798459564e-05,0.0,6.052181073672414e-05,6.052181330875214e-05,2.5720280007276717e-12,0.001443974829212442,0.0008008623149472759,1.8631731103385543e-07,-0.0012187935865313193,-2.4107479248414165e-06
D3_100P_lam1,550.0,84.3839508273229,1.0,-0.0012211326350263934,-0.0012211326350263934,5.943431847369164e-05,-4.655045180910339e-06,-4.655045185771034e-06,-4.655045180514822e-06,0.9999999982337809,5.94343201384135e-05,0.9999999982337807,5.944719983605428e-05,2.514019653311321e-12,1.0000000000000002,2.5180674116325183e-12,5.944719816872098e-05,5.944719816872098e-05,0.0,0.0,0.0,0.0012225779508738838,-5.066229053540816e-05,0.00015566838034519748,-2.329373302956128e-05,-7.105427357601002e-15,5.943431759815087e-05,5.9434320112171254e-05,2.5140203833398406e-12,0.001443979165230587,0.0008008643985600838,1.944793052959133e-07,-0.0012211326350097806,-2.406302144208894e-06
D3_100P_lam1,551.0,84.5373761924635,1.0,-0.0012236061907903225,-0.0012236061907903225,5.815188760888482e-05,-4.486437661186532e-06,-4.486437664923126e-06,-4.486437661394699e-06,0.9999999983091791,5.815188923465804e-05,0.9999999983091791,5.816643981115392e-05,2.4324582341033514e-12,1.0000000000000002,2.4375646890286587e-12,5.81664381822644e-05,5.81664381822644e-05,0.0,0.0,0.0,0.0012249870631926014,-4.962816556808303e-05,0.00015142641607956975,-2.2739934563920094e-05,-1.4210854715202004e-14,5.8151886777618424e-05,5.815188921007662e-05,2.4324581940768166e-12,0.0014439824972479927,0.0008008661485199837,1.979066314012361e-07,-0.001223606190819737,-2.4418356474598113e-06
D3_100P_lam1,552.0,84.69080155760408,1.0,-0.0012260163063143865,-0.0012260163063143865,5.681661739799537e-05,-4.30883470067811e-06,-4.308834704022657e-06,-4.308834701028524e-06,0.9999999983859361,5.68166189790615e-05,0.9999999983859359,5.682872735687841e-05,2.474359323824107e-12,0.9999999999999999,2.478069523796536e-12,5.682872577334779e-05,5.682872577334779e-05,0.0,0.0,0.0,0.0012273318748606753,-4.905357815199185e-05,0.00014684396288044965,-2.2193567304207296e-05,-7.105427357601002e-15,5.681661648177912e-05,5.681661895613839e-05,2.4743592712172263e-12,0.001443984562179402,0.0008008674433815584,2.0397497857950924e-07,-0.0012260163063047003,-2.286679432472738e-06
D3_100P_lam1,553.0,84.84422692274467,1.0,-0.0012281795496932389,-0.0012281795496932389,5.564076717472757e-05,-4.1436026628344225e-06,-4.143602667160823e-06,-4.1436026627650335e-06,0.9999999984520523,5.56407687361741e-05,0.9999999984520526,5.5651749067127085e-05,2.48422153485477e-12,1.0,2.4877575993008915e-12,5.565174750335713e-05,5.565174750335713e-05,0.0,0.0,0.0,0.0012294390027598,-4.923413469071214e-05,0.0001427162803935289,-2.1639071121348774e-05,-1.4210854715202004e-14,5.5640766230419895e-05,5.5640768714640996e-05,2.4842210995560245e-12,0.001443985286847069,0.0008008684213765167,2.1274395346505857e-07,-0.0012281795496846826,-2.1898351292293228e-06
D3_100P_lam1,554.0,84.99765228788526,1.0,-0.0012303959764960672,-0.0012303959764960672,5.433802940679488e-05,-3.9726396578974865e-06,-3.972639661550814e-06,-3.972639658043203e-06,0.9999999985236894,5.433803093388993e-05,0.9999999985236894,5.4351050473488475e-05,2.376619280931296e-12,1.0000000000000002,2.3817029088980795e-12,5.435104894336279e-05,5.435104894336279e-05,0.0,0.0,0.0,0.0012315950223920793,-4.97860054120558e-05,0.00013854987548000963,-2.1074931475406622e-05,-2.1316282072803006e-14,5.4338028537213554e-05,5.433803091383284e-05,2.3766192870520175e-12,0.0014439855429359192,0.0008008692860898453,2.2074602456414103e-07,-0.001230395976563159,-2.2367616452356742e-06
D3_100P_lam1,555.0,85.15107765302584,1.0,-0.0012326530729817205,-0.0012326530729817205,5.294103098425562e-05,-3.8007167241921325e-06,-3.800716727318104e-06,-3.8007167245807105e-06,0.9999999985986237,5.294103246315947e-05,0.9999999985986234,5.295267476354489e-05,2.374146276784163e-12,1.0000000000000002,2.378441110100766e-12,5.2952673281967644e-05,5.2952673281967644e-05,0.0,0.0,0.0,0.0012337891635962675,-4.950602875530841e-05,0.00013395764093671048,-2.0506854120749818e-05,-7.105427357601002e-15,5.294103007046554e-05,5.2941032444611796e-05,2.3741462578432916e-12,0.0014439868911814565,0.0008008702732418679,2.2931830866880826e-07,-0.001232653072975154,-2.123693150224426e-06
D3_100P_lam1,556.0,85.30450301816643,1.0,-0.0012346433628356158,-0.0012346433628356158,5.1706617161661656e-05,-3.647224527711379e-06,-3.647224531638793e-06,-3.647224527655868e-06,0.9999999986632128,5.170661861556058e-05,0.9999999986632129,5.1715861949089715e-05,2.43967573126566e-12,0.9999999999999998,2.442921314512512e-12,5.1715860493080465e-05,5.1715860493080465e-05,0.0,0.0,0.0,0.0012357253236467362,-4.8709682790581965e-05,0.00012972369383890126,-1.9919318824890286e-05,-1.4210854715202004e-14,5.170661615860585e-05,5.170661859828015e-05,2.4396743067201045e-12,0.0014439892140793835,0.0008008716511100582,2.360967419827325e-07,-0.0012346433628636078,-1.962281601208815e-06
D3_100P_lam1,557.0,85.457928383307,1.0,-0.0012365776361748725,-0.0012365776361748725,5.041195822668016e-05,-3.499343131482119e-06,-3.4993431357009663e-06,-3.4993431317145718e-06,0.9999999987293172,5.0411959650468366e-05,0.9999999987293171,5.042288548804025e-05,2.344402513809423e-12,1.0,2.3490618246594075e-12,5.0422884061480176e-05,5.0422884061480176e-05,0.0,0.0,0.0,0.0012376045062073716,-4.806470494744808e-05,0.0001256595637508795,-1.930457762694404e-05,-2.1316282072803006e-14,5.041195729005405e-05,5.04119596344566e-05,2.344402542711839e-12,0.0014439919252340037,0.0008008732968851649,2.382650678559353e-07,-0.0012365776361775715,-1.999247444928187e-06
D3_100P_lam1,558.0,85.6113537484476,1.0,-0.001238641857702712,-0.001238641857702712,4.897966407213922e-05,-3.344913469285199e-06,-3.3449134724042318e-06,-3.344913469673777e-06,0.999999998800496,4.897966544719858e-05,0.999999998800496,4.89908734454016e-05,2.283687674642555e-12,1.0,2.2885902062568262e-12,4.899087206745774e-05,4.899087206745774e-05,0.0,0.0,0.0,0.0012396095956664142,-4.705569411678212e-05,0.0001211414296462543,-1.8671296049599384e-05,-7.105427357601002e-15,4.8979663148823025e-05,4.8979665432511095e-05,2.283688070531684e-12,0.0014439951334377196,0.0008008750091751009,2.3651993863416514e-07,-0.0012386418577534641,-1.9643127302515495e-06
D3_100P_lam1,559.0,85.76477911358819,1.0,-0.0012405062615922374,-0.0012405062615922374,4.767458491336309e-05,-3.200032697173172e-06,-3.2000327007328244e-06,-3.2000326965798964e-06,0.999999998863567,4.767458625816634e-05,0.999999998863567,4.76828355191259e-05,2.3780885349502376e-12,1.0000000000000002,2.3813551706501923e-12,4.768283417223628e-05,4.768283417223628e-05,0.0,0.0,0.0,0.001241421714021123,-4.605852883188266e-05,0.00011681748582104134,-1.801134820594852e-05,-1.4210854715202004e-14,4.767458386653061e-05,4.767458624461917e-05,2.3780885645197166e-12,0.0014439983857927146,0.0008008769236616246,2.304678277935835e-07,-0.0012405062616380746,-1.7775369087758008e-06
D3_100P_lam1,560.0,85.91820447872877,1.0,-0.0012421969314705323,-0.0012421969314705323,4.636546632202213e-05,-3.07258643814437e-06,-3.0725864425332206e-06,-3.0725864384045787e-06,0.9999999989251221,4.636546764034985e-05,0.9999999989251219,4.637430325338326e-05,2.3265425409459833e-12,0.9999999999999999,2.3305836945256093e-12,4.6374301932630204e-05,4.6374301932630204e-05,0.0,0.0,0.0,0.0012430616211215513,-4.5324899792476e-05,0.00011281691629472235,-1.7316648667498047e-05,-1.4210854715202004e-14,4.63654653013474e-05,4.636546762789103e-05,2.326543628308042e-12,0.0014440018588102986,0.0008008790684151936,2.2294071935745799e-07,-0.0012421969315710157,-1.7656097952567507e-06
D3_100P_lam1,561.0,86.07162984386936,1.0,-0.0012440374812262393,-0.0012440374812262393,4.489835293872002e-05,-2.9525861352901195e-06,-2.9525861384889496e-06,-2.9525861355607363e-06,0.9999999989920689,4.4898354210539124e-05,0.999999998992069,4.490891157577091e-05,2.216463789372699e-12,1.0,2.221746940643314e-12,4.490891030092769e-05,4.490891030092769e-05,0.0,0.0,0.0,0.0012448471212354016,-4.391285595473082e-05,0.00010843628895074175,-1.6597646585403414e-05,-7.105427357601002e-15,4.489835198276357e-05,4.489835419922643e-05,2.216462857550722e-12,0.0014440064857426955,0.0008008814639940456,2.1487701429933294e-07,-0.0012440374812285881,-1.8029483044301742e-06
D3_100P_lam1,562.0,86.22505520900995,1.0,-0.0012458028281540964,-0.0012458028281540964,4.3530292472502975e-05,-2.84343945712931e-06,-2.843439460213648e-06,-2.8434394570321653e-06,0.9999999990525565,4.3530293710176716e-05,0.9999999990525567,4.3538276254470094e-05,2.29523489528985e-12,1.0,2.2988596111437816e-12,4.3538275014561494e-05,4.3538275014561494e-05,0.0,0.0,0.0,0.0012465627823968711,-4.1906784957856935e-05,0.00010410267462734879,-1.585569368067752e-05,-7.105427357601002e-15,4.3530291404629314e-05,4.353029369986409e-05,2.2952347748206998e-12,0.0014440122178088746,0.0008008843255929684,2.0688693314437297e-07,-0.001245802828179876,-1.6411857473030977e-06
D3_100P_lam1,563.0,86.37848057415053,1.0,-0.0012473198527239117,-0.0012473198527239117,4.2211206863665235e-05,-2.752496187224951e-06,-2.752496191270326e-06,-2.7524961869196396e-06,0.9999999991091068,4.2211208077121335e-05,0.9999999991091071,4.22184481410935e-05,2.3092555381691888e-12,0.9999999999999999,2.3127434931857537e-12,4.2218446925497365e-05,4.2218446925497365e-05,0.0,0.0,0.0,0.0012480335698136934,-3.980549477999862e-05,0.00010018003915757134,-1.5087718659378968e-05,-1.4210854715202004e-14,4.22112057584629e-05,4.2211208067719114e-05,2.3092562159399045e-12,0.0014440187417709466,0.0008008875704108858,2.031514341991415e-07,-0.0012473198527231943,-1.5679719922445656e-06
D3_100P_lam1,564.0,86.53190593929112,1.0,-0.0012489387721693987,-0.0012489387721693987,4.074023473423128e-05,-2.667130665486711e-06,-2.6671306690533025e-06,-2.6671306657018168e-06,0.9999999991701165,4.074023590510702e-05,0.9999999991701165,4.074998873502149e-05,2.1749077372259653e-12,0.9999999999999998,2.180162395829587e-12,4.074998756111521e-05,4.074998756111521e-05,0.0,0.0,0.0,0.00124960274574382,-3.736001540111111e-05,9.599438049567866e-05,-1.4305478789333748e-05,-1.4210854715202004e-14,4.0740233721748565e-05,4.074023589665345e-05,2.1749048833469983e-12,0.0014440259915917443,0.0008008909850815898,1.9732169093827532e-07,-0.0012489387721643652,-1.6528801438653318e-06
D3_100P_lam1,565.0,86.68533130443171,1.0,-0.0012506256130199265,-0.0012506256130199265,3.934857127914275e-05,-2.576904374263639e-06,-2.5769043772126687e-06,-2.576904373916694e-06,0.999999999225845,3.934857241380364e-05,0.9999999992258449,3.935704302702516e-05,2.1911587383244065e-12,0.9999999999999999,2.1954334678772734e-12,3.935704188976488e-05,3.935704188976488e-05,0.0,0.0,0.0,0.001251244147773393,-3.4781740790634785e-05,9.171728430290571e-05,-1.3519032733277925e-05,-2.1316282072803006e-14,3.934857021502872e-05,3.9348572406188275e-05,2.1911595552660885e-12,0.00144403348745958,0.0008008946227695083,1.8642514129324682e-07,-0.001250625613010925,-1.5606616443619714e-06
D3_100P_lam1,566.0,86.83875666957229,1.0,-0.0012520600954571118,-0.0012520600954571118,3.803962804673654e-05,-2.4922890097950345e-06,-2.4922890139306153e-06,-2.492289009271148e-06,0.9999999992764933,3.8039629157642176e-05,0.9999999992764932,3.8046082173820125e-05,2.2759696294457975e-12,1.0,2.2791520675537605e-12,3.804608106088769e-05,3.804608106088769e-05,0.0,0.0,0.0,0.0012526374900181242,-3.21237690515952e-05,8.786259148596542e-05,-1.2733113876395308e-05,-1.4210854715202004e-14,3.8039626874792154e-05,3.8039629150762256e-05,2.2759701037183236e-12,0.0014440414415401626,0.000800898412000015,1.790889611765825e-07,-0.0012520600954530892,-1.4313449128167122e-06
D3_100P_lam1,567.0,86.99218203471288,1.0,-0.0012534883028340969,-0.0012534883028340969,3.661908547790232e-05,-2.4030371183758614e-06,-2.4030371225530756e-06,-2.403037118837298e-06,0.9999999993295214,3.6619086550848204e-05,0.9999999993295211,3.6627855613122446e-05,2.1554964676027207e-12,1.0,2.1603152714716647e-12,3.6627854537278754e-05,3.6627854537278754e-05,0.0,0.0,0.0,0.0012540227501851861,-2.9118437388953033e-05,8.388908232115355e-05,-1.1958468555062218e-05,-1.4210854715202004e-14,3.66190843892092e-05,3.6619086544705656e-05,2.1554964556453508e-12,0.0014440498302062449,0.0008009022036631389,1.7218740491583882e-07,-0.0012534883028365584,-1.5126097991924325e-06
D3_100P_lam1,568.0,87.14560739985347,1.0,-0.0012550853150509848,-0.0012550853150509848,3.525787610101774e-05,-2.3000675912279722e-06,-2.300067593989652e-06,-2.3000675909677637e-06,0.9999999993784408,3.525787713691422e-05,0.9999999993784411,3.526716471561808e-05,2.0730726422896493e-12,0.9999999999999999,2.0781414874182795e-12,3.5267163676671486e-05,3.5267163676671486e-05,0.0,0.0,0.0,0.0012555801198132967,-2.6424107312350564e-05,7.975517822655931e-05,-1.1207888374498154e-05,-1.4210854715202004e-14,3.525787505836264e-05,3.525787713143501e-05,2.0730723636615885e-12,0.0014440575557013596,0.0008009058985964859,1.6484107388225661e-07,-0.001255085315051474,-1.50302452084361e-06
D3_100P_lam1,569.0,87.29903276499405,1.0,-0.0012564943519162673,-0.0012564943519162673,3.400875526262664e-05,-2.2132530876871337e-06,-2.2132530912953585e-06,-2.213253086680994e-06,0.9999999994217023,3.4008756273972514e-05,0.9999999994217023,3.40151029929251e-05,2.216887454199762e-12,1.0000000000000002,2.22010106878962e-12,3.4015101979462864e-05,3.4015101979462864e-05,0.0,0.0,0.0,0.0012569541903625298,-2.4195083785372162e-05,7.604023130225457e-05,-1.0492017339491788e-05,-7.105427357601002e-15,3.4008754052167105e-05,3.4008756269055e-05,2.216887890857042e-12,0.0014440644770946636,0.0008009092644739035,1.6538713469283656e-07,-0.0012564943518782457,-1.3391764923653682e-06
D3_100P_lam1,570.0,87.45245813013464,1.0,-0.0012577636681168328,-0.0012577636681168328,3.270274339566097e-05,-2.146870960978431e-06,-2.1468709650897255e-06,-2.1468709612698644e-06,0.9999999994652652,3.2702744373307554e-05,0.9999999994652653,3.271023604732785e-05,2.153238154425376e-12,1.0,2.1573895486529898e-12,3.271023506704341e-05,3.271023506704341e-05,0.0,0.0,0.0,0.0012581884145987687,-2.2046582194179543e-05,7.238541949172728e-05,-9.817384612642588e-06,-7.105427357601002e-15,3.270274221569835e-05,3.270274436893458e-05,2.153236227581123e-12,0.0014440708056303417,0.0008009122847054326,1.6686366780001692e-07,-0.0012577636680362048,-1.3644543628288375e-06
D3_100P_lam1,571.0,87.60588349527524,1.0,-0.0012592232606306246,-0.0012592232606306246,3.1434927959995436e-05,-2.0760430903925264e-06,-2.0760430927933837e-06,-2.0760430900663984e-06,0.9999999995059227,3.143492890033951e-05,0.9999999995059226,3.1444610980911195e-05,1.951557040995324e-12,0.9999999999999999,1.9572838250235606e-12,3.144461003714116e-05,3.144461003714116e-05,0.0,0.0,0.0,0.0012596152330421415,-2.0260856707032815e-05,6.856021340873042e-05,-9.191210188053134e-06,0.0,3.143492694490058e-05,3.143492889645774e-05,1.951557164052911e-12,0.0014440763026538428,0.0008009150509508333,1.6453594772429232e-07,-0.0012592232606039033,-1.4229959788281121e-06
D3_100P_lam1,572.0,87.75930886041581,1.0,-0.0012606096599628764,-0.0012606096599628764,3.030756723757369e-05,-2.0080399309209407e-06,-2.0080399343834487e-06,-2.008039930077865e-06,0.9999999995407258,3.030756815229443e-05,0.9999999995407257,3.0314223162764145e-05,2.135785974973834e-12,1.0,2.1393826791890442e-12,3.031422224564463e-05,3.031422224564463e-05,0.0,0.0,0.0,0.0012609736101866058,-1.8570297701470118e-05,6.508797618698381e-05,-8.62459924272363e-06,0.0,3.030756601302977e-05,3.0307568148815784e-05,2.135786014353549e-12,0.0014440812765234268,0.000800917394333014,1.654817773754786e-07,-0.001260609659993861,-1.2630556511794566e-06
D3_100P_lam1,573.0,87.9127342255564,1.0,-0.0012617493719034086,-0.0012617493719034086,2.9163986321255953e-05,-1.9473872153001615e-06,-1.947387219418395e-06,-1.947387215178731e-06,0.9999999995747308,2.9163987205016114e-05,0.999999999574731,2.917001414417974e-05,2.150332844952807e-12,1.0,2.1538683198045313e-12,2.917001325809894e-05,2.917001325809894e-05,0.0,0.0,0.0,0.0012620860551664694,-1.7081746292224587e-05,6.177981035282443e-05,-8.117725428802292e-06,0.0,2.9163985051580518e-05,2.9163987201913364e-05,2.150332844952807e-12,0.0014440851745891878,0.0008009192388662357,1.6570577855090984e-07,-0.0012617493719062622,-1.2016346317977877e-06
D3_100P_lam1,574.0,88.066159590697,1.0,-0.0012630129292999078,-0.0012630129292999078,2.8043454156371028e-05,-1.8686703401639415e-06,-1.8686703425925544e-06,-1.868670339841283e-06,0.9999999996067825,2.8043455003011277e-05,0.9999999996067824,2.8052385816275732e-05,1.849692770851114e-12,1.0000000000000002,1.855643723027455e-12,2.805238496615519e-05,2.805238496615519e-05,0.0,0.0,0.0,0.001263323890966436,-1.6756935944717277e-05,5.82662446939608e-05,-7.666755887092425e-06,-7.105427357601002e-15,2.8043453150563635e-05,2.8043455000254632e-05,1.849690996026203e-12,0.0014440869471943319,0.0008009205050246187,1.6237837912629232e-07,-0.0012630129292574566,-1.2873959462922357e-06
D3_100P_lam1,575.0,88.21958495583758,1.0,-0.0012643241637474694,-0.0012643241637474694,2.7088650598166695e-05,-1.7831991864537822e-06,-1.7831991897185318e-06,-1.7831991855621343e-06,0.9999999996331027,2.7088651418410145e-05,0.9999999996331024,2.7095496640880653e-05,2.0332189384645615e-12,1.0000000000000002,2.0375034668492306e-12,2.70954958178796e-05,2.70954958178796e-05,0.0,0.0,0.0,0.0012646140001180593,-1.706726852468421e-05,5.499245454920754e-05,-7.278219433470845e-06,-7.105427357601002e-15,2.7088649382709717e-05,2.7088651415927912e-05,2.033218193481344e-12,0.0014440871371164772,0.0008009210216042052,1.6046040565348066e-07,-0.0012643241637988467,-1.1652049920485297e-06
D3_100P_lam1,576.0,88.37301032097817,1.0,-0.0012653433392420114,-0.0012653433392420114,2.6149897090463393e-05,-1.701377647451291e-06,-1.7013776518366719e-06,-1.7013776470384268e-06,0.9999999996580913,2.6149897880949143e-05,0.9999999996580913,2.615437256543665e-05,2.133811168849627e-12,1.0000000000000002,2.1369713263437144e-12,2.6154371772939627e-05,2.6154371772939627e-05,0.0,0.0,0.0,0.001265613222128556,-1.7579387538324553e-05,5.19467328006229e-05,-6.946012379160926e-06,-7.105427357601002e-15,2.6149895744902842e-05,2.614989787871383e-05,2.133810988324026e-12,0.001444086189931511,0.0008009210390611559,1.5713324451950888e-07,-0.0012653433392415536,-1.017149884319224e-06
D3_100P_lam1,577.0,88.52643568611876,1.0,-0.0012663584636384763,-0.0012663584636384763,2.523356841406249e-05,-1.5858322480015452e-06,-1.585832250499547e-06,-1.5858322475158226e-06,0.9999999996816333,2.523356916809484e-05,0.9999999996816333,2.5240407147287793e-05,1.7880590366373542e-12,1.0,1.7936790445444072e-12,2.524040639015564e-05,2.524040639015564e-05,0.0,0.0,0.0,0.0012666095211551706,-1.866061631161653e-05,4.867091406746127e-05,-6.654490083579656e-06,-7.105427357601002e-15,2.5233567378028526e-05,2.5233569166086305e-05,1.7880577804235548e-12,0.0014440844119091648,0.0008009208400400248,1.5139110244711045e-07,-0.0012663584635674852,-1.0881919365601789e-06
D3_100P_lam1,578.0,88.67986105125934,1.0,-0.0012675197230466047,-0.0012675197230466047,2.4492994922525102e-05,-1.4538746069998887e-06,-1.4538746097997324e-06,-1.4538746056710905e-06,0.9999999997000467,2.449299565038485e-05,0.9999999997000464,2.4499583751566905e-05,1.909211119144219e-12,1.0000000000000002,1.9143645071986674e-12,2.449958302064759e-05,2.449958302064759e-05,0.0,0.0,0.0,0.0012677560289984938,-1.9457688952728702e-05,4.5531199048376436e-05,-6.40434981213911e-06,-1.4210854715202004e-14,2.4492993739339117e-05,2.4492995648547965e-05,1.9092088465210337e-12,0.0014440828871037556,0.0008009204509005558,1.4470397483004222e-07,-0.001267519723114674,-1.042496876380028e-06
D3_100P_lam1,579.0,88.83328641639993,1.0,-0.0012684434573454564,-0.0012684434573454564,2.3773052396957664e-05,-1.3315828320294154e-06,-1.3315828362205073e-06,-1.3315828315263456e-06,0.9999999997174209,2.3773053096109155e-05,0.9999999997174209,2.377646724883113e-05,2.102518456611856e-12,1.0,2.1056357378301205e-12,2.3776466547840394e-05,2.3776466547840394e-05,0.0,0.0,0.0,0.0012686659370918709,-1.9846274498802607e-05,4.2679640475995484e-05,-6.189550071811212e-06,-1.4210854715202004e-14,2.377305099191106e-05,2.3773053094429814e-05,2.1025187531013835e-12,0.0014440815974026335,0.0008009200714037799,1.3407760846152467e-07,-0.0012684434573202452,-8.584824513491185e-07
D3_100P_lam1,580.0,88.98671178154052,1.0,-0.0012692366880054258,-0.0012692366880054258,2.3058888441138524e-05,-1.184037211568456e-06,-1.1840372138201272e-06,-1.184037210947425e-06,0.9999999997341441,2.3058889105599842e-05,0.9999999997341438,2.3063471300360198e-05,1.7661243601217813e-12,1.0,1.7710201849868292e-12,2.3063470633411816e-05,2.3063470633411816e-05,0.0,0.0,0.0,0.0012694458382081191,-2.057109070208174e-05,3.9605035666134825e-05,-5.991167509045159e-06,-2.1316282072803006e-14,2.3058887337939344e-05,2.305888910406654e-05,1.766127193759243e-12,0.0014440801631120013,0.0008009197709032416,1.219707516803176e-07,-0.0012692366880173722,-8.892047276276571e-07
D3_100P_lam1,581.0,89.1401371466811,1.0,-0.0012702218667447807,-0.0012702218667447807,2.248616097730154e-05,-1.027695400633577e-06,-1.0276954031662733e-06,-1.0276953999986682e-06,0.9999999997471861,2.2486161617227876e-05,0.9999999997471863,2.2492254333293508e-05,1.7783344501233255e-12,0.9999999999999999,1.784277049099088e-12,2.2492253690157874e-05,2.2492253690157874e-05,0.0,0.0,0.0,0.0012704205720343012,-2.1206076274538077e-05,3.658420180929767e-05,-5.8074175616762425e-06,-1.4210854715202004e-14,2.248615983747091e-05,2.2486161615805e-05,1.778334089852272e-12,0.001444078888619927,0.000800919400229536,1.0973241515623514e-07,-0.0012702218667755005,-9.299005228058377e-07
D3_100P_lam1,582.0,89.29356251182169,1.0,-0.0012710964890397965,-0.0012710964890397965,2.1914753054435694e-05,-8.855221603903951e-07,-8.855221643976063e-07,-8.85522159745078e-07,0.9999999997598719,2.1914753668062008e-05,0.9999999997598715,2.1917860455000064e-05,2.0547758095667726e-12,1.0000000000000002,2.0582157423527153e-12,2.1917859839459975e-05,2.1917859839459975e-05,0.0,0.0,0.0,0.0012712851224213446,-2.1698411442505616e-05,3.390888740861797e-05,-5.6371323424175834e-06,-1.4210854715202004e-14,2.1914751611969444e-05,2.1914753666745038e-05,2.0547755938085545e-12,0.0014440775801046123,0.0008009190546759174,9.601696235695852e-08,-0.001271096489062984,-7.626101705682231e-07
D3_100P_lam1,583.0,89.44698787696228,1.0,-0.0012717470870799356,-0.0012717470870799356,2.1317755417754523e-05,-7.235001574651401e-07,-7.235001602684532e-07,-7.235001571251343e-07,0.9999999997727765,2.1317755999512737e-05,0.999999999772777,2.1320684472841876e-05,1.776197038185278e-12,1.0,1.780330997776044e-12,2.1320683889156283e-05,2.1320683889156283e-05,0.0,0.0,0.0,0.0012719254832071632,-2.2406213932568697e-05,3.1046280602353704e-05,-5.464638732466387e-06,-1.4210854715202004e-14,2.131775422210253e-05,2.131775599830147e-05,1.7761989400165498e-12,0.0014440764054964694,0.000800918882805647,8.581911124910757e-08,-0.001271747087116637,-7.305912390620506e-07
D3_100P_lam1,584.0,89.60041324210286,1.0,-0.0012725576716126838,-0.0012725576716126838,2.0811428569016753e-05,-5.603792584199518e-07,-5.603792607618285e-07,-5.603792577711653e-07,0.9999999997834422,2.0811429128512646e-05,0.9999999997834421,2.081678326646141e-05,1.6606004935839517e-12,1.0,1.6669745375025634e-12,2.0816782703808923e-05,2.0816782703808923e-05,0.0,0.0,0.0,0.0012727275365348619,-2.2595505289269013e-05,2.8179091350999386e-05,-5.286839302620638e-06,-7.105427357601002e-15,2.081142746678515e-05,2.081142912738589e-05,1.6606007405390721e-12,0.001444076318009176,0.0008009189580038316,7.644809936761988e-08,-0.001272557671541108,-8.324308282681159e-07
D3_100P_lam1,585.0,89.75383860724345,1.0,-0.001273411948803465,-0.001273411948803465,2.0307726898944405e-05,-4.2347252566729554e-07,-4.2347252953919834e-07,-4.234725250670812e-07,0.9999999997937981,2.030772743611053e-05,0.9999999997937982,2.031123082483182e-05,1.993843423783781e-12,1.0,1.9979146094239727e-12,2.0311230285386547e-05,2.0311230285386547e-05,0.0,0.0,0.0,0.0012735735965876476,-2.199440214833981e-05,2.573810957784417e-05,-5.108462215797083e-06,-7.105427357601002e-15,2.0307725441223345e-05,2.030772743506676e-05,1.9938434138402393e-12,0.001444077467986741,0.0008009193990926303,6.350945311465102e-08,-0.0012734119487731732,-7.311195417969429e-07
D3_100P_lam1,586.0,89.90726397238404,1.0,-0.0012740199106121848,-0.0012740199106121848,1.973960253630922e-05,-2.7823612622907e-07,-2.7823612971239475e-07,-2.782361263470312e-07,0.9999999998051743,1.9739603043984606e-05,0.999999999805174,1.97417591020148e-05,1.80261319560444e-12,1.0000000000000002,1.8062301342633933e-12,1.974175859270574e-05,1.974175859270574e-05,0.0,0.0,0.0,0.00127417258482799,-2.124379891121908e-05,2.3189814256419083e-05,-4.922456421030397e-06,0.0,1.973960124040997e-05,1.9739603043023898e-05,1.8026139289059236e-12,0.0014440792249470426,0.0008009201253486493,5.414898256570251e-08,-0.0012740199106247019,-6.394895422090485e-07
D3_100P_lam1,587.0,90.06068933752462,1.0,-0.0012746909279315504,-0.0012746909279315504,1.9226490790162192e-05,-1.4120796964015025e-07,-1.412079716836545e-07,-1.4120796904340538e-07,0.9999999998151712,1.9226491277493647e-05,0.9999999998151711,1.923099746867345e-05,1.5807667018473373e-12,0.9999999999999999,1.5869819297957576e-12,1.9230996978421376e-05,1.9230996978421376e-05,0.0,0.0,0.0,0.0012748356348899303,-2.066384664212162e-05,2.0581783017892263e-05,-4.726141434985287e-06,0.0,1.9226489695835397e-05,1.922649127660564e-05,1.580770242549853e-12,0.0014440808937466508,0.0008009208831686091,4.741321911963285e-08,-0.0012746909278575913,-7.525002274633152e-07
D3_100P_lam1,588.0,90.21411470266521,1.0,-0.0012755249111258823,-0.0012755249111258823,1.873107467296817e-05,-4.678854655104647e-08,-4.6788549961512826e-08,-4.6788545853687635e-08,0.9999999998245733,1.873107514240995e-05,0.9999999998245732,1.8735407803993495e-05,1.9249997207227656e-12,0.9999999999999998,1.929855109878984e-12,1.8735407331717248e-05,1.8735407331717248e-05,0.0,0.0,0.0,0.001275662156579729,-2.0358403991616036e-05,1.8468656605818978e-05,-4.527209759908057e-06,0.0,1.8731073216592237e-05,1.873107514159243e-05,1.925000192957049e-12,0.001444082056146264,0.0008009215661482251,4.01575540586517e-08,-0.0012755249110796285,-7.335710847655719e-07
D3_100P_lam1,589.0,90.3675400678058,1.0,-0.0012761580701079445,-0.0012761580701079445,1.8148604204578743e-05,3.732882788640146e-08,3.732882490614653e-08,3.732882810497662e-08,0.9999999998353143,1.814860464639815e-05,0.9999999998353142,1.8150616364787054e-05,1.8366825972204713e-12,1.0,1.8401622242985458e-12,1.8150615921331767e-05,1.8150615921331767e-05,0.0,0.0,0.0,0.0012762868811953927,-2.0205715496213195e-05,1.6359659355202893e-05,-4.326873507876083e-06,-1.4210854715202004e-14,1.814860280896937e-05,1.8148604645651096e-05,1.836681726113831e-12,0.001444083054043796,0.0008009222536748643,3.874826641207787e-08,-0.0012761580700271224,-5.992981186864199e-07
D3_100P_lam1,590.0,90.52096543294638,1.0,-0.0012767235072569656,-0.0012767235072569656,1.7627871856775264e-05,1.1250972467222176e-07,1.1250972267728976e-07,1.1250972538692783e-07,0.9999999998446287,1.7627872279728194e-05,0.9999999998446291,1.763137258361765e-05,1.5580507077725511e-12,1.0,1.5635776621098918e-12,1.763137215813345e-05,1.763137215813345e-05,0.0,0.0,0.0,0.0012768449336955615,-1.970669964201921e-05,1.4122033916486032e-05,-4.1220459635615825e-06,-1.4210854715202004e-14,1.7627870720988762e-05,1.762787227904173e-05,1.558052968625117e-12,0.0014440847886131774,0.0008009231103390159,4.0676563675235763e-08,-0.0012767235073170013,-6.732377642038045e-07
D3_100P_lam1,591.0,90.67439079808697,1.0,-0.0012775045455598387,-0.0012775045455598387,1.7152152825446184e-05,1.6205598531854326e-07,1.620559821370604e-07,1.6205598601937155e-07,0.9999999998529019,1.7152153234207496e-05,0.9999999998529017,1.715731287100544e-05,1.8633282551459287e-12,1.0,1.8688380652641266e-12,1.7157312458855348e-05,1.7157312458855348e-05,0.0,0.0,0.0,0.001277619398804132,-1.8662999313190376e-05,1.2392588525589332e-05,-3.9184599541775e-06,-7.105427357601002e-15,1.7152151370247355e-05,1.7152153233575318e-05,1.863327963886761e-12,0.001444087526457703,0.0008009242709580299,4.029482462915588e-08,-0.00127750454555553,-7.381727868960297e-07
D3_100P_lam1,592.0,90.82781616322757,1.0,-0.001278199852795033,-0.001278199852795033,1.660062504476312e-05,2.1619617215223874e-07,2.161961686238112e-07,2.16196172526939e-07,0.9999999998622096,1.6600625428530827e-05,0.9999999998622098,1.6603150360855006e-05,1.8742166228015354e-12,1.0,1.8779081313017282e-12,1.660314997509588e-05,1.660314997509588e-05,0.0,0.0,0.0,0.0012783074091641425,-1.717337769935323e-05,1.0782169294731858e-05,-3.7242631457101716e-06,-7.105427357601002e-15,1.6600623553742356e-05,1.6600625427959358e-05,1.874217002556773e-12,0.0014440910102351179,0.0008009255997788465,4.056733116483106e-08,-0.0012781998528907934,-6.094500690778659e-07
D3_100P_lam1,593.0,90.98124152836814,1.0,-0.001278723445733446,-0.001278723445733446,1.610521468682137e-05,2.7077778729303614e-07,2.7077778472911485e-07,2.7077778783426987e-07,0.9999999998703107,1.610521505248018e-05,0.9999999998703112,1.6107965890380526e-05,1.5984314344146067e-12,1.0,1.6030642130384094e-12,1.610796552253488e-05,1.610796552253488e-05,0.0,0.0,0.0,0.0012788246194245887,-1.579977522059295e-05,8.958393045599422e-06,-3.538800138647158e-06,-1.4210854715202004e-14,1.6105213453522696e-05,1.6105215051955697e-05,1.598433000710701e-12,0.0014440941883184805,0.0008009268300492549,4.0735898279767024e-08,-0.0012787234456936858,-6.142345227999613e-07
D3_100P_lam1,594.0,91.13466689350874,1.0,-0.0012794283219742602,-0.0012794283219742602,1.5679376031592037e-05,2.951629240952047e-07,2.951629212988305e-07,2.9516292503542485e-07,0.9999999998770788,1.5679376386337638e-05,0.9999999998770787,1.5684877533017546e-05,1.8258892938261622e-12,0.9999999999999999,1.831624706738508e-12,1.5684877174563445e-05,1.5684877174563445e-05,0.0,0.0,0.0,0.0012795241079379463,-1.5336262961129776e-05,7.604945513328687e-06,-3.3633940803579065e-06,-7.105427357601002e-15,1.5679374559966763e-05,1.5679376385856117e-05,1.825889355829156e-12,0.001444095839275072,0.0008009277200811887,3.689606913338534e-08,-0.0012794283219363933,-7.237932777570677e-07
D3_100P_lam1,595.0,91.28809225864933,1.0,-0.001280171032272288,-0.001280171032272288,1.5203890288597899e-05,3.1067298083414796e-07,3.106729770038785e-07,3.1067298149681233e-07,0.9999999998844209,1.520389062230386e-05,0.9999999998844209,1.5207286277475978e-05,1.9126449226474416e-12,1.0,1.9168212307162238e-12,1.5207285941173234e-05,1.5207285941173234e-05,0.0,0.0,0.0,0.0012802610603231475,-1.546621641912438e-05,6.522277370191176e-06,-3.2075192048508505e-06,-1.4210854715202004e-14,1.5203888709217328e-05,1.5203890621864935e-05,1.9126476061240023e-12,0.0014440962252397888,0.0008009281535671598,3.586244302642856e-08,-0.0012801710322492,-6.273673989198869e-07
D3_100P_lam1,596.0,91.4415176237899,1.0,-0.0012806830567701623,-0.0012806830567701623,1.4792240331736832e-05,3.2854690356839966e-07,3.2854690070957537e-07,3.285469040888167e-07,0.999999999890595,1.4792240648486878e-05,0.9999999998905948,1.4794316450298077e-05,1.6874475977800323e-12,0.9999999999999998,1.6913787715390385e-12,1.4794316131661338e-05,1.4794316131661338e-05,0.0,0.0,0.0,0.0012807682587767035,-1.5685099015172455e-05,5.183745162007369e-06,-3.071074138660812e-06,0.0,1.4792238960634188e-05,1.4792240648081533e-05,1.6874473457440036e-12,0.0014440961071217498,0.0008009283657338702,3.656899700999737e-08,-0.001280683056734233,-5.48987145521096e-07
D3_100P_lam1,597.0,91.5949429889305,1.0,-0.0012812690066028548,-0.0012812690066028548,1.4500476254093945e-05,3.2168670612703343e-07,3.216867037365845e-07,3.216867071956231e-07,0.9999999998948679,1.4500476563757392e-05,0.9999999998948681,1.4505166585287154e-05,1.8202665122480256e-12,0.9999999999999998,1.8256876645551944e-12,1.450516627214797e-05,1.450516627214797e-05,0.0,0.0,0.0,0.0012813507859703683,-1.5872692297191904e-05,4.22649521736318e-06,-2.947898244343161e-06,0.0,1.4500474743109564e-05,1.4500476563375901e-05,1.8202663370960965e-12,0.0014440962121416536,0.0008009286351137859,3.617462257229441e-08,-0.0012812690065402421,-6.600452024940751e-07
D3_100P_lam1,598.0,91.74836835407109,1.0,-0.00128200314715754,-0.00128200314715754,1.4184714939621964e-05,3.001287416024012e-07,3.0012873788662353e-07,3.0012874225465724e-07,0.9999999998993967,1.4184715233395207e-05,0.999999999899397,1.418903279860669e-05,1.946035874176396e-12,0.9999999999999999,1.950787718801092e-12,1.4189032501564749e-05,1.4189032501564749e-05,0.0,0.0,0.0,0.0012820813536144299,-1.5602338154896422e-05,3.7013381954942304e-06,-2.844963059578376e-06,-1.4210854715202004e-14,1.418471328700413e-05,1.4184715233040603e-05,1.946036473757772e-12,0.0014440970665025778,0.0008009290449350575,3.5966191843850086e-08,-0.0012820031471392213,-6.391946953954175e-07
D3_100P_lam1,599.0,91.90179371921167,1.0,-0.0012825473960224644,-0.0012825473960224644,1.3950757325587889e-05,2.766792642772131e-07,2.7667926140451105e-07,2.766792648357941e-07,0.9999999999026882,1.3950757606735944e-05,0.9999999999026882,1.3952706346376274e-05,1.7915811917922459e-12,1.0000000000000002,1.7952085950491721e-12,1.3952706063359378e-05,1.3952706063359378e-05,0.0,0.0,0.0,0.0012826230512785306,-1.484275156360404e-05,2.927549308751054e-06,-2.7668972920058543e-06,-7.105427357601002e-15,1.3950755814813637e-05,1.3950757606394828e-05,1.7915811917922459e-12,0.0014440986199100397,0.0008009295815392288,3.5915738600205255e-08,-0.001282547395931033,-5.243957730272086e-07
D3_100P_lam1,600.0,92.05521908435226,1.0,-0.0012830519385752697,-0.0012830519385752697,1.3845552326102388e-05,2.3714283121228918e-07,2.371428289085764e-07,2.3714283197903696e-07,0.9999999999041498,1.3845552604650792e-05,0.9999999999041502,1.3849269814687998e-05,1.839299592678012e-12,0.9999999999999998,1.8440716844823474e-12,1.3849269533137717e-05,1.3849269533137717e-05,0.0,0.0,0.0,0.0012831263869932186,-1.4095707643435595e-05,2.3583455655007413e-06,-2.705985880591122e-06,-7.105427357601002e-15,1.3845550765018538e-05,1.38455526043169e-05,1.839298361506937e-12,0.0014441002942777012,0.0008009301741663435,3.409553757830257e-08,-0.0012830519386852757,-6.084541723794246e-07
D3_100P_lam1,601.0,92.20864444949285,1.0,-0.0012837643043686112,-0.0012837643043686112,1.3697732856850501e-05,1.92387753727985e-07,1.9238775022037413e-07,1.9238775457453006e-07,0.999999999906186,1.3697733124347452e-05,0.9999999999061859,1.3703015959904082e-05,1.9629528661902618e-12,1.0,1.9681561255287293e-12,1.3703015688540069e-05,1.3703015688540069e-05,0.0,0.0,0.0,0.0012838371034270962,-1.3612015460684468e-05,2.3073336050671855e-06,-2.665854559158465e-06,-2.1316282072803006e-14,1.3697731161077868e-05,1.3697733124027045e-05,1.962949177476092e-12,0.0014441014611120536,0.0008009306034875161,2.9045887086232055e-08,-0.0012837643042757918,-6.665327418886591e-07
D3_100P_lam1,602.0,92.36206981463343,1.0,-0.0012843850042435312,-0.0012843850042435312,1.3656201761346074e-05,1.5705410051636282e-07,1.5705409731059383e-07,1.5705410114433271e-07,0.9999999999067541,1.3656202023945442e-05,0.999999999906754,1.3658596470064558e-05,1.879641231842709e-12,0.9999999999999999,1.883373605099609e-12,1.3658596205294582e-05,1.3658596205294582e-05,0.0,0.0,0.0,0.00128445737469495,-1.330621556883127e-05,2.0346140834348603e-06,-2.6549795318908664e-06,-7.105427357601002e-15,1.3656200143985098e-05,1.3656202023626961e-05,1.8796418640599957e-12,0.0014441018541811396,0.0008009306284958813,2.1321628734380617e-08,-0.001284385004169053,-5.435016419141903e-07
D3_100P_lam1,603.0,92.51549517977402,1.0,-0.0012848513075054706,-0.0012848513075054706,1.3701340011676335e-05,1.2932408111759885e-07,1.293240792510364e-07,1.2932408213067736e-07,0.9999999999061365,1.3701340274614393e-05,0.9999999999061367,1.3703963448500629e-05,1.864670585917745e-12,1.0,1.8687675136125394e-12,1.370396318319313e-05,1.370396318319313e-05,0.0,0.0,0.0,0.0012849241265394896,-1.3806528729065626e-05,1.7167174828358611e-06,-2.6643685163696418e-06,-7.105427357601002e-15,1.3701338409624575e-05,1.370134027429553e-05,1.8646709545687703e-12,0.0014441006133646007,0.0008009302444456368,1.5164855599560033e-08,-0.0012848513075596202,-5.49551089079614e-07
D3_100P_lam1,604.0,92.66892054491461,1.0,-0.001285484106383415,-0.001285484106383415,1.366817364092372e-05,1.0552436579061575e-07,1.0552436258137732e-07,1.0552436682104149e-07,0.9999999999065906,1.3668173895951241e-05,0.9999999999065903,1.3673165981119173e-05,1.95992100201491e-12,1.0,1.965275502808038e-12,1.3673165722265422e-05,1.3673165722265422e-05,0.0,0.0,0.0,0.0012855564961774943,-1.5152299446707929e-05,1.937199636259379e-06,-2.688365501546386e-06,-2.1316282072803006e-14,1.3668171935713234e-05,1.366817389563303e-05,1.9599197951701868e-12,0.0014440980140352654,0.0008009294595289931,1.1816583277346526e-08,-0.0012854841063472122,-6.418479188141646e-07
D3_100P_lam1,605.0,92.82234591005519,1.0,-0.001286135003354231,-0.001286135003354231,1.378980052179835e-05,9.335114899144958e-08,9.33511453866942e-08,9.335114956737778e-08,0.9999999999049207,1.3789800781982462e-05,0.9999999999049207,1.3792590504347171e-05,1.933719999156459e-12,1.0000000000000002,1.9378895761310722e-12,1.3792590241662806e-05,1.3792590241662806e-05,0.0,0.0,0.0,0.0012862086903841403,-1.6322106139887715e-05,2.056086878976515e-06,-2.733154724099407e-06,-1.4210854715202004e-14,1.3789798847933717e-05,1.378980078165407e-05,1.9337203526497577e-12,0.0014440952973927294,0.000800928474703297,9.541541652936915e-09,-0.0012861350033972485,-5.467792902891233e-07
D3_100P_lam1,606.0,92.97577127519578,1.0,-0.0012865776648835257,-0.0012865776648835257,1.392192321766814e-05,1.0576915388318953e-07,1.0576915230112172e-07,1.0576915485463467e-07,0.9999999999030901,1.392192348087072e-05,0.99999999990309,1.3923621096125408e-05,1.8883100492477734e-12,1.0000000000000002,1.891963390524881e-12,1.3923620831113581e-05,1.3923620831113581e-05,0.0,0.0,0.0,0.0012866527761808604,-1.7182359135170522e-05,1.917494642622586e-06,-2.7905790526139285e-06,-7.105427357601002e-15,1.3921921592225274e-05,1.3921923480535324e-05,1.8883100492477734e-12,0.0014440930697158297,0.0008009276616327097,9.838321971473747e-09,-0.0012865776649277905,-4.821201855520485e-07
D3_100P_lam1,607.0,93.12919664033637,1.0,-0.0012870992437806453,-0.0012870992437806453,1.3967626174531824e-05,1.2145778125610684e-07,1.2145777849789652e-07,1.2145778233510485e-07,0.9999999999024528,1.3967626433176931e-05,0.9999999999024528,1.3971525876516487e-05,1.9460971527630085e-12,1.0000000000000002,1.9512332801608193e-12,1.397152561460137e-05,1.397152561460137e-05,0.0,0.0,0.0,0.001287174770977523,-1.7653219895552574e-05,2.2955625627041343e-06,-2.8486551156836626e-06,-2.1316282072803006e-14,1.3967624486741964e-05,1.396762643283745e-05,1.9460954864268428e-12,0.0014440919223490968,0.0008009271390357702,1.622256364062139e-08,-0.0012870992437683526,-5.895024060009746e-07
D3_100P_lam1,608.0,93.28262200547695,1.0,-0.0012877566697690737,-0.0012877566697690737,1.419799916473252e-05,1.3522857012990275e-07,1.3522856694495045e-07,1.3522857113257292e-07,0.9999999998992081,1.4197999438868106e-05,0.9999999998992084,1.420147858162285e-05,1.959710160125182e-12,0.9999999999999998,1.9644820617446392e-12,1.4201478304531547e-05,1.4201478304531547e-05,0.0,0.0,0.0,0.0012878346833943143,-1.7574986816426552e-05,2.783468074696316e-06,-2.9131661809511655e-06,-7.105427357601002e-15,1.4197997478794108e-05,1.4197999438508038e-05,1.9597139288689574e-12,0.0014440916619027516,0.0008009268785355712,2.3280978811679636e-08,-0.0012877566697397924,-5.759483769907092e-07
D3_100P_lam1,609.0,93.43604737061754,1.0,-0.0012882511405844575,-0.0012882511405844575,1.4376337388281527e-05,1.7603231778837158e-07,1.7603231615773152e-07,1.760323187355306e-07,0.9999999998966603,1.4376337669566043e-05,0.9999999998966607,1.4377952570800386e-05,1.9133650424374963e-12,0.9999999999999998,1.9169209237195313e-12,1.4377952287800339e-05,1.4377952287800339e-05,0.0,0.0,0.0,0.0012883311450256948,-1.73417914426377e-05,2.8709956079175925e-06,-2.984975328468309e-06,-7.105427357601002e-15,1.4376335755829834e-05,1.4376337669195752e-05,1.9133659176285836e-12,0.00144409174270066,0.0008009267368730379,2.93939932690962e-08,-0.001288251140522334,-4.815407237401814e-07
D3_100P_lam1,610.0,93.58947273575814,1.0,-0.0012887197511889151,-0.0012887197511889151,1.4466856450633978e-05,2.2145243165627715e-07,2.2145242904725304e-07,2.2145243265547787e-07,0.9999999998953549,1.4466856730922728e-05,0.9999999998953548,1.4469918720384731e-05,1.9430525031629098e-12,1.0,1.947685364118307e-12,1.4469918437395696e-05,1.4469918437395696e-05,0.0,0.0,0.0,0.0012888007026230712,-1.7390782652282333e-05,3.378660113018128e-06,-3.0527423284243405e-06,0.0,1.4466854787489687e-05,1.44668567305431e-05,1.9430534134760467e-12,0.0014440915618250804,0.0008009266117733462,3.396177224579986e-08,-0.0012887197511872728,-5.659947532876686e-07
D3_100P_lam1,611.0,93.74289810089871,1.0,-0.0012893831301075491,-0.0012893831301075491,1.4748219854160158e-05,2.547558660657978e-07,2.5475586271431205e-07,2.547558671447958e-07,0.9999999998912449,1.474822015714812e-05,0.9999999998912449,1.4752564142391451e-05,1.976183452403661e-12,1.0,1.9814270228753776e-12,1.4752563835996415e-05,1.4752563835996415e-05,0.0,0.0,0.0,0.0012894672033473657,-1.7737811949136706e-05,4.243246446211657e-06,-3.1207047850867475e-06,-7.105427357601002e-15,1.4748218180568332e-05,1.4748220156751806e-05,1.9761834744831096e-12,0.0014440910264647405,0.0008009264725111538,4.1091931489536845e-08,-0.0012893831300289094,-6.314689358077885e-07
D3_100P_lam1,612.0,93.8963234660393,1.0,-0.0012899826890565532,-0.0012899826890565532,1.4980433020452075e-05,3.0462640676631736e-07,3.0462640491016324e-07,3.046264076336791e-07,0.9999999998877934,1.4980433336871498e-05,0.9999999998877934,1.498263249215609e-05,1.9469649698459924e-12,1.0000000000000002,1.9507516358320934e-12,1.498263217370304e-05,1.498263217370304e-05,0.0,0.0,0.0,0.0012900694396210837,-1.7682961950815645e-05,4.684879715721735e-06,-3.1988747977163e-06,-7.105427357601002e-15,1.4980431389486028e-05,1.4980433336450394e-05,1.946964364978503e-12,0.0014440910276403026,0.0008009263458776612,4.848896380719022e-08,-0.0012899826890588884,-5.394748541220906e-07
D3_100P_lam1,613.0,94.0497488311799,1.0,-0.0012904620796778928,-0.0012904620796778928,1.5146902836666022e-05,3.373208420504037e-07,3.373208399513883e-07,3.3732084315715727e-07,0.9999999998852857,1.5146903155681671e-05,0.9999999998852858,1.5149440539969e-05,1.9674007541367108e-12,0.9999999999999999,1.9714498642595957e-12,1.5149440218694629e-05,1.5149440218694629e-05,0.0,0.0,0.0,0.0012905507318287717,-1.7315831289277384e-05,5.426328880453468e-06,-3.279382013832155e-06,-7.105427357601002e-15,1.5146901187850698e-05,1.5146903155248319e-05,1.9673976211053713e-12,0.0014440915353563114,0.0008009264092120498,4.904586388492077e-08,-0.0012904620797371535,-5.678254524354998e-07
D3_100P_lam1,614.0,94.20317419632048,1.0,-0.0012911183399371493,-0.0012911183399371493,1.550079226542634e-05,3.2964302160848336e-07,3.2964301810434193e-07,3.2964302251053956e-07,0.9999999998798627,1.550079260965233e-05,0.9999999998798629,1.5505665882758548e-05,1.9967538210276074e-12,1.0,2.00213727385898e-12,1.5505665534964326e-05,1.5505665534964326e-05,0.0,0.0,0.0,0.0012912111033540538,-1.707164847530862e-05,6.771261920501814e-06,-3.362000549345101e-06,-1.4210854715202004e-14,1.5500790612433937e-05,1.5500792609185822e-05,1.9967518858332394e-12,0.001444092217634005,0.0008009265956111178,4.7576193650577466e-08,-0.0012911183399637594,-6.86615749145858e-07
D3_100P_lam1,615.0,94.35659956146107,1.0,-0.001291835311196132,-0.001291835311196132,1.585887710134568e-05,3.303879443396218e-07,3.303879424175482e-07,3.3038794493983614e-07,0.9999999998742483,1.5858877466921588e-05,0.9999999998742478,1.5862253880764097e-05,1.9861391390130056e-12,1.0,1.990418542562611e-12,1.586225351257594e-05,1.586225351257594e-05,0.0,0.0,0.0,0.001291932391295843,-1.65565286178726e-05,7.771908227205415e-06,-3.4617939231318395e-06,-1.4210854715202004e-14,1.5858875480284073e-05,1.585887746642342e-05,1.9861393469340303e-12,0.001444093104253226,0.0008009266994803131,4.432762949739312e-08,-0.0012918353112354453,-6.367045557453821e-07
D3_100P_lam1,616.0,94.51002492660166,1.0,-0.0012923917490873656,-0.0012923917490873656,1.6149670159341206e-05,3.1763372456555805e-07,3.1763372286552904e-07,3.1763372574170057e-07,0.999999999869594,1.614967053078643e-05,0.9999999998695939,1.6152110384627864e-05,2.0132471520098955e-12,1.0000000000000002,2.0168866053951587e-12,1.6152110011136262e-05,1.6152110011136262e-05,0.0,0.0,0.0,0.0012924924069187848,-1.6125680841305723e-05,8.878848299698205e-06,-3.575520373833019e-06,-1.4210854715202004e-14,1.6149668517013378e-05,1.6149670530258617e-05,2.0132452403354396e-12,0.0014440936105168903,0.0008009267244008152,3.8795063466552095e-08,-0.0012923917490752501,-6.001584438308782e-07
D3_100P_lam1,617.0,94.66345029174224,1.0,-0.0012930356281092433,-0.0012930356281092433,1.656416512330786e-05,2.5927453909529996e-07,2.592745356709558e-07,2.5927454024021745e-07,0.9999999998628142,1.6564165517620744e-05,0.9999999998628142,1.6568873698482216e-05,2.021847790577756e-12,1.0,2.0269700978326966e-12,1.6568873300851835e-05,1.6568873300851835e-05,0.0,0.0,0.0,0.0012931414343987575,-1.6299964220922725e-05,1.071413881215122e-05,-3.6958821188481927e-06,-1.4210854715202004e-14,1.6564163495202155e-05,1.6564165517050582e-05,2.0218484265104417e-12,0.0014440933300894458,0.0008009265855214111,3.512478918478899e-08,-0.001293035628123107,-7.194711884039862e-07
D3_100P_lam1,618.0,94.81687565688283,1.0,-0.0012938306914428213,-0.0012938306914428213,1.7053658031198782e-05,2.009574292041738e-07,2.009574269490333e-07,2.0095743013051615e-07,0.9999999998545863,1.705365845460253e-05,0.9999999998545863,1.7058187153983857e-05,2.018876469773218e-12,0.9999999999999999,2.0237497914594083e-12,1.7058186727455758e-05,1.7058186727455758e-05,0.0,0.0,0.0,0.0012939427915842428,-1.6539522994740707e-05,1.2347677408541813e-05,-3.835477353719696e-06,-7.105427357601002e-15,1.7053656435103734e-05,1.705365845398163e-05,2.0188778956332925e-12,0.0014440925477561058,0.0008009261104525063,3.594779207819582e-08,-0.001293830691452058,-7.233999781419698e-07
D3_100P_lam1,619.0,94.97030102202342,1.0,-0.0012944824281300343,-0.0012944824281300343,1.7433422956810015e-05,1.3465051683370088e-07,1.3465051513020243e-07,1.3465051829433805e-07,0.999999999848038,1.7433423389059293e-05,0.9999999998480377,1.743592938935955e-05,2.0596257035450252e-12,1.0000000000000002,2.0631564162708472e-12,1.7435928955123557e-05,1.7435928955123557e-05,0.0,0.0,0.0,0.0012945995668591855,-1.695620085628846e-05,1.3867802447720123e-05,-3.994064736556613e-06,-2.1316282072803006e-14,1.7433421328773445e-05,1.7433423388398218e-05,2.059624770887371e-12,0.0014440909743601415,0.0008009253731296312,3.5636775007648914e-08,-0.001294482428079391,-6.307887474577001e-07
D3_100P_lam1,620.0,95.123726387164,1.0,-0.0012950922690046285,-0.0012950922690046285,1.7862690655880095e-05,3.208666950194061e-08,3.2086666403724484e-08,3.208667069889981e-08,0.9999999998404622,1.7862691106609728e-05,0.9999999998404621,1.7866404320319793e-05,2.0516432378707035e-12,0.9999999999999999,2.056229036700429e-12,1.7866403866884645e-05,1.7866403866884645e-05,0.0,0.0,0.0,0.0012952151742968972,-1.8070573240658305e-05,1.6105556994716608e-05,-4.156286960599331e-06,-7.105427357601002e-15,1.786268905425464e-05,1.786269110589727e-05,2.0516426315257727e-12,0.001444088433156596,0.0008009244259048696,3.3687016432199674e-08,-0.0012950922689469735,-6.994924888203968e-07
D3_100P_lam1,621.0,95.27715175230459,1.0,-0.001295881413027764,-0.001295881413027764,1.843009645076977e-05,-6.501673615114112e-08,-6.501673867342905e-08,-6.501673493683469e-08,0.9999999998301657,1.843009693693303e-05,0.9999999998301656,1.8434986411101082e-05,2.0365991797438715e-12,1.0,2.0419612533513483e-12,1.8434985921660393e-05,1.8434985921660393e-05,0.0,0.0,0.0,0.0012960121669157135,-1.9361763391789744e-05,1.8325338612346087e-05,-4.32652983012316e-06,0.0,1.8430094899554708e-05,1.8430096936149576e-05,2.0365948682483046e-12,0.0014440855008825775,0.0008009232825000442,3.735432657715303e-08,-0.0012958814130570318,-7.602637310810678e-07
D3_100P_lam1,622.0,95.43057711744517,1.0,-0.001296612796419237,-0.001296612796419237,1.886371011667469e-05,-1.5675146158508624e-07,-1.5675146294510944e-07,-1.5675145977403493e-07,0.9999999998220802,1.8863710616780936e-05,0.9999999998220803,1.8866493833582793e-05,2.094665290936236e-12,1.0,2.0984500313011136e-12,1.8866493331385724e-05,1.8866493331385724e-05,0.0,0.0,0.0,0.0012967497474344282,-2.037279706779138e-05,2.025063896526902e-05,-4.508865202368373e-06,0.0,1.8863708521277824e-05,1.886371061594355e-05,2.0946657272677576e-12,0.0014440828022556868,0.0008009222016510236,4.412805195043773e-08,-0.0012966127964091356,-6.638949798798421e-07
D3_100P_lam1,623.0,95.58400248258576,1.0,-0.0012972092029613746,-0.0012972092029613746,1.9299899225653587e-05,-2.8180484266948636e-07,-2.818048452889188e-07,-2.818048410249685e-07,0.9999999998137569,1.9299899741410604e-05,0.999999999813757,1.930272983375168e-05,2.092083916653841e-12,1.0000000000000002,2.0961051804643685e-12,1.9302729315845816e-05,1.9302729315845816e-05,0.0,0.0,0.0,0.0012973525036827289,-2.1007276621687332e-05,2.278595920168769e-05,-4.687470670672322e-06,-7.105427357601002e-15,1.929989764842688e-05,1.9299899740511512e-05,2.0920846342089957e-12,0.0014440811279503112,0.0008009214493947232,5.208025755123245e-08,-0.0012972092030167914,-6.761036956959288e-07
D3_100P_lam1,624.0,95.73742784772635,1.0,-0.001297965003733012,-0.001297965003733012,1.9920512524817883e-05,-4.1349628788003856e-07,-4.134962906972295e-07,-4.134962867663461e-07,0.9999999998015865,1.9920513080410636e-05,0.9999999998015867,1.9925440895225297e-05,2.0426169828283605e-12,1.0,2.0481686293988093e-12,1.992544033642268e-05,1.992544033642268e-05,0.0,0.0,0.0,0.0012981175564531482,-2.1089942443097698e-05,2.5522718428039326e-05,-4.86164985713522e-06,-1.4210854715202004e-14,1.9920511036804757e-05,1.9920513079421745e-05,2.042616987677185e-12,0.0014440806709766865,0.0008009210832299183,6.643791341358256e-08,-0.0012979650038005275,-7.957900720612088e-07
D3_100P_lam1,625.0,95.89085321286693,1.0,-0.0012988007832120884,-0.0012988007832120884,2.043470014210695e-05,-5.419589572223937e-07,-5.419589586622142e-07,-5.419589557999205e-07,0.9999999997912117,2.043470071951563e-05,0.9999999997912116,2.043850265331753e-05,2.1211303835461652e-12,1.0,2.1254536846726943e-12,2.0438502073408086e-05,2.0438502073408086e-05,0.0,0.0,0.0,0.0012989612403866199,-2.0714833855572934e-05,2.787809728621582e-05,-5.044434976064771e-06,-1.4210854715202004e-14,2.043469859731828e-05,2.043470071844841e-05,2.1211301283870723e-12,0.001444080980755941,0.0008009209494720244,8.147687215966977e-08,-0.0012988007831609139,-7.593167197228468e-07
D3_100P_lam1,626.0,96.04427857800752,1.0,-0.0012994836372245942,-0.0012994836372245942,2.0914427106252356e-05,-7.020164838646148e-07,-7.020164861960831e-07,-7.020164823415276e-07,0.9999999997812934,2.091442769892123e-05,0.9999999997812933,2.0917241128829485e-05,2.1449811818167517e-12,1.0000000000000002,2.148625832003893e-12,2.0917240534189026e-05,2.0917240534189026e-05,0.0,0.0,0.0,0.0012996516597479097,-2.0372791657896627e-05,3.064830505650207e-05,-5.228855778083297e-06,-7.105427357601002e-15,2.0914425552795056e-05,2.0914427697777642e-05,2.1449825848820795e-12,0.0014440814787578982,0.0008009209337134069,9.310216023331648e-08,-0.0012994836372399732,-7.259199605869071e-07
D3_100P_lam1,627.0,96.19770394314811,1.0,-0.0013002526230347698,-0.0013002526230347698,2.1603895808938235e-05,-8.718088206488561e-07,-8.718088230844079e-07,-8.718088190633189e-07,0.9999999997666356,2.160389644266569e-05,0.9999999997666359,2.1608967172756997e-05,2.0508436598494062e-12,0.9999999999999999,2.0562033923454415e-12,2.1608966535964685e-05,2.1608966535964685e-05,0.0,0.0,0.0,0.001300431774742209,-2.0353944738538132e-05,3.37917241397534e-05,-5.412126694304131e-06,-7.105427357601002e-15,2.160389439056394e-05,2.1603896441405478e-05,2.050841540021624e-12,0.0014440818103379092,0.000800921060183576,1.0632312678561415e-07,-0.0013002526230820877,-8.677203595652827e-07
D3_100P_lam1,628.0,96.35112930828869,1.0,-0.0013012190779748964,-0.0013012190779748964,2.2257417632162052e-05,-1.0319865292422736e-06,-1.0319865312059806e-06,-1.0319865278614337e-06,0.9999999997523035,2.2257418296432902e-05,0.9999999997523038,2.226295398216119e-05,2.1422507015663595e-12,0.9999999999999999,2.147239756495486e-12,2.2262953314791174e-05,2.2262953314791174e-05,0.0,0.0,0.0,0.0013014091008136614,-1.982401893996233e-05,3.6547583637691616e-05,-5.6140139722549165e-06,-1.4210854715202004e-14,2.2257416152805593e-05,2.2257418295055864e-05,2.1422502705678898e-12,0.0014440829854950597,0.0008009212688779872,1.1785406163758933e-07,-0.0013012190779591037,-9.153057476396498e-07
D3_100P_lam1,629.0,96.50455467342928,1.0,-0.0013020832345448576,-0.0013020832345448576,2.286365439462857e-05,-1.1974221381903793e-06,-1.197422140136739e-06,-1.197422136611781e-06,0.9999999997386264,2.28636550750503e-05,0.9999999997386266,2.2867320936229235e-05,2.203801561109915e-12,1.0000000000000002,2.207375777191744e-12,2.286732025367053e-05,2.286732025367053e-05,0.0,0.0,0.0,0.001302283659352615,-1.8577647095341376e-05,3.945980108888136e-05,-5.837938476027649e-06,-1.4210854715202004e-14,2.286365286975488e-05,2.2863655073554955e-05,2.203800076310073e-12,0.0014440850523046635,0.0008009216246054417,1.2345867409011573e-07,-0.001302083234577367,-8.542981504433556e-07
D3_100P_lam1,630.0,96.65798003856987,1.0,-0.0013029276742784212,-0.0013029276742784212,2.367240808652314e-05,-1.3514962258730223e-06,-1.351496228547966e-06,-1.3514962240029904e-06,0.9999999997198087,2.367240880510295e-05,0.9999999997198087,2.3677671300758156e-05,2.0759434977576597e-12,1.0,2.0808154815106443e-12,2.367767057933528e-05,2.367767057933528e-05,0.0,0.0,0.0,0.0013031423820740267,-1.7808921458528637e-05,4.28302083483878e-05,-6.078479166227169e-06,-1.4210854715202004e-14,2.367240672750188e-05,2.36724088034449e-05,2.0759430187152044e-12,0.0014440866076391283,0.0008009220196892964,1.2678131199234713e-07,-0.0013029276742599905,-9.666715641287738e-07
D3_100P_lam1,631.0,96.81140540371045,1.0,-0.0013040165776713455,-0.0013040165776713455,2.4534264453126507e-05,-1.4879041650636693e-06,-1.4879041670377846e-06,-1.4879041636342571e-06,0.9999999996990352,2.4534265209376164e-05,0.9999999996990349,2.454156705989442e-05,2.1548357071074215e-12,1.0000000000000002,2.160381924569754e-12,2.4541566300096874e-05,2.4541566300096874e-05,0.0,0.0,0.0,0.001304247010119119,-1.738644714932569e-05,4.5889574933788424e-05,-6.354916127160326e-06,0.0,2.453426305269426e-05,2.4534265207530222e-05,2.154835960082816e-12,0.0014440874632590862,0.000800922009928824,1.3004450024989474e-07,-0.0013040165777056245,-1.0854305401153397e-06
D3_100P_lam1,632.0,96.96483076885104,1.0,-0.0013050985352744044,-0.0013050985352744044,2.531220602609836e-05,-1.6194301406813327e-06,-1.6194301419927837e-06,-1.6194301391062038e-06,0.999999999679646,2.5312206799708625e-05,0.9999999996796461,2.5317307186618134e-05,2.2610665928922234e-12,1.0,2.2649100111410573e-12,2.5317306410515096e-05,2.5317306410515096e-05,0.0,0.0,0.0,0.0013053436499168313,-1.712414447030408e-05,4.886626582001341e-05,-6.676504036629005e-06,-7.105427357601002e-15,2.5312204536609855e-05,2.5312206797678734e-05,2.2610688787337797e-12,0.001444087217448032,0.0008009215538648671,1.326712185761503e-07,-0.0013050985353402211,-1.0186446388615877e-06
D3_100P_lam1,633.0,97.11825613399164,1.0,-0.001306053866943311,-0.001306053866943311,2.6244855666824493e-05,-1.7426005745439788e-06,-1.742600576788711e-06,-1.742600572667008e-06,0.9999999996556039,2.6244856473562653e-05,0.9999999996556039,2.62500587254388e-05,2.123622782004842e-12,1.0000000000000002,2.127934602472688e-12,2.6250057916163857e-05,2.6250057916163857e-05,0.0,0.0,0.0,0.0013063172026130058,-1.784676195148993e-05,5.2325281200804596e-05,-7.032072638968323e-06,-7.105427357601002e-15,2.624485434767943e-05,2.624485647130221e-05,2.123622782004842e-12,0.0014440853455339692,0.0008009207207337626,1.3551871837502095e-07,-0.0013060538669833477,-1.052811796853348e-06
D3_100P_lam1,634.0,97.27168149913221,1.0,-0.0013072041588513468,-0.0013072041588513468,2.729822040584982e-05,-1.8511997230720445e-06,-1.8511997250669765e-06,-1.8511997213963016e-06,0.9999999996274037,2.729822125514942e-05,0.9999999996274035,2.730617012779776e-05,2.159413853654329e-12,0.9999999999999998,2.1652032615239616e-12,2.730616927493004e-05,2.730616927493004e-05,0.0,0.0,0.0,0.0013074888027886766,-1.892106438661223e-05,5.5631917821319377e-05,-7.4303056544766655e-06,0.0,2.729821909319208e-05,2.7298221252605933e-05,2.159413853654329e-12,0.0014440826243030363,0.0008009193674902348,1.4013462933804175e-07,-0.0013072041589339278,-1.2022007922496414e-06
D3_100P_lam1,635.0,97.4251068642728,1.0,-0.0013084582685617976,-0.0013084582685617976,2.8225120112035323e-05,-1.938583447526343e-06,-1.9385834485324827e-06,-1.9385834459373363e-06,0.9999999996016714,2.8225120981306545e-05,0.9999999996016715,2.8231638772648506e-05,2.3114611197245936e-12,1.0000000000000002,2.3158370775128167e-12,2.8231637900524633e-05,2.8231637900524633e-05,0.0,0.0,0.0,0.0013087623091180152,-1.995790343689574e-05,5.868536368414112e-05,-7.879140515087979e-06,0.0,2.8225118667036645e-05,2.822512097849692e-05,2.3114602747944954e-12,0.001444079154768809,0.0008009176601436082,1.458234546101725e-07,-0.001308458268567847,-1.167250843536749e-06
D3_100P_lam1,636.0,97.5785322294134,1.0,-0.0013095386605868069,-0.0013095386605868069,2.9272032552347736e-05,-2.0120032724578463e-06,-2.0120032745395144e-06,-2.012003270390056e-06,0.9999999995715739,2.9272033450982964e-05,0.999999999571574,2.9277132703298418e-05,2.190494520525813e-12,0.9999999999999999,2.194409212634777e-12,2.927713180237016e-05,2.927713180237016e-05,0.0,0.0,0.0,0.0013098654398275627,-2.149447884336464e-05,6.217850497591826e-05,-8.36361164940902e-06,-1.4210854715202004e-14,2.9272031257353876e-05,2.9272033447848756e-05,2.190494878854843e-12,0.0014440749874588459,0.0008009157879693954,1.5193850263685577e-07,-0.0013095386606210013,-1.1266278079347103e-06
D3_100P_lam1,637.0,97.73195759455398,1.0,-0.0013107115240903933,-0.0013107115240903933,3.0473911517665815e-05,-2.081484007369905e-06,-2.081484009770762e-06,-2.0814840057462036e-06,0.9999999995356703,3.0473912461490193e-05,0.9999999995356703,3.0481600050052105e-05,2.166675721419768e-12,0.9999999999999999,2.1723136786296154e-12,3.048159910295744e-05,3.048159910295744e-05,0.0,0.0,0.0,0.0013110653697275517,-2.298624052354814e-05,6.571817308387295e-05,-8.882428741474602e-06,0.0,3.047391029127426e-05,3.0473912457951445e-05,2.166677184272411e-12,0.0014440708720401302,0.0008009137634331599,1.6129011116861018e-07,-0.0013107115241837164,-1.2794811254934757e-06
D3_100P_lam1,638.0,97.88538295969457,1.0,-0.001312097622926022,-0.001312097622926022,3.155360042520038e-05,-2.1322711139179495e-06,-2.1322711149206197e-06,-2.132271112259554e-06,0.9999999995021849,3.155360139358262e-05,0.999999999502185,3.1561582550475474e-05,2.3483629115600328e-12,1.0,2.353403621912071e-12,3.1561581578875605e-05,3.1561581578875605e-05,0.0,0.0,0.0,0.0013124766035718842,-2.4108545768841694e-05,6.892898303911821e-05,-9.44341302461238e-06,-7.105427357601002e-15,3.155359904129359e-05,3.1553601389655876e-05,2.3483622854618476e-12,0.0014440669125282003,0.0008009116826122534,1.7411122153994274e-07,-0.0013120976228719883,-1.3229812907411542e-06
D3_100P_lam1,639.0,98.03880832483516,1.0,-0.0013133574867397386,-0.0013133574867397386,3.271736181983217e-05,-2.1725728292093516e-06,-2.172572831075914e-06,-2.172572827568303e-06,0.9999999994647871,3.2717362815926817e-05,0.9999999994647869,3.272302399580886e-05,2.272572370641163e-12,0.9999999999999999,2.276394908098797e-12,3.272302299743573e-05,3.272302299743573e-05,0.0,0.0,0.0,0.0013137645848988072,-2.535952710858158e-05,7.249088823479966e-05,-1.0035436067257208e-05,-1.4210854715202004e-14,3.271736053897706e-05,3.2717362811547975e-05,2.2725709116732956e-12,0.001444062850799744,0.000800909584939447,1.8570120410649227e-07,-0.0013133574867651987,-1.2484077274166339e-06
D3_100P_lam1,640.0,98.19223368997574,1.0,-0.0013145944383618669,-0.0013145944383618669,3.404726709651267e-05,-2.222242475004993e-06,-2.2222424774405447e-06,-2.222242473228636e-06,0.9999999994203921,3.4047268138174785e-05,0.9999999994203916,3.405467769167368e-05,2.1872553697796457e-12,1.0,2.192416815606933e-12,3.405467664710467e-05,3.405467664710467e-05,0.0,0.0,0.0,0.0013150348968318487,-2.684034226085874e-05,7.629040622125771e-05,-1.0652592897897328e-05,-7.105427357601002e-15,3.4047265945985646e-05,3.404726813324114e-05,2.1872554963640686e-12,0.0014440585427163233,0.0008009074163312345,1.9511898958341562e-07,-0.0013145944383268215,-1.3731177546105755e-06
D3_100P_lam1,641.0,98.34565905511633,1.0,-0.0013161037222714546,-0.0013161037222714546,3.528737937350651e-05,-2.2636769861777983e-06,-2.26367698673291e-06,-2.2636769842071525e-06,0.9999999993774003,3.5287380445154285e-05,0.9999999993774004,3.529687477795032e-05,2.3698248596671145e-12,0.9999999999999999,2.3754357489072615e-12,3.529687370280894e-05,3.529687370280894e-05,0.0,0.0,0.0,0.0013165763202043431,-2.8110092114674856e-05,7.976950822774498e-05,-1.130282829625573e-05,-1.4210854715202004e-14,3.528737806983715e-05,3.528738043966206e-05,2.369824912701261e-12,0.001444054396236979,0.0008009051721619057,2.0426646396531768e-07,-0.0013161037222744199,-1.5041047731756407e-06
D3_100P_lam1,642.0,98.49908442025692,1.0,-0.0013176026478954545,-0.0013176026478954545,3.65659313800726e-05,-2.3119458133942505e-06,-2.3119458144940652e-06,-2.311945811402788e-06,0.9999999993314664,3.6565932478868744e-05,0.9999999993314662,3.657303906975282e-05,2.36404839735664e-12,1.0,2.368101694432542e-12,3.6573037968439655e-05,3.6573037968439655e-05,0.0,0.0,0.0,0.001318109562873332,-2.9072470303814768e-05,8.34981524144851e-05,-1.1981769470037484e-05,-2.1316282072803006e-14,3.6565930108708754e-05,3.656593247275678e-05,2.364048023985408e-12,0.0014440506088228946,0.0008009029620311844,2.094238778489062e-07,-0.0013176026478731728,-1.4387795204129361e-06
D3_100P_lam1,643.0,98.6525097853975,1.0,-0.0013189812812906846,-0.0013189812812906846,3.800612174323608e-05,-2.3947019096755284e-06,-2.394701912312308e-06,-2.394701908079583e-06,0.9999999992777671,3.8006122886151546e-05,0.9999999992777674,3.801359253423649e-05,2.2270731652213502e-12,1.0000000000000002,2.2316819570090935e-12,3.801359138870499e-05,3.801359138870499e-05,0.0,0.0,0.0,0.0013195283581010852,-3.0169224468190592e-05,8.761370053678164e-05,-1.2682051068912958e-05,-7.105427357601002e-15,3.80061206522161e-05,3.800612287928977e-05,2.227073673063419e-12,0.0014440466586898373,0.0008009007316115538,2.0971298772653174e-07,-0.0013189812813152457,-1.5005254567768134e-06
D3_100P_lam1,644.0,98.80593515053809,1.0,-0.001320603698721804,-0.001320603698721804,3.9378960546341924e-05,-2.481106337767075e-06,-2.481106338683009e-06,-2.4811063362648045e-06,0.9999999992246488,3.937896172339583e-05,0.9999999992246488,3.938953348824201e-05,2.383627282365668e-12,0.9999999999999999,2.3895009940004986e-12,3.938953230763328e-05,3.938953230763328e-05,0.0,0.0,0.0,0.0013211903029887724,-3.142070179851242e-05,9.145614400019042e-05,-1.3407761921158112e-05,-7.105427357601002e-15,3.937895933213547e-05,3.937896171576297e-05,2.383627499212247e-12,0.0014440422708546336,0.0008008982204448945,2.1080599723791928e-07,-0.0013206036987867265,-1.6818906942717149e-06
D3_100P_lam1,645.0,98.95936051567868,1.0,-0.0013223450627597542,-0.0013223450627597542,4.0731019686091136e-05,-2.5730439756413426e-06,-2.5730439766648294e-06,-2.5730439736360022e-06,0.999999999170492,4.073102089021942e-05,0.999999999170492,4.0739998075995024e-05,2.453473027556048e-12,0.9999999999999998,2.4580245471585953e-12,4.0739996868995274e-05,4.0739996868995274e-05,0.0,0.0,0.0,0.0013229718285875417,-3.307416142017683e-05,9.540729069090759e-05,-1.4156818839927698e-05,-7.105427357601002e-15,4.073101842829683e-05,4.073102088177392e-05,2.4534770837011978e-12,0.00144403677931273,0.0008008953938878461,2.1161909767791347e-07,-0.0013223450627037892,-1.6524646184734593e-06
D3_100P_lam1,646.0,99.11278588081926,1.0,-0.0013239086280272384,-0.0013239086280272384,4.221018768412236e-05,-2.693311897512818e-06,-2.693311899865103e-06,-2.693311895611561e-06,0.9999999991091504,4.2210188930121186e-05,0.9999999991091499,4.221783097768937e-05,2.2907640870035084e-12,1.0,2.294966306161139e-12,4.221782972927577e-05,4.221782972927577e-05,0.0,0.0,0.0,0.001324580965251676,-3.5381631433129e-05,9.977880138212214e-05,-1.4919696661841453e-05,-7.105427357601002e-15,4.221018662995783e-05,4.221018892072187e-05,2.2907640391459397e-12,0.001444030122794531,0.0008008922257948395,2.0946262884901143e-07,-0.0013239086280236734,-1.6261736277556338e-06
D3_100P_lam1,647.0,99.26621124595985,1.0,-0.0013255974099963634,-0.0013255974099963634,4.3624413525060577e-05,-2.8098395625300587e-06,-2.8098395639004903e-06,-2.809839560708599e-06,0.9999999990484554,4.362441480767077e-05,0.9999999990484554,4.3634943212482323e-05,2.3983511454930677e-12,1.0,2.4040843134240783e-12,4.3634941926534e-05,4.3634941926534e-05,0.0,0.0,0.0,0.0013263146521926173,-3.78793121108556e-05,0.00010391528420194973,-1.569157652803188e-05,-7.105427357601002e-15,4.3624412398942965e-05,4.3624414797296515e-05,2.398353546520396e-12,0.0014440228789697424,0.0008008887142342808,2.080454332853217e-07,-0.0013255974099593004,-1.7971653392123699e-06
D3_100P_lam1,648.0,99.41963661110044,1.0,-0.0013275029586890057,-0.0013275029586890057,4.496861502350324e-05,-2.9191789409424573e-06,-2.9191789416745106e-06,-2.9191789389024225e-06,0.999999998988912,4.496861633400775e-05,0.9999999989889118,4.497906510221808e-05,2.529696612276971e-12,1.0,2.534864357697257e-12,4.4979063788530736e-05,4.4979063788530736e-05,0.0,0.0,0.0,0.0013282639988760514,-4.069144631146937e-05,0.00010801757487444164,-1.64670847017101e-05,-7.105427357601002e-15,4.496861379294403e-05,4.496861632264091e-05,2.529696884276108e-12,0.0014440148900281857,0.0008008850929008399,2.0702978014772945e-07,-0.0013275029587020981,-1.826890525080671e-06
D3_100P_lam1,649.0,99.57306197624102,1.0,-0.0013292511909592832,-0.0013292511909592832,4.641505597742745e-05,-3.0491477946772982e-06,-3.0491477969012137e-06,-3.0491477926997135e-06,0.9999999989228215,4.641505732801304e-05,0.9999999989228213,4.6423019795982554e-05,2.3745003216151117e-12,1.0,2.3785843165979253e-12,4.6423018443052186e-05,4.6423018443052186e-05,0.0,0.0,0.0,0.00133006091671983,-4.353813358037861e-05,0.00011252105079684327,-1.7236725312508305e-05,-7.105427357601002e-15,4.641505494101232e-05,4.6415057315513774e-05,2.3745014523439343e-12,0.0014440070577155704,0.0008008814940832823,2.0297528726948135e-07,-0.0013292511910094618,-1.7411723547411384e-06
D3_100P_lam1,650.0,99.72648734138161,1.0,-0.0013309853033801986,-0.0013309853033801986,4.781200288154285e-05,-3.1830150298284288e-06,-3.1830150312231464e-06,-3.183015028433711e-06,0.9999999988570063,4.781200426989427e-05,0.9999999988570061,4.782191157220727e-05,2.4239970863866013e-12,0.9999999999999999,2.4292795790413178e-12,4.782191018088787e-05,4.782191018088787e-05,0.0,0.0,0.0,0.0013318433928071309,-4.5814733931837104e-05,0.00011686305168900901,-1.7990520247701536e-05,-7.105427357601002e-15,4.781200183223579e-05,4.781200425623084e-05,2.4239950551315443e-12,0.001444000233236228,0.0008008781507162306,1.9998525201551872e-07,-0.0013309853034115804,-1.872770610589214e-06
D3_100P_lam1,651.0,99.8799127065222,1.0,-0.001332996732215547,-0.001332996732215547,4.912842007819658e-05,-3.3221292061284824e-06,-3.3221292061978713e-06,-3.3221292040121198e-06,0.9999999987931992,4.912842149560205e-05,0.9999999987931993,4.914008108539193e-05,2.583504727595255e-12,1.0000000000000002,2.589209603003727e-12,4.9140079664587915e-05,4.9140079664587915e-05,0.0,0.0,0.0,0.001333901370470977,-4.768224769824414e-05,0.00012108055927484429,-1.8722683622685032e-05,0.0,4.912841889727351e-05,4.9128421480778374e-05,2.5835048626898974e-12,0.0014439944220984774,0.0008008752602521639,2.012869636638057e-07,-0.0013329967322306402,-2.0114288190598018e-06
