run_id,t,period,alpha_star,alpha_star_translation,delta_theta,delta_omega_inst
D2_50P_lam1,0.0,0.0,0.0,0.0,0.0,-4.0097758446933085e-10
D2_50P_lam1,1.0,0.1534253651405871,-4.009775653658566e-10,-4.009775653658566e-10,-4.0097758446933085e-10,-1.9381856231071026e-08
D2_50P_lam1,2.0,0.3068507302811742,-3.876371241674218e-08,-3.876371241674218e-08,-3.876371246214205e-08,-2.0862518884667836e-07
D2_50P_lam1,3.0,0.4602760954217613,-4.1765135516488616e-07,-4.1765135516488616e-07,-4.1765135527782604e-07,-7.986540681015342e-07
D2_50P_lam1,4.0,0.6137014605623484,-1.636071848768006e-06,-1.636071848768006e-06,-1.6360718486652104e-06,-1.4735252098496687e-06
D2_50P_lam1,5.0,0.7671268257029354,-3.364701775307686e-06,-3.364701775307686e-06,-3.3647017749771635e-06,-1.3588750276127826e-06
D2_50P_lam1,6.0,0.9205521908435226,-4.353821904060508e-06,-4.353821904060508e-06,-4.3538219038907755e-06,-4.426815363167691e-07
D2_50P_lam1,7.0,1.0739775559841096,-4.250064847291238e-06,-4.250064847291238e-06,-4.250064847610702e-06,1.36171331099888e-07
D2_50P_lam1,8.0,1.2274029211246968,-4.081479241337966e-06,-4.081479241337966e-06,-4.0814792416909995e-06,-5.8913446565611594e-08
D2_50P_lam1,9.0,1.3808282862652839,-4.367891740070379e-06,-4.367891740070379e-06,-4.367891740741925e-06,-2.696995231588062e-07
D2_50P_lam1,10.0,1.5342536514058709,-4.620878288788542e-06,-4.620878288788542e-06,-4.620878288008612e-06,-2.484467565011528e-07
D2_50P_lam1,11.0,1.6876790165464581,-4.864785254356229e-06,-4.864785254356229e-06,-4.8647852537442304e-06,-5.102412821145208e-07
D2_50P_lam1,12.0,1.8411043816870452,-5.641360851769401e-06,-5.641360851769401e-06,-5.6413608522376535e-06,-9.616829466096988e-07
D2_50P_lam1,13.0,1.9945297468276322,-6.78815114728545e-06,-6.78815114728545e-06,-6.788151146963628e-06,-1.0660381946081543e-06
D2_50P_lam1,14.0,2.147955111968219,-7.773437241648673e-06,-7.773437241648673e-06,-7.773437241453962e-06,-8.393620642976884e-07
D2_50P_lam1,15.0,2.3013804771088067,-8.466875276304614e-06,-8.466875276304614e-06,-8.466875275559005e-06,-5.561355349570363e-07
D2_50P_lam1,16.0,2.4548058422493937,-8.885708310898609e-06,-8.885708310898609e-06,-8.885708311368035e-06,-3.8021543602440033e-07
D2_50P_lam1,17.0,2.6082312073899807,-9.227306145229e-06,-9.227306145229e-06,-9.227306147607806e-06,-5.103665490224785e-07
D2_50P_lam1,18.0,2.7616565725305677,-9.906441411717397e-06,-9.906441411717397e-06,-9.906441409412992e-06,-7.877592818061885e-07
D2_50P_lam1,19.0,2.9150819376711548,-1.0802824710537406e-05,-1.0802824710537406e-05,-1.0802824711220183e-05,-8.025222388852171e-07
D2_50P_lam1,20.0,3.0685073028117418,-1.1511485888514316e-05,-1.1511485888514316e-05,-1.1511485887183426e-05,-7.606264329496071e-07
D2_50P_lam1,21.0,3.2219326679523292,-1.232407757651009e-05,-1.232407757651009e-05,-1.2324077577119397e-05,-1.008664492374578e-06
D2_50P_lam1,22.0,3.3753580330929163,-1.352881487112523e-05,-1.352881487112523e-05,-1.3528814871932582e-05,-1.1543835984895168e-06
D2_50P_lam1,23.0,3.5287833982335033,-1.4632844775173291e-05,-1.4632844775173291e-05,-1.463284477409843e-05,-9.639817175610688e-07
D2_50P_lam1,24.0,3.6822087633740903,-1.5456778306091487e-05,-1.5456778306091487e-05,-1.545677830705472e-05,-9.080142806539016e-07
D2_50P_lam1,25.0,3.8356341285146773,-1.6448873335103094e-05,-1.6448873335103094e-05,-1.6448873335406233e-05,-1.0568426453971824e-06
D2_50P_lam1,26.0,3.9890594936552644,-1.7570463594931293e-05,-1.7570463594931293e-05,-1.7570463597849084e-05,-1.061478053898668e-06
D2_50P_lam1,27.0,4.142484858795852,-1.8571829442521894e-05,-1.8571829442521894e-05,-1.857182944320357e-05,-1.0700844192967907e-06
D2_50P_lam1,28.0,4.295910223936438,-1.9710632438782706e-05,-1.9710632438782706e-05,-1.9710632436442665e-05,-1.215297356083056e-06
D2_50P_lam1,29.0,4.449335589077026,-2.1002424156770125e-05,-2.1002424156770125e-05,-2.100242415536968e-05,-1.2124332666729742e-06
D2_50P_lam1,30.0,4.602760954217613,-2.2135498969762803e-05,-2.2135498969762803e-05,-2.2135498969788614e-05,-1.1655603557869654e-06
D2_50P_lam1,31.0,4.7561863193582,-2.3333544867396985e-05,-2.3333544867396985e-05,-2.3333544866943612e-05,-1.3316495319770638e-06
D2_50P_lam1,32.0,4.909611684498787,-2.479879803265996e-05,-2.479879803265996e-05,-2.479879803374274e-05,-1.4003051784783338e-06
D2_50P_lam1,33.0,5.063037049639374,-2.6134155225200854e-05,-2.6134155225200854e-05,-2.613415522390028e-05,-1.2622946119478229e-06
D2_50P_lam1,34.0,5.216462414779961,-2.7323387258676802e-05,-2.7323387258676802e-05,-2.7323387257638387e-05,-1.3165363430545085e-06
D2_50P_lam1,35.0,5.369887779920548,-2.8767227909300367e-05,-2.8767227909300367e-05,-2.8767227910009296e-05,-1.46776532972126e-06
D2_50P_lam1,36.0,5.5233131450611355,-3.0258917919222895e-05,-3.0258917919222895e-05,-3.0258917917080908e-05,-1.3873313200463144e-06
D2_50P_lam1,37.0,5.676738510201723,-3.1541890548634004e-05,-3.1541890548634004e-05,-3.1541890550101925e-05,-1.3634161426523406e-06
D2_50P_lam1,38.0,5.8301638753423095,-3.298575020149826e-05,-3.298575020149826e-05,-3.298575020238559e-05,-1.5445625258792006e-06
D2_50P_lam1,39.0,5.983589240482897,-3.463101560342467e-05,-3.463101560342467e-05,-3.4631015601860327e-05,-1.5727970037460182e-06
D2_50P_lam1,40.0,6.1370146056234836,-3.6131344206008446e-05,-3.6131344206008446e-05,-3.6131344209877625e-05,-1.5399957540296327e-06
D2_50P_lam1,41.0,6.290439970764071,-3.7711007107150594e-05,-3.7711007107150594e-05,-3.771100710991959e-05,-1.7207641462846368e-06
D2_50P_lam1,42.0,6.4438653359046585,-3.957287250547201e-05,-3.957287250547201e-05,-3.95728725024469e-05,-1.811407482676941e-06
D2_50P_lam1,43.0,6.597290701045245,-4.1333822071219934e-05,-4.1333822071219934e-05,-4.1333822075273474e-05,-1.7144193904528038e-06
D2_50P_lam1,44.0,6.7507160661858325,-4.300171128841906e-05,-4.300171128841906e-05,-4.3001711283352506e-05,-1.7974339847626197e-06
D2_50P_lam1,45.0,6.904141431326419,-4.4928690046383865e-05,-4.4928690046383865e-05,-4.4928690044798714e-05,-1.9370066794976992e-06
D2_50P_lam1,46.0,7.057566796467007,-4.687572464086562e-05,-4.687572464086562e-05,-4.6875724642347905e-05,-1.8561577803666296e-06
D2_50P_lam1,47.0,7.210992161607593,-4.864100561022635e-05,-4.864100561022635e-05,-4.864100560553197e-05,-1.854866386707954e-06
D2_50P_lam1,48.0,7.364417526748181,-5.058545741284021e-05,-5.058545741284021e-05,-5.058545741576381e-05,-2.0251875874066627e-06
D2_50P_lam1,49.0,7.517842891888768,-5.269138078587022e-05,-5.269138078587022e-05,-5.26913807803453e-05,-2.027538151594399e-06
D2_50P_lam1,50.0,7.671268257029355,-5.4640533721937826e-05,-5.4640533721937826e-05,-5.464053371895261e-05,-1.9928686505465976e-06
D2_50P_lam1,51.0,7.824693622169942,-5.667711808277562e-05,-5.667711808277562e-05,-5.6677118081438493e-05,-2.1618952210644693e-06
D2_50P_lam1,52.0,7.978118987310529,-5.89643241630858e-05,-5.89643241630858e-05,-5.896432416108155e-05,-2.2322946975350533e-06
D2_50P_lam1,53.0,8.131544352451117,-6.114170748008899e-05,-6.114170748008899e-05,-6.11417074765086e-05,-2.1479199574514496e-06
D2_50P_lam1,54.0,8.284969717591704,-6.326016407417544e-05,-6.326016407417544e-05,-6.326016407598445e-05,-2.2475990633097354e-06
D2_50P_lam1,55.0,8.43839508273229,-6.563690559887794e-05,-6.563690559887794e-05,-6.563690560312807e-05,-2.379677223274257e-06
D2_50P_lam1,56.0,8.591820447872877,-6.801951852680747e-05,-6.801951852680747e-05,-6.801951852253296e-05,-2.3073491988157002e-06
D2_50P_lam1,57.0,8.745245813013465,-7.025160400581413e-05,-7.025160400581413e-05,-7.025160400075947e-05,-2.332443102659454e-06
D2_50P_lam1,58.0,8.898671178154052,-7.268440472460664e-05,-7.268440472460664e-05,-7.268440472785187e-05,-2.5104902050543387e-06
D2_50P_lam1,59.0,9.052096543294638,-7.52725844138358e-05,-7.52725844138358e-05,-7.527258441086815e-05,-2.519548729651433e-06
D2_50P_lam1,60.0,9.205521908435227,-7.772350218524855e-05,-7.772350218524855e-05,-7.772350218715474e-05,-2.4990252782686184e-06
D2_50P_lam1,61.0,9.358947273575813,-8.027063496993406e-05,-8.027063496993406e-05,-8.027063496740539e-05,-2.6595027655673675e-06
D2_50P_lam1,62.0,9.5123726387164,-8.3042507719069e-05,-8.3042507719069e-05,-8.304250771828947e-05,-2.7169552261341323e-06
D2_50P_lam1,63.0,9.665798003856986,-8.570454542132599e-05,-8.570454542132599e-05,-8.570454541967365e-05,-2.6351063588947454e-06
D2_50P_lam1,64.0,9.819223368997575,-8.831272044005614e-05,-8.831272044005614e-05,-8.831272043607896e-05,-2.7223802447906564e-06
D2_50P_lam1,65.0,9.972648734138161,-9.114930590356256e-05,-9.114930590356256e-05,-9.114930590925496e-05,-2.837997843840867e-06
D2_50P_lam1,66.0,10.126074099278748,-9.398871612433566e-05,-9.398871612433566e-05,-9.39887161237607e-05,-2.7794399137803794e-06
D2_50P_lam1,67.0,10.279499464419336,-9.670818574526686e-05,-9.670818574526686e-05,-9.670818573681572e-05,-2.8207275342140292e-06
D2_50P_lam1,68.0,10.432924829559923,-9.963017119288336e-05,-9.963017119288336e-05,-9.963017119218875e-05,-2.9990228256338014e-06
D2_50P_lam1,69.0,10.58635019470051,-0.00010270623141047671,-0.00010270623141047671,-0.00010270623138808332,-3.0165137943072295e-06
D2_50P_lam1,70.0,10.739775559841096,-0.00010566319879804444,-0.00010566319879804444,-0.00010566319878080321,-2.9977990152474376e-06
D2_50P_lam1,71.0,10.893200924981684,-0.00010870182942705329,-0.00010870182942705329,-0.0001087018294185782,-3.1389708254891957e-06
D2_50P_lam1,72.0,11.046626290122271,-0.00011194114044228102,-0.00011194114044228102,-0.0001119411404317816,-3.1920619676384376e-06
D2_50P_lam1,73.0,11.200051655262858,-0.00011508595336544747,-0.00011508595336544747,-0.00011508595335385507,-3.1198225656225986e-06
D2_50P_lam1,74.0,11.353477020403446,-0.00011818078557886942,-0.00011818078557886942,-0.0001181807855630268,-3.2022534952602655e-06
D2_50P_lam1,75.0,11.506902385544032,-0.00012149046034451571,-0.00012149046034451571,-0.0001214904603443756,-3.3208333860557104e-06
D2_50P_lam1,76.0,11.660327750684619,-0.00012482245232738748,-0.00012482245232738748,-0.00012482245233513822,-3.2741586935003397e-06
D2_50P_lam1,77.0,11.813753115825207,-0.00012803877772621174,-0.00012803877772621174,-0.00012803877773137629,-3.2992913432394744e-06
D2_50P_lam1,78.0,11.967178480965794,-0.00013142103502415637,-0.00013142103502415637,-0.00013142103502161717,-3.4491496592181647e-06
D2_50P_lam1,79.0,12.12060384610638,-0.00013493707705243058,-0.00013493707705243058,-0.00013493707704981261,-3.4426790236352645e-06
D2_50P_lam1,80.0,12.274029211246967,-0.00013830639306219286,-0.00013830639306219286,-0.0001383063930688877,-3.3836782975527058e-06
D2_50P_lam1,81.0,12.427454576387555,-0.0001417044336408558,-0.0001417044336408558,-0.00014170443364491803,-3.491940248068204e-06
D2_50P_lam1,82.0,12.580879941528142,-0.00014529027355849328,-0.00014529027355849328,-0.0001452902735650241,-3.541033450460418e-06
D2_50P_lam1,83.0,12.734305306668729,-0.00014878650055452609,-0.00014878650055452609,-0.00014878650054583886,-3.458365974040589e-06
D2_50P_lam1,84.0,12.887730671809317,-0.00015220700551279927,-0.00015220700551279927,-0.0001522070055131053,-3.5235835440516894e-06
D2_50P_lam1,85.0,13.041156036949904,-0.00015583366763121707,-0.00015583366763121707,-0.00015583366763394224,-3.63906200107067e-06
D2_50P_lam1,86.0,13.19458140209049,-0.0001594851295178841,-0.0001594851295178841,-0.00015948512951524663,-3.576723742071408e-06
D2_50P_lam1,87.0,13.348006767231077,-0.0001629871151201929,-0.0001629871151201929,-0.00016298711511808506,-3.5722044202657344e-06
D2_50P_lam1,88.0,13.501432132371665,-0.00016662953836444792,-0.00016662953836444792,-0.0001666295383557781,-3.7087740878405384e-06
D2_50P_lam1,89.0,13.654857497512252,-0.0001704046632832243,-0.0001704046632832243,-0.00017040466329376613,-3.6906958911231413e-06
D2_50P_lam1,90.0,13.808282862652838,-0.00017401093014358663,-0.00017401093014358663,-0.00017401093013802438,-3.614793442352493e-06
D2_50P_lam1,91.0,13.961708227793427,-0.00017763425017762745,-0.00017763425017762745,-0.00017763425017847112,-3.7282155602724742e-06
D2_50P_lam1,92.0,14.115133592934013,-0.00018146736126182052,-0.00018146736126182052,-0.00018146736125856933,-3.7852973662211298e-06
D2_50P_lam1,93.0,14.2685589580746,-0.00018520484490970113,-0.00018520484490970113,-0.00018520484491091338,-3.6861044989677794e-06
D2_50P_lam1,94.0,14.421984323215186,-0.00018883957026652495,-0.00018883957026652495,-0.00018883957025650489,-3.7387435725122486e-06
D2_50P_lam1,95.0,14.575409688355775,-0.00019268233205791663,-0.00019268233205791663,-0.00019268233205593788,-3.847039948823294e-06
D2_50P_lam1,96.0,14.728835053496361,-0.00019653365016147903,-0.00019653365016147903,-0.00019653365015415147,-3.752260063549784e-06
D2_50P_lam1,97.0,14.882260418636948,-0.0002001868521775265,-0.0002001868521775265,-0.00020018685218303744,-3.715647643787179e-06
D2_50P_lam1,98.0,15.035685783777536,-0.00020396494544128703,-0.00020396494544128703,-0.00020396494544172583,-3.836058823480926e-06
D2_50P_lam1,99.0,15.189111148918123,-0.00020785896983927904,-0.00020785896983927904,-0.0002078589698299993,-3.781756888088239e-06
D2_50P_lam1,100.0,15.34253651405871,-0.00021152845920698873,-0.00021152845920698873,-0.0002115284592179023,-3.6670823604367797e-06
D2_50P_lam1,101.0,15.495961879199298,-0.00021519313455857936,-0.00021519313455857936,-0.00021519313455087286,-3.7627523141736674e-06
D2_50P_lam1,102.0,15.649387244339884,-0.00021905396384436823,-0.00021905396384436823,-0.00021905396384624964,-3.778979596802401e-06
D2_50P_lam1,103.0,15.80281260948047,-0.00022275109374170215,-0.00022275109374170215,-0.00022275109374447766,-3.627312672449534e-06
D2_50P_lam1,104.0,15.956237974621057,-0.00022630858919458103,-0.00022630858919458103,-0.0002263085891911487,-3.6619555743300225e-06
D2_50P_lam1,105.0,16.109663339761646,-0.00023007500488588626,-0.00023007500488588626,-0.0002300750048931377,-3.7480316024129934e-06
D2_50P_lam1,106.0,16.263088704902234,-0.00023380465239630118,-0.00023380465239630118,-0.0002338046523959747,-3.6174979953784714e-06
D2_50P_lam1,107.0,16.41651407004282,-0.00023731000088474274,-0.00023731000088474274,-0.00023731000088389465,-3.5784165675067925e-06
D2_50P_lam1,108.0,16.569939435183407,-0.00024096148552373584,-0.00024096148552373584,-0.00024096148553098828,-3.701126786381792e-06
D2_50P_lam1,109.0,16.723364800323992,-0.0002447122544494528,-0.0002447122544494528,-0.00024471225445665823,-3.63301835193397e-06
D2_50P_lam1,110.0,16.87679016546458,-0.0002482275222399734,-0.0002482275222399734,-0.0002482275222348562,-3.5319101456821045e-06
D2_50P_lam1,111.0,17.03021553060517,-0.00025177607473996134,-0.00025177607473996134,-0.00025177607474802244,-3.6503514238006574e-06
D2_50P_lam1,112.0,17.183640895745754,-0.00025552822507490135,-0.00025552822507490135,-0.00025552822508245754,-3.6661462203824158e-06
D2_50P_lam1,113.0,17.337066260886342,-0.0002591083671991029,-0.0002591083671991029,-0.00025910836718878727,-3.527303604755616e-06
D2_50P_lam1,114.0,17.49049162602693,-0.00026258283229434713,-0.00026258283229434713,-0.00026258283229196877,-3.5868402932237586e-06
D2_50P_lam1,115.0,17.643916991167515,-0.00026628204777027364,-0.00026628204777027364,-0.0002662820477752348,-3.668273855339521e-06
D2_50P_lam1,116.0,17.797342356308103,-0.0002699193800014983,-0.0002699193800014983,-0.0002699193800026478,-3.524912145280723e-06
D2_50P_lam1,117.0,17.950767721448692,-0.0002733318720647331,-0.0002733318720647331,-0.00027333187206579623,-3.487966090176542e-06
D2_50P_lam1,118.0,18.104193086589277,-0.00027689531218974984,-0.00027689531218974984,-0.0002768953121830009,-3.592287065146138e-06
D2_50P_lam1,119.0,18.257618451729865,-0.0002805164461921685,-0.0002805164461921685,-0.0002805164461960885,-3.486846615885497e-06
D2_50P_lam1,120.0,18.411043816870453,-0.0002838690054125836,-0.0002838690054125836,-0.0002838690054147719,-3.3668205503545323e-06
D2_50P_lam1,121.0,18.564469182011038,-0.00028725008729145175,-0.00028725008729145175,-0.0002872500872967976,-3.461507368740513e-06
D2_50P_lam1,122.0,18.717894547151626,-0.00029079202015458184,-0.00029079202015458184,-0.0002907920201522529,-3.433716130984976e-06
D2_50P_lam1,123.0,18.87131991229221,-0.0002941175195692283,-0.0002941175195692283,-0.0002941175195587675,-3.273535767789326e-06
D2_50P_lam1,124.0,19.0247452774328,-0.0002973390916966199,-0.0002973390916966199,-0.00029733909168783157,-3.319043990757109e-06
D2_50P_lam1,125.0,19.178170642573388,-0.0003007556075366281,-0.0003007556075366281,-0.00030075560754028174,-3.358778634776627e-06
D2_50P_lam1,126.0,19.331596007713973,-0.00030405664896644935,-0.00030405664896644935,-0.0003040566489573848,-3.188401059617263e-06
D2_50P_lam1,127.0,19.48502137285456,-0.0003071324096555143,-0.0003071324096555143,-0.00030713240965951627,-3.144370467111912e-06
D2_50P_lam1,128.0,19.63844673799515,-0.00031034538989466734,-0.00031034538989466734,-0.00031034538989160865,-3.217138953459653e-06
D2_50P_lam1,129.0,19.791872103135734,-0.00031356668757061566,-0.00031356668757061566,-0.0003135666875664356,-3.089149267054836e-06
D2_50P_lam1,130.0,19.945297468276323,-0.00031652368843522883,-0.00031652368843522883,-0.0003165236884257183,-2.976090051731717e-06
D2_50P_lam1,131.0,20.09872283341691,-0.00031951886766657864,-0.00031951886766657864,-0.000319518867669899,-3.058847525494457e-06
D2_50P_lam1,132.0,20.252148198557496,-0.0003226413834710485,-0.0003226413834710485,-0.00032264138347670723,-3.018678292221466e-06
D2_50P_lam1,133.0,20.405573563698084,-0.0003255562242697016,-0.0003255562242697016,-0.00032555622425434194,-2.8760331716171095e-06
D2_50P_lam1,134.0,20.558998928838673,-0.000328393449810439,-0.000328393449810439,-0.00032839344981994145,-2.9279053137543087e-06
D2_50P_lam1,135.0,20.712424293979257,-0.0003314120348698692,-0.0003314120348698692,-0.00033141203488185056,-2.971501046999947e-06
D2_50P_lam1,136.0,20.865849659119846,-0.0003343364519271436,-0.0003343364519271436,-0.00033433645191394135,-2.8372728593240026e-06
D2_50P_lam1,137.0,21.019275024260434,-0.0003370865806232246,-0.0003370865806232246,-0.00033708658060049856,-2.8277307109192407e-06
D2_50P_lam1,138.0,21.17270038940102,-0.00033999191333566013,-0.00033999191333566013,-0.00033999191333577983,-2.923538474419729e-06
D2_50P_lam1,139.0,21.326125754541607,-0.00034293365754135553,-0.00034293365754135553,-0.000342933657549338,-2.8301269310304633e-06
D2_50P_lam1,140.0,21.479551119682192,-0.00034565216721472335,-0.00034565216721472335,-0.00034565216719784075,-2.7398296396086153e-06
D2_50P_lam1,141.0,21.63297648482278,-0.00034841331683603717,-0.00034841331683603717,-0.00034841331682855525,-2.816958371454348e-06
D2_50P_lam1,142.0,21.78640184996337,-0.0003512860839312394,-0.0003512860839312394,-0.00035128608394074945,-2.760479148378181e-06
D2_50P_lam1,143.0,21.939827215103954,-0.0003539342751426721,-0.0003539342751426721,-0.0003539342751253116,-2.5923052930920676e-06
D2_50P_lam1,144.0,22.093252580244542,-0.00035647069453190346,-0.00035647069453190346,-0.0003564706945269336,-2.5974296136155317e-06
D2_50P_lam1,145.0,22.24667794538513,-0.00035912913435090505,-0.00035912913435090505,-0.0003591291343525427,-2.5832154619820358e-06
D2_50P_lam1,146.0,22.400103310525715,-0.00036163712544586224,-0.00036163712544586224,-0.00036163712545089766,-2.399438173483759e-06
D2_50P_lam1,147.0,22.553528675666303,-0.00036392801072314857,-0.00036392801072314857,-0.0003639280106995102,-2.336941960834338e-06
D2_50P_lam1,148.0,22.70695404080689,-0.00036631100938227737,-0.00036631100938227737,-0.00036631100937256633,-2.37494468535715e-06
D2_50P_lam1,149.0,22.860379405947477,-0.0003686779000700672,-0.0003686779000700672,-0.0003686779000702245,-2.248322971354355e-06
D2_50P_lam1,150.0,23.013804771088065,-0.00037080765531027763,-0.00037080765531027763,-0.00037080765531527504,-2.1366740838857368e-06
D2_50P_lam1,151.0,23.167230136228653,-0.0003729512482422705,-0.0003729512482422705,-0.00037295124823799597,-2.1897039204077373e-06
D2_50P_lam1,152.0,23.320655501369238,-0.00037518706318115104,-0.00037518706318115104,-0.0003751870631560905,-2.136408369324272e-06
D2_50P_lam1,153.0,23.474080866509826,-0.0003772240649700452,-0.0003772240649700452,-0.0003772240649766445,-1.9855797290802e-06
D2_50P_lam1,154.0,23.627506231650415,-0.0003791582226190011,-0.0003791582226190011,-0.0003791582226142509,-1.9983108927590365e-06
D2_50P_lam1,155.0,23.780931596791,-0.00038122068676203844,-0.00038122068676203844,-0.0003812206867621626,-2.0078614255680804e-06
D2_50P_lam1,156.0,23.934356961931588,-0.0003831739454757263,-0.0003831739454757263,-0.0003831739454653871,-1.8512881894139355e-06
D2_50P_lam1,157.0,24.087782327072173,-0.00038492326316097756,-0.00038492326316097756,-0.00038492326314099046,-1.7891841537220898e-06
D2_50P_lam1,158.0,24.24120769221276,-0.00038675231376044143,-0.00038675231376044143,-0.00038675231377283126,-1.8267061250298866e-06
D2_50P_lam1,159.0,24.39463305735335,-0.0003885766753776331,-0.0003885766753776331,-0.00038857667539105023,-1.7022184977122379e-06
D2_50P_lam1,160.0,24.548058422493934,-0.00039015675074783083,-0.00039015675074783083,-0.00039015675076825573,-1.5733329377098926e-06
D2_50P_lam1,161.0,24.701483787634523,-0.00039172334125331404,-0.00039172334125331404,-0.00039172334126647,-1.6190664098303387e-06
D2_50P_lam1,162.0,24.85490915277511,-0.00039339488356881125,-0.00039339488356881125,-0.0003933948835879164,-1.580407953838403e-06
D2_50P_lam1,163.0,25.008334517915696,-0.0003948841571637225,-0.0003948841571637225,-0.0003948841571741468,-1.435250140957578e-06
D2_50P_lam1,164.0,25.161759883056284,-0.00039626538388274653,-0.00039626538388274653,-0.00039626538386983157,-1.461857408457945e-06
D2_50P_lam1,165.0,25.315185248196872,-0.0003978078719983036,-0.0003978078719983036,-0.0003978078719910627,-1.5075854378210352e-06
D2_50P_lam1,166.0,25.468610613337457,-0.0003992805547381158,-0.0003992805547381158,-0.00039928055474547364,-1.3733208277244557e-06
D2_50P_lam1,167.0,25.622035978478046,-0.0004005545136469802,-0.0004005545136469802,-0.0004005545136465116,-1.3301318517733307e-06
D2_50P_lam1,168.0,25.775461343618634,-0.0004019408184463683,-0.0004019408184463683,-0.0004019408184490203,-1.4026164052438617e-06
D2_50P_lam1,169.0,25.92888670875922,-0.00040335974644571876,-0.00040335974644571876,-0.00040335974645699935,-1.2928382773225167e-06
D2_50P_lam1,170.0,26.082312073899807,-0.0004045264950095334,-0.0004045264950095334,-0.00040452649500366533,-1.163208509069591e-06
D2_50P_lam1,171.0,26.235737439040395,-0.0004056861634807323,-0.0004056861634807323,-0.00040568616347513853,-1.2214070324034765e-06
D2_50P_lam1,172.0,26.38916280418098,-0.0004069693090767843,-0.0004069693090767843,-0.0004069693090684723,-1.181183719722867e-06
D2_50P_lam1,173.0,26.54258816932157,-0.00040804853093061246,-0.00040804853093061246,-0.00040804853091458426,-1.0166850188397802e-06
D2_50P_lam1,174.0,26.696013534462153,-0.0004090026791158336,-0.0004090026791158336,-0.00040900267910615185,-1.0368877951805189e-06
D2_50P_lam1,175.0,26.84943889960274,-0.0004101223065038758,-0.0004101223065038758,-0.0004101223065049453,-1.0712896454379006e-06
D2_50P_lam1,176.0,27.00286426474333,-0.00041114525837973977,-0.00041114525837973977,-0.00041114525839702765,-9.08165532109706e-07
D2_50P_lam1,177.0,27.156289629883915,-0.00041193863757487043,-0.00041193863757487043,-0.0004119386375691647,-8.560495246001665e-07
D2_50P_lam1,178.0,27.309714995024503,-0.00041285735745886056,-0.00041285735745886056,-0.000412857357446228,-9.414005859298413e-07
D2_50P_lam1,179.0,27.46314036016509,-0.0004138214387415008,-0.0004138214387415008,-0.0004138214387410244,-8.394318200544149e-07
D2_50P_lam1,180.0,27.616565725305676,-0.00041453622107353444,-0.00041453622107353444,-0.0004145362210863368,-7.361446279219308e-07
D2_50P_lam1,181.0,27.769991090446265,-0.0004152937279931379,-0.0004152937279931379,-0.00041529372799686826,-8.445150427860426e-07
D2_50P_lam1,182.0,27.923416455586853,-0.00041622525117325965,-0.00041622525117325965,-0.0004162252511719089,-8.319097588582736e-07
D2_50P_lam1,183.0,28.076841820727438,-0.00041695754749579054,-0.00041695754749579054,-0.0004169575475145848,-6.861100558808175e-07
D2_50P_lam1,184.0,28.230267185868026,-0.00041759747127185175,-0.00041759747127185175,-0.00041759747128367053,-7.441580436307049e-07
D2_50P_lam1,185.0,28.383692551008615,-0.00041844586359420676,-0.00041844586359420676,-0.0004184458636018462,-7.961838122128029e-07
D2_50P_lam1,186.0,28.5371179161492,-0.0004191898389043933,-0.0004191898389043933,-0.00041918983890809614,-6.379041934678753e-07
D2_50P_lam1,187.0,28.690543281289788,-0.00041972167198958,-0.00041972167198958,-0.00041972167198878196,-6.190155943386344e-07
D2_50P_lam1,188.0,28.843968646430373,-0.0004204278701067588,-0.0004204278701067588,-0.0004204278700967734,-7.276040037140774e-07
D2_50P_lam1,189.0,28.99739401157096,-0.0004211768800071967,-0.0004211768800071967,-0.0004211768799962101,-6.240063044060662e-07
D2_50P_lam1,190.0,29.15081937671155,-0.0004216758827050164,-0.0004216758827050164,-0.00042167588270558554,-5.403105802770369e-07
D2_50P_lam1,191.0,29.304244741852134,-0.00042225750114901323,-0.00042225750114901323,-0.0004222575011567642,-6.671037482419706e-07
D2_50P_lam1,192.0,29.457670106992722,-0.0004230100902175034,-0.0004230100902175034,-0.0004230100902020695,-6.454950352008382e-07
D2_50P_lam1,193.0,29.61109547213331,-0.000423548491215384,-0.000423548491215384,-0.00042354849122716587,-5.145247143900633e-07
D2_50P_lam1,194.0,29.764520837273896,-0.0004240391396474463,-0.0004240391396474463,-0.0004240391396308496,-6.082766219606128e-07
D2_50P_lam1,195.0,29.917946202414484,-0.0004247650444823665,-0.0004247650444823665,-0.0004247650444710871,-6.733862250030143e-07
D2_50P_lam1,196.0,30.071371567555072,-0.0004253859120814869,-0.0004253859120814869,-0.00042538591208085563,-5.412498182977288e-07
D2_50P_lam1,197.0,30.224796932695657,-0.0004258475441290381,-0.0004258475441290381,-0.00042584754410768255,-5.684934336613878e-07
D2_50P_lam1,198.0,30.378222297836246,-0.0004265228989603935,-0.0004265228989603935,-0.0004265228989481784,-6.872426752124738e-07
D2_50P_lam1,199.0,30.531647662976834,-0.0004272220294682046,-0.0004272220294682046,-0.0004272220294581075,-5.803505445101109e-07
D2_50P_lam1,200.0,30.68507302811742,-0.00042768360002613624,-0.00042768360002613624,-0.00042768360003719863,-5.100388449363891e-07
D2_50P_lam1,201.0,30.838498393258007,-0.0004282421071682738,-0.0004282421071682738,-0.0004282421071479803,-6.244324026738468e-07
D2_50P_lam1,202.0,30.991923758398595,-0.00042893246485470576,-0.00042893246485470576,-0.0004289324648425463,-5.791689829948155e-07
D2_50P_lam1,203.0,31.14534912353918,-0.0004294004451255332,-0.0004294004451255332,-0.0004294004451139699,-4.560931898822673e-07
D2_50P_lam1,204.0,31.29877448867977,-0.00042984465121772425,-0.00042984465121772425,-0.00042984465122231086,-5.537859522064537e-07
D2_50P_lam1,205.0,31.452199853820353,-0.00043050801702149507,-0.00043050801702149507,-0.0004305080170183828,-6.065913851216465e-07
D2_50P_lam1,206.0,31.60562521896094,-0.00043105783398618945,-0.00043105783398618945,-0.00043105783399255415,-4.843199548076882e-07
D2_50P_lam1,207.0,31.75905058410153,-0.00043147665694317485,-0.00043147665694317485,-0.0004314766569279982,-5.264361107037985e-07
D2_50P_lam1,208.0,31.912475949242115,-0.0004321107062159538,-0.0004321107062159538,-0.00043211070621396175,-6.442192557187809e-07
D2_50P_lam1,209.0,32.06590131438271,-0.000432765095439166,-0.000432765095439166,-0.00043276509543943575,-5.607103616966924e-07
D2_50P_lam1,210.0,32.21932667952329,-0.000433232126933862,-0.000433232126933862,-0.00043323212693735513,-5.392005419935231e-07
D2_50P_lam1,211.0,32.372752044663876,-0.00043384349651249144,-0.00043384349651249144,-0.0004338434965234228,-6.859889936094987e-07
D2_50P_lam1,212.0,32.52617740980447,-0.00043460410493059584,-0.00043460410493059584,-0.00043460410492457413,-6.731029458251214e-07
D2_50P_lam1,213.0,32.67960277494505,-0.00043518970243426505,-0.00043518970243426505,-0.00043518970241507304,-5.925273285356525e-07
D2_50P_lam1,214.0,32.83302814008564,-0.00043578915957705747,-0.00043578915957705747,-0.00043578915958164544,-7.016795962044853e-07
D2_50P_lam1,215.0,32.98645350522622,-0.000436593061611058,-0.000436593061611058,-0.000436593061607482,-7.522059632947276e-07
D2_50P_lam1,216.0,33.139878870366815,-0.00043729357151245,-0.00043729357151245,-0.0004372935715082349,-6.474810447798518e-07
D2_50P_lam1,217.0,33.2933042355074,-0.00043788802369685323,-0.00043788802369685323,-0.0004378880236970417,-6.92975348215441e-07
D2_50P_lam1,218.0,33.446729600647984,-0.0004386795222146658,-0.0004386795222146658,-0.00043867952220466577,-7.999844342521101e-07
D2_50P_lam1,219.0,33.600154965788576,-0.0004394879925613333,-0.0004394879925613333,-0.00043948799256554594,-7.212341728290994e-07
D2_50P_lam1,220.0,33.75358033092916,-0.00044012199055665306,-0.00044012199055665306,-0.00044012199055032397,-6.924261555241173e-07
D2_50P_lam1,221.0,33.907005696069746,-0.0004408728448706427,-0.0004408728448706427,-0.00044087284487659417,-8.160025828374273e-07
D2_50P_lam1,222.0,34.06043106121034,-0.0004417539957179026,-0.0004417539957179026,-0.0004417539957159988,-8.001972986448891e-07
D2_50P_lam1,223.0,34.21385642635092,-0.00044247323948792215,-0.00044247323948792215,-0.00044247323947388395,-7.252931908396931e-07
D2_50P_lam1,224.0,34.36728179149151,-0.00044320458208809484,-0.00044320458208809484,-0.0004432045820976782,-8.353500504654221e-07
D2_50P_lam1,225.0,34.5207071566321,-0.00044414393959250946,-0.00044414393959250946,-0.0004441439395748148,-9.037472494810572e-07
D2_50P_lam1,226.0,34.674132521772684,-0.00044501207660217724,-0.00044501207660217724,-0.0004450120765966403,-8.275663248014098e-07
D2_50P_lam1,227.0,34.82755788691327,-0.00044579907220921314,-0.00044579907220921314,-0.0004457990722244176,-8.942154607893826e-07
D2_50P_lam1,228.0,34.98098325205386,-0.000446800507498097,-0.000446800507498097,-0.0004468005075182191,-1.029437868282912e-06
D2_50P_lam1,229.0,35.134408617194445,-0.0004478579479696488,-0.0004478579479696488,-0.00044785794796098344,-9.918511949535969e-07
D2_50P_lam1,230.0,35.28783398233503,-0.0004487842099075106,-0.0004487842099075106,-0.0004487842099081263,-9.984834150600364e-07
D2_50P_lam1,231.0,35.44125934747562,-0.0004498549147981093,-0.0004498549147981093,-0.0004498549147911035,-1.1549400653620978e-06
D2_50P_lam1,232.0,35.59468471261621,-0.00045109409002548764,-0.00045109409002548764,-0.0004510940900388505,-1.1815063771791756e-06
D2_50P_lam1,233.0,35.74811007775679,-0.0004522179275434534,-0.0004522179275434534,-0.00045221792754546186,-1.1400376251913258e-06
D2_50P_lam1,234.0,35.901535442897384,-0.00045337416528049164,-0.00045337416528049164,-0.00045337416528923313,-1.2694761863940585e-06
D2_50P_lam1,235.0,36.05496080803797,-0.00045475687991688584,-0.00045475687991688584,-0.00045475687991825,-1.3625747641299313e-06
D2_50P_lam1,236.0,36.20838617317855,-0.0004560993148073192,-0.0004560993148073192,-0.000456099314817493,-1.3026958072259731e-06
D2_50P_lam1,237.0,36.361811538319145,-0.00045736227151977547,-0.00045736227151977547,-0.0004573622715327019,-1.3686907180954222e-06
D2_50P_lam1,238.0,36.51523690345973,-0.00045883669623086014,-0.00045883669623086014,-0.00045883669625368384,-1.5131443404925449e-06
D2_50P_lam1,239.0,36.668662268600315,-0.00046038856021423963,-0.00046038856021423963,-0.000460388560213687,-1.4842655673419358e-06
D2_50P_lam1,240.0,36.82208763374091,-0.00046180522737594373,-0.00046180522737594373,-0.0004618052273883677,-1.4816450857324526e-06
D2_50P_lam1,241.0,36.97551299888149,-0.00046335185039930065,-0.00046335185039930065,-0.0004633518503851519,-1.6368981761161194e-06
D2_50P_lam1,242.0,37.128938364022076,-0.00046507902375172267,-0.00046507902375172267,-0.00046507902374059995,-1.6627816847858412e-06
D2_50P_lam1,243.0,37.28236372916267,-0.00046667741376423607,-0.00046667741376423607,-0.0004666774137547236,-1.6007126504291591e-06
D2_50P_lam1,244.0,37.43578909430325,-0.00046828044904421263,-0.00046828044904421263,-0.00046828044904145827,-1.7207952396347537e-06
D2_50P_lam1,245.0,37.58921445944384,-0.00047011900423799756,-0.00047011900423799756,-0.0004701190042339931,-1.8168499309467734e-06
D2_50P_lam1,246.0,37.74263982458442,-0.00047191414892446893,-0.00047191414892446893,-0.0004719141489033518,-1.7464381301124376e-06
D2_50P_lam1,247.0,37.896065189725014,-0.00047361188048941546,-0.00047361188048941546,-0.000473611880494218,-1.8129934176158713e-06
D2_50P_lam1,248.0,38.0494905548656,-0.0004755401357404363,-0.0004755401357404363,-0.00047554013573858356,-1.972674567696231e-06
D2_50P_lam1,249.0,38.202915920006184,-0.00047755722964617304,-0.00047755722964617304,-0.00047755722962961045,-1.9434116040883964e-06
D2_50P_lam1,250.0,38.356341285146776,-0.0004794269589279989,-0.0004794269589279989,-0.00047942695894676035,-1.9450225181572023e-06
D2_50P_lam1,251.0,38.50976665028736,-0.0004814472746527386,-0.0004814472746527386,-0.00048144727466592485,-2.124995788221895e-06
D2_50P_lam1,252.0,38.663192015427946,-0.0004836769505281757,-0.0004836769505281757,-0.00048367695052320414,-2.168883995068427e-06
D2_50P_lam1,253.0,38.81661738056854,-0.0004857850426584551,-0.0004857850426584551,-0.0004857850426560617,-2.125812770259472e-06
D2_50P_lam1,254.0,38.97004274570912,-0.0004879285760600477,-0.0004879285760600477,-0.0004879285760637231,-2.2846720497682327e-06
D2_50P_lam1,255.0,39.12346811084971,-0.0004903543867544169,-0.0004903543867544169,-0.0004903543867555982,-2.4113719945262346e-06
D2_50P_lam1,256.0,39.2768934759903,-0.0004927513200522246,-0.0004927513200522246,-0.0004927513200527756,-2.3525141585878373e-06
D2_50P_lam1,257.0,39.430318841130884,-0.0004950594150757369,-0.0004950594150757369,-0.0004950594150727738,-2.4369295630322085e-06
D2_50P_lam1,258.0,39.58374420627147,-0.0004976251792041021,-0.0004976251792041021,-0.00049762517917884,-2.608369484846662e-06
D2_50P_lam1,259.0,39.73716957141206,-0.0005002761540498893,-0.0005002761540498893,-0.0005002761540424672,-2.5636774978465837e-06
D2_50P_lam1,260.0,39.890594936552645,-0.000502752534174247,-0.000502752534174247,-0.0005027525341745331,-2.5547235651401934e-06
D2_50P_lam1,261.0,40.04402030169323,-0.0005053856011730696,-0.0005053856011730696,-0.0005053856011727476,-2.7319958491034413e-06
D2_50P_lam1,262.0,40.19744566683382,-0.0005082165258614974,-0.0005082165258614974,-0.00050821652587274,-2.7419976902365306e-06
D2_50P_lam1,263.0,40.35087103197441,-0.0005108695965524296,-0.0005108695965524296,-0.0005108695965532206,-2.6606473255696983e-06
D2_50P_lam1,264.0,40.50429639711499,-0.0005135378205276588,-0.0005135378205276588,-0.0005135378205238794,-2.7998146379104583e-06
D2_50P_lam1,265.0,40.65772176225558,-0.000516469225838846,-0.000516469225838846,-0.0005164692258290415,-2.8819309960681494e-06
D2_50P_lam1,266.0,40.81114712739617,-0.0005193016825093832,-0.0005193016825093832,-0.0005193016825160157,-2.7752139146741683e-06
D2_50P_lam1,267.0,40.96457249253675,-0.0005220196536748581,-0.0005220196536748581,-0.0005220196536583899,-2.8478911531237827e-06
D2_50P_lam1,268.0,41.117997857677345,-0.000524997464816972,-0.000524997464816972,-0.0005249974648222633,-2.9928033313808555e-06
D2_50P_lam1,269.0,41.27142322281793,-0.0005280052603342611,-0.0005280052603342611,-0.0005280052603211516,-2.908186843342264e-06
D2_50P_lam1,270.0,41.424848587958515,-0.0005308138384748821,-0.0005308138384748821,-0.0005308138385089478,-2.8956050073247752e-06
D2_50P_lam1,271.0,41.57827395309911,-0.0005337964703717358,-0.0005337964703717358,-0.0005337964703358011,-3.062202011960835e-06
D2_50P_lam1,272.0,41.73169931823969,-0.0005369382425389535,-0.0005369382425389535,-0.0005369382425328695,-3.042823522036997e-06
D2_50P_lam1,273.0,41.885124683380276,-0.0005398821173818431,-0.0005398821173818431,-0.0005398821173798751,-2.9704598034641094e-06
D2_50P_lam1,274.0,42.03855004852087,-0.0005428791621259126,-0.0005428791621259126,-0.0005428791621397977,-3.124357334627348e-06
D2_50P_lam1,275.0,42.19197541366145,-0.0005461308320668974,-0.0005461308320668974,-0.0005461308320491298,-3.195776656639282e-06
D2_50P_lam1,276.0,42.34540077880204,-0.0005492707154216616,-0.0005492707154216616,-0.0005492707154530763,-3.104129916664533e-06
D2_50P_lam1,277.0,42.49882614394263,-0.0005523390918847415,-0.0005523390918847415,-0.0005523390918824589,-3.203679398211534e-06
D2_50P_lam1,278.0,42.652251509083214,-0.000555678074274594,-0.000555678074274594,-0.0005556780742494993,-3.349314397382841e-06
D2_50P_lam1,279.0,42.8056768742238,-0.0005590377206926593,-0.0005590377206926593,-0.0005590377206772246,-3.2803169744966e-06
D2_50P_lam1,280.0,42.959102239364384,-0.0005622387081737246,-0.0005622387081737246,-0.0005622387081984925,-3.3008837476700137e-06
D2_50P_lam1,281.0,43.112527604504976,-0.0005656394881336115,-0.0005656394881336115,-0.0005656394881725646,-3.4724217528037116e-06
D2_50P_lam1,282.0,43.26595296964556,-0.0005691835517123015,-0.0005691835517123015,-0.0005691835517041,-3.4485670994399698e-06
D2_50P_lam1,283.0,43.419378334786146,-0.0005725366223650345,-0.0005725366223650345,-0.0005725366223714445,-3.3824002514393214e-06
D2_50P_lam1,284.0,43.57280369992674,-0.0005759483522194855,-0.0005759483522194855,-0.0005759483522069786,-3.5178747452846437e-06
D2_50P_lam1,285.0,43.72622906506732,-0.00057957237183276,-0.00057957237183276,-0.0005795723718620138,-3.5518122558642062e-06
D2_50P_lam1,286.0,43.87965443020791,-0.0005830519767173431,-0.0005830519767173431,-0.000583051976718707,-3.4414125309467636e-06
D2_50P_lam1,287.0,44.0330797953485,-0.0005864551969092977,-0.0005864551969092977,-0.0005864551969239074,-3.518666858326469e-06
D2_50P_lam1,288.0,44.186505160489084,-0.0005900893104365235,-0.0005900893104365235,-0.00059008931043536,-3.623479528869211e-06
D2_50P_lam1,289.0,44.33993052562967,-0.0005937021560267372,-0.0005937021560267372,-0.0005937021559816458,-3.5338921122729516e-06
D2_50P_lam1,290.0,44.49335589077026,-0.0005971570946577754,-0.0005971570946577754,-0.0005971570946599059,-3.543583687815044e-06
D2_50P_lam1,291.0,44.646781255910845,-0.0006007893233325752,-0.0006007893233325752,-0.0006007893233572759,-3.6846871012130578e-06
D2_50P_lam1,292.0,44.80020662105143,-0.0006045264688773881,-0.0006045264688773881,-0.000604526468862332,-3.6458111765114154e-06
D2_50P_lam1,293.0,44.95363198619202,-0.0006080809456791364,-0.0006080809456791364,-0.0006080809457102987,-3.5828006446081417e-06
D2_50P_lam1,294.0,45.10705735133261,-0.0006116920701101551,-0.0006116920701101551,-0.0006116920701515483,-3.7003052568707062e-06
D2_50P_lam1,295.0,45.26048271647319,-0.0006154815562554258,-0.0006154815562554258,-0.0006154815562240401,-3.717460401730932e-06
D2_50P_lam1,296.0,45.41390808161378,-0.0006191269909940343,-0.0006191269909940343,-0.0006191269909550101,-3.6064083133169333e-06
D2_50P_lam1,297.0,45.56733344675437,-0.0006226943728329672,-0.0006226943728329672,-0.000622694372850674,-3.6608851132768905e-06
D2_50P_lam1,298.0,45.72075881189495,-0.0006264487612306867,-0.0006264487612306867,-0.0006264487611815639,-3.7346106864788453e-06
D2_50P_lam1,299.0,45.874184177035545,-0.0006301635942485663,-0.0006301635942485663,-0.0006301635942236317,-3.6347115042190126e-06
D2_50P_lam1,300.0,46.02760954217613,-0.0006337181842221343,-0.0006337181842221343,-0.0006337181841900019,-3.6222877497493755e-06
D2_50P_lam1,301.0,46.181034907316715,-0.000637408169708498,-0.000637408169708498,-0.0006374081697231304,-3.731438283693933e-06
D2_50P_lam1,302.0,46.33446027245731,-0.0006411810607213009,-0.0006411810607213009,-0.0006411810607573898,-3.686485712250942e-06
D2_50P_lam1,303.0,46.48788563759789,-0.0006447811411135427,-0.0006447811411135427,-0.0006447811411476323,-3.6179872324737516e-06
D2_50P_lam1,304.0,46.641311002738476,-0.0006484170352079221,-0.0006484170352079221,-0.0006484170352223373,-3.724678492744715e-06
D2_50P_lam1,305.0,46.79473636787907,-0.0006522304981104321,-0.0006522304981104321,-0.0006522304981331217,-3.761849683314722e-06
D2_50P_lam1,306.0,46.94816173301965,-0.00065594073457191,-0.00065594073457191,-0.0006559407345889667,-3.676749003034274e-06
D2_50P_lam1,307.0,47.10158709816024,-0.0006595839961255472,-0.0006595839961255472,-0.0006595839961391903,-3.7435426634147007e-06
D2_50P_lam1,308.0,47.25501246330083,-0.0006634278199624412,-0.0006634278199624412,-0.0006634278199157961,-3.84202442660353e-06
D2_50P_lam1,309.0,47.408437828441414,-0.0006672680449990075,-0.0006672680449990075,-0.0006672680449923973,-3.758032534051381e-06
D2_50P_lam1,310.0,47.561863193582,-0.0006709438849658397,-0.0006709438849658397,-0.0006709438849838989,-3.7346937062920915e-06
D2_50P_lam1,311.0,47.715288558722584,-0.0006747374324411391,-0.0006747374324411391,-0.0006747374324049815,-3.832624713595578e-06
D2_50P_lam1,312.0,47.868713923863176,-0.0006786091343789091,-0.0006786091343789091,-0.00067860913441109,-3.76876613472632e-06
D2_50P_lam1,313.0,48.02213928900376,-0.0006822749646886297,-0.0006822749646886297,-0.0006822749646744342,-3.6605423758828692e-06
D2_50P_lam1,314.0,48.175564654144345,-0.0006859302191463998,-0.0006859302191463998,-0.0006859302191628558,-3.7277335707130987e-06
D2_50P_lam1,315.0,48.32899001928494,-0.000689730431769329,-0.000689730431769329,-0.0006897304318158604,-3.727163971234404e-06
D2_50P_lam1,316.0,48.48241538442552,-0.0006933845470890058,-0.0006933845470890058,-0.0006933845471053246,-3.592986217881844e-06
D2_50P_lam1,317.0,48.63584074956611,-0.0006969164042751754,-0.0006969164042751754,-0.000696916404251624,-3.6117768900112424e-06
D2_50P_lam1,318.0,48.7892661147067,-0.0007006081009001976,-0.0007006081009001976,-0.0007006081008853471,-3.6728673649122356e-06
D2_50P_lam1,319.0,48.942691479847284,-0.0007042621389817171,-0.0007042621389817171,-0.0007042621389814485,-3.549399593794078e-06
D2_50P_lam1,320.0,49.09611684498787,-0.0007077069000733562,-0.0007077069000733562,-0.0007077069000729352,-3.489360949515685e-06
D2_50P_lam1,321.0,49.24954221012846,-0.0007112408608651561,-0.0007112408608651561,-0.0007112408608804799,-3.5708736447759293e-06
D2_50P_lam1,322.0,49.402967575269045,-0.0007148486473672204,-0.0007148486473672204,-0.0007148486473624871,-3.496865019769757e-06
D2_50P_lam1,323.0,49.55639294040963,-0.0007182345909281456,-0.0007182345909281456,-0.0007182345909200194,-3.374177026671532e-06
D2_50P_lam1,324.0,49.70981830555022,-0.00072159700142916,-0.00072159700142916,-0.0007215970014158302,-3.437901227698603e-06
D2_50P_lam1,325.0,49.86324367069081,-0.0007251103933467911,-0.0007251103933467911,-0.0007251103933754166,-3.5133919595864427e-06
D3_100P_lam1,0.0,0.0,0.0,0.0,0.0,-4.0097758446933085e-10
D3_100P_lam1,1.0,0.1534253651405871,-4.009775653658566e-10,-4.009775653658566e-10,-4.0097758446933085e-10,-1.9381856231071026e-08
D3_100P_lam1,2.0,0.3068507302811742,-3.876371241674218e-08,-3.876371241674218e-08,-3.876371246214205e-08,-2.0862518884667836e-07
D3_100P_lam1,3.0,0.4602760954217613,-4.1765135516488616e-07,-4.1765135516488616e-07,-4.1765135527782604e-07,-7.986540681015342e-07
D3_100P_lam1,4.0,0.6137014605623484,-1.636071848768006e-06,-1.636071848768006e-06,-1.6360718486652104e-06,-1.4735252098496687e-06
D3_100P_lam1,5.0,0.7671268257029354,-3.364701775307686e-06,-3.364701775307686e-06,-3.3647017749771635e-06,-1.3588750276127826e-06
D3_100P_lam1,6.0,0.9205521908435226,-4.353821904060508e-06,-4.353821904060508e-06,-4.3538219038907755e-06,-4.426815363167691e-07
D3_100P_lam1,7.0,1.0739775559841096,-4.250064847291238e-06,-4.250064847291238e-06,-4.250064847610702e-06,1.36171331099888e-07
D3_100P_lam1,8.0,1.2274029211246968,-4.081479241337966e-06,-4.081479241337966e-06,-4.0814792416909995e-06,-5.8913446565611594e-08
D3_100P_lam1,9.0,1.3808282862652839,-4.367891740070379e-06,-4.367891740070379e-06,-4.367891740741925e-06,-2.696995231588062e-07
D3_100P_lam1,10.0,1.5342536514058709,-4.620878288788542e-06,-4.620878288788542e-06,-4.620878288008612e-06,-2.484467565011528e-07
D3_100P_lam1,11.0,1.6876790165464581,-4.864785254356229e-06,-4.864785254356229e-06,-4.8647852537442304e-06,-5.102412821145208e-07
D3_100P_lam1,12.0,1.8411043816870452,-5.641360851769401e-06,-5.641360851769401e-06,-5.6413608522376535e-06,-9.616829466096988e-07
D3_100P_lam1,13.0,1.9945297468276322,-6.78815114728545e-06,-6.78815114728545e-06,-6.788151146963628e-06,-1.0660381946081543e-06
D3_100P_lam1,14.0,2.147955111968219,-7.773437241648673e-06,-7.773437241648673e-06,-7.773437241453962e-06,-8.393620642976884e-07
D3_100P_lam1,15.0,2.3013804771088067,-8.466875276304614e-06,-8.466875276304614e-06,-8.466875275559005e-06,-5.561355349570363e-07
D3_100P_lam1,16.0,2.4548058422493937,-8.885708310898609e-06,-8.885708310898609e-06,-8.885708311368035e-06,-3.8021543602440033e-07
D3_100P_lam1,17.0,2.6082312073899807,-9.227306145229e-06,-9.227306145229e-06,-9.227306147607806e-06,-5.103665490224785e-07
D3_100P_lam1,18.0,2.7616565725305677,-9.906441411717397e-06,-9.906441411717397e-06,-9.906441409412992e-06,-7.877592818061885e-07
D3_100P_lam1,19.0,2.9150819376711548,-1.0802824710537406e-05,-1.0802824710537406e-05,-1.0802824711220183e-05,-8.025222388852171e-07
D3_100P_lam1,20.0,3.0685073028117418,-1.1511485888514316e-05,-1.1511485888514316e-05,-1.1511485887183426e-05,-7.606264329496071e-07
D3_100P_lam1,21.0,3.2219326679523292,-1.232407757651009e-05,-1.232407757651009e-05,-1.2324077577119397e-05,-1.008664492374578e-06
D3_100P_lam1,22.0,3.3753580330929163,-1.352881487112523e-05,-1.352881487112523e-05,-1.3528814871932582e-05,-1.1543835984895168e-06
D3_100P_lam1,23.0,3.5287833982335033,-1.4632844775173291e-05,-1.4632844775173291e-05,-1.463284477409843e-05,-9.639817175610688e-07
D3_100P_lam1,24.0,3.6822087633740903,-1.5456778306091487e-05,-1.5456778306091487e-05,-1.545677830705472e-05,-9.080142806539016e-07
D3_100P_lam1,25.0,3.8356341285146773,-1.6448873335103094e-05,-1.6448873335103094e-05,-1.6448873335406233e-05,-1.0568426453971824e-06
D3_100P_lam1,26.0,3.9890594936552644,-1.7570463594931293e-05,-1.7570463594931293e-05,-1.7570463597849084e-05,-1.061478053898668e-06
D3_100P_lam1,27.0,4.142484858795852,-1.8571829442521894e-05,-1.8571829442521894e-05,-1.857182944320357e-05,-1.0700844192967907e-06
D3_100P_lam1,28.0,4.295910223936438,-1.9710632438782706e-05,-1.9710632438782706e-05,-1.9710632436442665e-05,-1.215297356083056e-06
D3_100P_lam1,29.0,4.449335589077026,-2.1002424156770125e-05,-2.1002424156770125e-05,-2.100242415536968e-05,-1.2124332666729742e-06
D3_100P_lam1,30.0,4.602760954217613,-2.2135498969762803e-05,-2.2135498969762803e-05,-2.2135498969788614e-05,-1.1655603557869654e-06
D3_100P_lam1,31.0,4.7561863193582,-2.3333544867396985e-05,-2.3333544867396985e-05,-2.3333544866943612e-05,-1.3316495319770638e-06
D3_100P_lam1,32.0,4.909611684498787,-2.479879803265996e-05,-2.479879803265996e-05,-2.479879803374274e-05,-1.4003051784783338e-06
D3_100P_lam1,33.0,5.063037049639374,-2.6134155225200854e-05,-2.6134155225200854e-05,-2.613415522390028e-05,-1.2622946119478229e-06
D3_100P_lam1,34.0,5.216462414779961,-2.7323387258676802e-05,-2.7323387258676802e-05,-2.7323387257638387e-05,-1.3165363430545085e-06
D3_100P_lam1,35.0,5.369887779920548,-2.8767227909300367e-05,-2.8767227909300367e-05,-2.8767227910009296e-05,-1.46776532972126e-06
D3_100P_lam1,36.0,5.5233131450611355,-3.0258917919222895e-05,-3.0258917919222895e-05,-3.0258917917080908e-05,-1.3873313200463144e-06
D3_100P_lam1,37.0,5.676738510201723,-3.1541890548634004e-05,-3.1541890548634004e-05,-3.1541890550101925e-05,-1.3634161426523406e-06
D3_100P_lam1,38.0,5.8301638753423095,-3.298575020149826e-05,-3.298575020149826e-05,-3.298575020238559e-05,-1.5445625258792006e-06
D3_100P_lam1,39.0,5.983589240482897,-3.463101560342467e-05,-3.463101560342467e-05,-3.4631015601860327e-05,-1.5727970037460182e-06
D3_100P_lam1,40.0,6.1370146056234836,-3.6131344206008446e-05,-3.6131344206008446e-05,-3.6131344209877625e-05,-1.5399957540296327e-06
D3_100P_lam1,41.0,6.290439970764071,-3.7711007107150594e-05,-3.7711007107150594e-05,-3.771100710991959e-05,-1.7207641462846368e-06
D3_100P_lam1,42.0,6.4438653359046585,-3.957287250547201e-05,-3.957287250547201e-05,-3.95728725024469e-05,-1.811407482676941e-06
D3_100P_lam1,43.0,6.597290701045245,-4.1333822071219934e-05,-4.1333822071219934e-05,-4.1333822075273474e-05,-1.7144193904528038e-06
D3_100P_lam1,44.0,6.7507160661858325,-4.300171128841906e-05,-4.300171128841906e-05,-4.3001711283352506e-05,-1.7974339847626197e-06
D3_100P_lam1,45.0,6.904141431326419,-4.4928690046383865e-05,-4.4928690046383865e-05,-4.4928690044798714e-05,-1.9370066794976992e-06
D3_100P_lam1,46.0,7.057566796467007,-4.687572464086562e-05,-4.687572464086562e-05,-4.6875724642347905e-05,-1.8561577803666296e-06
D3_100P_lam1,47.0,7.210992161607593,-4.864100561022635e-05,-4.864100561022635e-05,-4.864100560553197e-05,-1.854866386707954e-06
D3_100P_lam1,48.0,7.364417526748181,-5.058545741284021e-05,-5.058545741284021e-05,-5.058545741576381e-05,-2.0251875874066627e-06
D3_100P_lam1,49.0,7.517842891888768,-5.269138078587022e-05,-5.269138078587022e-05,-5.26913807803453e-05,-2.027538151594399e-06
D3_100P_lam1,50.0,7.671268257029355,-5.4640533721937826e-05,-5.4640533721937826e-05,-5.464053371895261e-05,-1.9928686505465976e-06
D3_100P_lam1,51.0,7.824693622169942,-5.667711808277562e-05,-5.667711808277562e-05,-5.6677118081438493e-05,-2.1618952210644693e-06
D3_100P_lam1,52.0,7.978118987310529,-5.89643241630858e-05,-5.89643241630858e-05,-5.896432416108155e-05,-2.2322946975350533e-06
D3_100P_lam1,53.0,8.131544352451117,-6.114170748008899e-05,-6.114170748008899e-05,-6.11417074765086e-05,-2.1479199574514496e-06
D3_100P_lam1,54.0,8.284969717591704,-6.326016407417544e-05,-6.326016407417544e-05,-6.326016407598445e-05,-2.2475990633097354e-06
D3_100P_lam1,55.0,8.43839508273229,-6.563690559887794e-05,-6.563690559887794e-05,-6.563690560312807e-05,-2.379677223274257e-06
D3_100P_lam1,56.0,8.591820447872877,-6.801951852680747e-05,-6.801951852680747e-05,-6.801951852253296e-05,-2.3073491988157002e-06
D3_100P_lam1,57.0,8.745245813013465,-7.025160400581413e-05,-7.025160400581413e-05,-7.025160400075947e-05,-2.332443102659454e-06
D3_100P_lam1,58.0,8.898671178154052,-7.268440472460664e-05,-7.268440472460664e-05,-7.268440472785187e-05,-2.5104902050543387e-06
D3_100P_lam1,59.0,9.052096543294638,-7.52725844138358e-05,-7.52725844138358e-05,-7.527258441086815e-05,-2.519548729651433e-06
D3_100P_lam1,60.0,9.205521908435227,-7.772350218524855e-05,-7.772350218524855e-05,-7.772350218715474e-05,-2.4990252782686184e-06
D3_100P_lam1,61.0,9.358947273575813,-8.027063496993406e-05,-8.027063496993406e-05,-8.027063496740539e-05,-2.6595027655673675e-06
D3_100P_lam1,62.0,9.5123726387164,-8.3042507719069e-05,-8.3042507719069e-05,-8.304250771828947e-05,-2.7169552261341323e-06
D3_100P_lam1,63.0,9.665798003856986,-8.570454542132599e-05,-8.570454542132599e-05,-8.570454541967365e-05,-2.6351063588947454e-06
D3_100P_lam1,64.0,9.819223368997575,-8.831272044005614e-05,-8.831272044005614e-05,-8.831272043607896e-05,-2.7223802447906564e-06
D3_100P_lam1,65.0,9.972648734138161,-9.114930590356256e-05,-9.114930590356256e-05,-9.114930590925496e-05,-2.837997843840867e-06
D3_100P_lam1,66.0,10.126074099278748,-9.398871612433566e-05,-9.398871612433566e-05,-9.39887161237607e-05,-2.7794399137803794e-06
D3_100P_lam1,67.0,10.279499464419336,-9.670818574526686e-05,-9.670818574526686e-05,-9.670818573681572e-05,-2.8207275342140292e-06
D3_100P_lam1,68.0,10.432924829559923,-9.963017119288336e-05,-9.963017119288336e-05,-9.963017119218875e-05,-2.9990228256338014e-06
D3_100P_lam1,69.0,10.58635019470051,-0.00010270623141047671,-0.00010270623141047671,-0.00010270623138808332,-3.0165137943072295e-06
D3_100P_lam1,70.0,10.739775559841096,-0.00010566319879804444,-0.00010566319879804444,-0.00010566319878080321,-2.9977990152474376e-06
D3_100P_lam1,71.0,10.893200924981684,-0.00010870182942705329,-0.00010870182942705329,-0.0001087018294185782,-3.1389708254891957e-06
D3_100P_lam1,72.0,11.046626290122271,-0.00011194114044228102,-0.00011194114044228102,-0.0001119411404317816,-3.1920619676384376e-06
D3_100P_lam1,73.0,11.200051655262858,-0.00011508595336544747,-0.00011508595336544747,-0.00011508595335385507,-3.1198225656225986e-06
D3_100P_lam1,74.0,11.353477020403446,-0.00011818078557886942,-0.00011818078557886942,-0.0001181807855630268,-3.2022534952602655e-06
D3_100P_lam1,75.0,11.506902385544032,-0.00012149046034451571,-0.00012149046034451571,-0.0001214904603443756,-3.3208333860557104e-06
D3_100P_lam1,76.0,11.660327750684619,-0.00012482245232738748,-0.00012482245232738748,-0.00012482245233513822,-3.2741586935003397e-06
D3_100P_lam1,77.0,11.813753115825207,-0.00012803877772621174,-0.00012803877772621174,-0.00012803877773137629,-3.2992913432394744e-06
D3_100P_lam1,78.0,11.967178480965794,-0.00013142103502415637,-0.00013142103502415637,-0.00013142103502161717,-3.4491496592181647e-06
D3_100P_lam1,79.0,12.12060384610638,-0.00013493707705243058,-0.00013493707705243058,-0.00013493707704981261,-3.4426790236352645e-06
D3_100P_lam1,80.0,12.274029211246967,-0.00013830639306219286,-0.00013830639306219286,-0.0001383063930688877,-3.3836782975527058e-06
D3_100P_lam1,81.0,12.427454576387555,-0.0001417044336408558,-0.0001417044336408558,-0.00014170443364491803,-3.491940248068204e-06
D3_100P_lam1,82.0,12.580879941528142,-0.00014529027355849328,-0.00014529027355849328,-0.0001452902735650241,-3.541033450460418e-06
D3_100P_lam1,83.0,12.734305306668729,-0.00014878650055452609,-0.00014878650055452609,-0.00014878650054583886,-3.458365974040589e-06
D3_100P_lam1,84.0,12.887730671809317,-0.00015220700551279927,-0.00015220700551279927,-0.0001522070055131053,-3.5235835440516894e-06
D3_100P_lam1,85.0,13.041156036949904,-0.00015583366763121707,-0.00015583366763121707,-0.00015583366763394224,-3.63906200107067e-06
D3_100P_lam1,86.0,13.19458140209049,-0.0001594851295178841,-0.0001594851295178841,-0.00015948512951524663,-3.576723742071408e-06
D3_100P_lam1,87.0,13.348006767231077,-0.0001629871151201929,-0.0001629871151201929,-0.00016298711511808506,-3.5722044202657344e-06
D3_100P_lam1,88.0,13.501432132371665,-0.00016662953836444792,-0.00016662953836444792,-0.0001666295383557781,-3.7087740878405384e-06
D3_100P_lam1,89.0,13.654857497512252,-0.0001704046632832243,-0.0001704046632832243,-0.00017040466329376613,-3.6906958911231413e-06
D3_100P_lam1,90.0,13.808282862652838,-0.00017401093014358663,-0.00017401093014358663,-0.00017401093013802438,-3.614793442352493e-06
D3_100P_lam1,91.0,13.961708227793427,-0.00017763425017762745,-0.00017763425017762745,-0.00017763425017847112,-3.7282155602724742e-06
D3_100P_lam1,92.0,14.115133592934013,-0.00018146736126182052,-0.00018146736126182052,-0.00018146736125856933,-3.7852973662211298e-06
D3_100P_lam1,93.0,14.2685589580746,-0.00018520484490970113,-0.00018520484490970113,-0.00018520484491091338,-3.6861044989677794e-06
D3_100P_lam1,94.0,14.421984323215186,-0.00018883957026652495,-0.00018883957026652495,-0.00018883957025650489,-3.7387435725122486e-06
D3_100P_lam1,95.0,14.575409688355775,-0.00019268233205791663,-0.00019268233205791663,-0.00019268233205593788,-3.847039948823294e-06
D3_100P_lam1,96.0,14.728835053496361,-0.00019653365016147903,-0.00019653365016147903,-0.00019653365015415147,-3.752260063549784e-06
D3_100P_lam1,97.0,14.882260418636948,-0.0002001868521775265,-0.0002001868521775265,-0.00020018685218303744,-3.715647643787179e-06
D3_100P_lam1,98.0,15.035685783777536,-0.00020396494544128703,-0.00020396494544128703,-0.00020396494544172583,-3.836058823480926e-06
D3_100P_lam1,99.0,15.189111148918123,-0.00020785896983927904,-0.00020785896983927904,-0.0002078589698299993,-3.781756888088239e-06
D3_100P_lam1,100.0,15.34253651405871,-0.00021152845920698873,-0.00021152845920698873,-0.0002115284592179023,-3.6670823604367797e-06
D3_100P_lam1,101.0,15.495961879199298,-0.00021519313455857936,-0.00021519313455857936,-0.00021519313455087286,-3.7627523141736674e-06
D3_100P_lam1,102.0,15.649387244339884,-0.00021905396384436823,-0.00021905396384436823,-0.00021905396384624964,-3.778979596802401e-06
D3_100P_lam1,103.0,15.80281260948047,-0.00022275109374170215,-0.00022275109374170215,-0.00022275109374447766,-3.627312672449534e-06
D3_100P_lam1,104.0,15.956237974621057,-0.00022630858919458103,-0.00022630858919458103,-0.0002263085891911487,-3.6619555743300225e-06
D3_100P_lam1,105.0,16.109663339761646,-0.00023007500488588626,-0.00023007500488588626,-0.0002300750048931377,-3.7480316024129934e-06
D3_100P_lam1,106.0,16.263088704902234,-0.00023380465239630118,-0.00023380465239630118,-0.0002338046523959747,-3.6174979953784714e-06
D3_100P_lam1,107.0,16.41651407004282,-0.00023731000088474274,-0.00023731000088474274,-0.00023731000088389465,-3.5784165675067925e-06
D3_100P_lam1,108.0,16.569939435183407,-0.00024096148552373584,-0.00024096148552373584,-0.00024096148553098828,-3.701126786381792e-06
D3_100P_lam1,109.0,16.723364800323992,-0.0002447122544494528,-0.0002447122544494528,-0.00024471225445665823,-3.63301835193397e-06
D3_100P_lam1,110.0,16.87679016546458,-0.0002482275222399734,-0.0002482275222399734,-0.0002482275222348562,-3.5319101456821045e-06
D3_100P_lam1,111.0,17.03021553060517,-0.00025177607473996134,-0.00025177607473996134,-0.00025177607474802244,-3.6503514238006574e-06
D3_100P_lam1,112.0,17.183640895745754,-0.00025552822507490135,-0.00025552822507490135,-0.00025552822508245754,-3.6661462203824158e-06
D3_100P_lam1,113.0,17.337066260886342,-0.0002591083671991029,-0.0002591083671991029,-0.00025910836718878727,-3.527303604755616e-06
D3_100P_lam1,114.0,17.49049162602693,-0.00026258283229434713,-0.00026258283229434713,-0.00026258283229196877,-3.5868402932237586e-06
D3_100P_lam1,115.0,17.643916991167515,-0.00026628204777027364,-0.00026628204777027364,-0.0002662820477752348,-3.668273855339521e-06
D3_100P_lam1,116.0,17.797342356308103,-0.0002699193800014983,-0.0002699193800014983,-0.0002699193800026478,-3.524912145280723e-06
D3_100P_lam1,117.0,17.950767721448692,-0.0002733318720647331,-0.0002733318720647331,-0.00027333187206579623,-3.487966090176542e-06
D3_100P_lam1,118.0,18.104193086589277,-0.00027689531218974984,-0.00027689531218974984,-0.0002768953121830009,-3.592287065146138e-06
D3_100P_lam1,119.0,18.257618451729865,-0.0002805164461921685,-0.0002805164461921685,-0.0002805164461960885,-3.486846615885497e-06
D3_100P_lam1,120.0,18.411043816870453,-0.0002838690054125836,-0.0002838690054125836,-0.0002838690054147719,-3.3668205503545323e-06
D3_100P_lam1,121.0,18.564469182011038,-0.00028725008729145175,-0.00028725008729145175,-0.0002872500872967976,-3.461507368740513e-06
D3_100P_lam1,122.0,18.717894547151626,-0.00029079202015458184,-0.00029079202015458184,-0.0002907920201522529,-3.433716130984976e-06
D3_100P_lam1,123.0,18.87131991229221,-0.0002941175195692283,-0.0002941175195692283,-0.0002941175195587675,-3.273535767789326e-06
D3_100P_lam1,124.0,19.0247452774328,-0.0002973390916966199,-0.0002973390916966199,-0.00029733909168783157,-3.319043990757109e-06
D3_100P_lam1,125.0,19.178170642573388,-0.0003007556075366281,-0.0003007556075366281,-0.00030075560754028174,-3.358778634776627e-06
D3_100P_lam1,126.0,19.331596007713973,-0.00030405664896644935,-0.00030405664896644935,-0.0003040566489573848,-3.188401059617263e-06
D3_100P_lam1,127.0,19.48502137285456,-0.0003071324096555143,-0.0003071324096555143,-0.00030713240965951627,-3.144370467111912e-06
D3_100P_lam1,128.0,19.63844673799515,-0.00031034538989466734,-0.00031034538989466734,-0.00031034538989160865,-3.217138953459653e-06
D3_100P_lam1,129.0,19.791872103135734,-0.00031356668757061566,-0.00031356668757061566,-0.0003135666875664356,-3.089149267054836e-06
D3_100P_lam1,130.0,19.945297468276323,-0.00031652368843522883,-0.00031652368843522883,-0.0003165236884257183,-2.976090051731717e-06
D3_100P_lam1,131.0,20.09872283341691,-0.00031951886766657864,-0.00031951886766657864,-0.000319518867669899,-3.058847525494457e-06
D3_100P_lam1,132.0,20.252148198557496,-0.0003226413834710485,-0.0003226413834710485,-0.00032264138347670723,-3.018678292221466e-06
D3_100P_lam1,133.0,20.405573563698084,-0.0003255562242697016,-0.0003255562242697016,-0.00032555622425434194,-2.8760331716171095e-06
D3_100P_lam1,134.0,20.558998928838673,-0.000328393449810439,-0.000328393449810439,-0.00032839344981994145,-2.9279053137543087e-06
D3_100P_lam1,135.0,20.712424293979257,-0.0003314120348698692,-0.0003314120348698692,-0.00033141203488185056,-2.971501046999947e-06
D3_100P_lam1,136.0,20.865849659119846,-0.0003343364519271436,-0.0003343364519271436,-0.00033433645191394135,-2.8372728593240026e-06
D3_100P_lam1,137.0,21.019275024260434,-0.0003370865806232246,-0.0003370865806232246,-0.00033708658060049856,-2.8277307109192407e-06
D3_100P_lam1,138.0,21.17270038940102,-0.00033999191333566013,-0.00033999191333566013,-0.00033999191333577983,-2.923538474419729e-06
D3_100P_lam1,139.0,21.326125754541607,-0.00034293365754135553,-0.00034293365754135553,-0.000342933657549338,-2.8301269310304633e-06
D3_100P_lam1,140.0,21.479551119682192,-0.00034565216721472335,-0.00034565216721472335,-0.00034565216719784075,-2.7398296396086153e-06
D3_100P_lam1,141.0,21.63297648482278,-0.00034841331683603717,-0.00034841331683603717,-0.00034841331682855525,-2.816958371454348e-06
D3_100P_lam1,142.0,21.78640184996337,-0.0003512860839312394,-0.0003512860839312394,-0.00035128608394074945,-2.760479148378181e-06
D3_100P_lam1,143.0,21.939827215103954,-0.0003539342751426721,-0.0003539342751426721,-0.0003539342751253116,-2.5923052930920676e-06
D3_100P_lam1,144.0,22.093252580244542,-0.00035647069453190346,-0.00035647069453190346,-0.0003564706945269336,-2.5974296136155317e-06
D3_100P_lam1,145.0,22.24667794538513,-0.00035912913435090505,-0.00035912913435090505,-0.0003591291343525427,-2.5832154619820358e-06
D3_100P_lam1,146.0,22.400103310525715,-0.00036163712544586224,-0.00036163712544586224,-0.00036163712545089766,-2.399438173483759e-06
D3_100P_lam1,147.0,22.553528675666303,-0.00036392801072314857,-0.00036392801072314857,-0.0003639280106995102,-2.336941960834338e-06
D3_100P_lam1,148.0,22.70695404080689,-0.00036631100938227737,-0.00036631100938227737,-0.00036631100937256633,-2.37494468535715e-06
D3_100P_lam1,149.0,22.860379405947477,-0.0003686779000700672,-0.0003686779000700672,-0.0003686779000702245,-2.248322971354355e-06
D3_100P_lam1,150.0,23.013804771088065,-0.00037080765531027763,-0.00037080765531027763,-0.00037080765531527504,-2.1366740838857368e-06
D3_100P_lam1,151.0,23.167230136228653,-0.0003729512482422705,-0.0003729512482422705,-0.00037295124823799597,-2.1897039204077373e-06
D3_100P_lam1,152.0,23.320655501369238,-0.00037518706318115104,-0.00037518706318115104,-0.0003751870631560905,-2.136408369324272e-06
D3_100P_lam1,153.0,23.474080866509826,-0.0003772240649700452,-0.0003772240649700452,-0.0003772240649766445,-1.9855797290802e-06
D3_100P_lam1,154.0,23.627506231650415,-0.0003791582226190011,-0.0003791582226190011,-0.0003791582226142509,-1.9983108927590365e-06
D3_100P_lam1,155.0,23.780931596791,-0.00038122068676203844,-0.00038122068676203844,-0.0003812206867621626,-2.0078614255680804e-06
D3_100P_lam1,156.0,23.934356961931588,-0.0003831739454757263,-0.0003831739454757263,-0.0003831739454653871,-1.8512881894139355e-06
D3_100P_lam1,157.0,24.087782327072173,-0.00038492326316097756,-0.00038492326316097756,-0.00038492326314099046,-1.7891841537220898e-06
D3_100P_lam1,158.0,24.24120769221276,-0.00038675231376044143,-0.00038675231376044143,-0.00038675231377283126,-1.8267061250298866e-06
D3_100P_lam1,159.0,24.39463305735335,-0.0003885766753776331,-0.0003885766753776331,-0.00038857667539105023,-1.7022184977122379e-06
D3_100P_lam1,160.0,24.548058422493934,-0.00039015675074783083,-0.00039015675074783083,-0.00039015675076825573,-1.5733329377098926e-06
D3_100P_lam1,161.0,24.701483787634523,-0.00039172334125331404,-0.00039172334125331404,-0.00039172334126647,-1.6190664098303387e-06
D3_100P_lam1,162.0,24.85490915277511,-0.00039339488356881125,-0.00039339488356881125,-0.0003933948835879164,-1.580407953838403e-06
D3_100P_lam1,163.0,25.008334517915696,-0.0003948841571637225,-0.0003948841571637225,-0.0003948841571741468,-1.435250140957578e-06
D3_100P_lam1,164.0,25.161759883056284,-0.00039626538388274653,-0.00039626538388274653,-0.00039626538386983157,-1.461857408457945e-06
D3_100P_lam1,165.0,25.315185248196872,-0.0003978078719983036,-0.0003978078719983036,-0.0003978078719910627,-1.5075854378210352e-06
D3_100P_lam1,166.0,25.468610613337457,-0.0003992805547381158,-0.0003992805547381158,-0.00039928055474547364,-1.3733208277244557e-06
D3_100P_lam1,167.0,25.622035978478046,-0.0004005545136469802,-0.0004005545136469802,-0.0004005545136465116,-1.3301318517733307e-06
D3_100P_lam1,168.0,25.775461343618634,-0.0004019408184463683,-0.0004019408184463683,-0.0004019408184490203,-1.4026164052438617e-06
D3_100P_lam1,169.0,25.92888670875922,-0.00040335974644571876,-0.00040335974644571876,-0.00040335974645699935,-1.2928382773225167e-06
D3_100P_lam1,170.0,26.082312073899807,-0.0004045264950095334,-0.0004045264950095334,-0.00040452649500366533,-1.163208509069591e-06
D3_100P_lam1,171.0,26.235737439040395,-0.0004056861634807323,-0.0004056861634807323,-0.00040568616347513853,-1.2214070324034765e-06
D3_100P_lam1,172.0,26.38916280418098,-0.0004069693090767843,-0.0004069693090767843,-0.0004069693090684723,-1.181183719722867e-06
D3_100P_lam1,173.0,26.54258816932157,-0.00040804853093061246,-0.00040804853093061246,-0.00040804853091458426,-1.0166850188397802e-06
D3_100P_lam1,174.0,26.696013534462153,-0.0004090026791158336,-0.0004090026791158336,-0.00040900267910615185,-1.0368877951805189e-06
D3_100P_lam1,175.0,26.84943889960274,-0.0004101223065038758,-0.0004101223065038758,-0.0004101223065049453,-1.0712896454379006e-06
D3_100P_lam1,176.0,27.00286426474333,-0.00041114525837973977,-0.00041114525837973977,-0.00041114525839702765,-9.08165532109706e-07
D3_100P_lam1,177.0,27.156289629883915,-0.00041193863757487043,-0.00041193863757487043,-0.0004119386375691647,-8.560495246001665e-07
D3_100P_lam1,178.0,27.309714995024503,-0.00041285735745886056,-0.00041285735745886056,-0.000412857357446228,-9.414005859298413e-07
D3_100P_lam1,179.0,27.46314036016509,-0.0004138214387415008,-0.0004138214387415008,-0.0004138214387410244,-8.394318200544149e-07
D3_100P_lam1,180.0,27.616565725305676,-0.00041453622107353444,-0.00041453622107353444,-0.0004145362210863368,-7.361446279219308e-07
D3_100P_lam1,181.0,27.769991090446265,-0.0004152937279931379,-0.0004152937279931379,-0.00041529372799686826,-8.445150427860426e-07
D3_100P_lam1,182.0,27.923416455586853,-0.00041622525117325965,-0.00041622525117325965,-0.0004162252511719089,-8.319097588582736e-07
D3_100P_lam1,183.0,28.076841820727438,-0.00041695754749579054,-0.00041695754749579054,-0.0004169575475145848,-6.861100558808175e-07
D3_100P_lam1,184.0,28.230267185868026,-0.00041759747127185175,-0.00041759747127185175,-0.00041759747128367053,-7.441580436307049e-07
D3_100P_lam1,185.0,28.383692551008615,-0.00041844586359420676,-0.00041844586359420676,-0.0004184458636018462,-7.961838122128029e-07
D3_100P_lam1,186.0,28.5371179161492,-0.0004191898389043933,-0.0004191898389043933,-0.00041918983890809614,-6.379041934678753e-07
D3_100P_lam1,187.0,28.690543281289788,-0.00041972167198958,-0.00041972167198958,-0.00041972167198878196,-6.190155943386344e-07
D3_100P_lam1,188.0,28.843968646430373,-0.0004204278701067588,-0.0004204278701067588,-0.0004204278700967734,-7.276040037140774e-07
D3_100P_lam1,189.0,28.99739401157096,-0.0004211768800071967,-0.0004211768800071967,-0.0004211768799962101,-6.240063044060662e-07
D3_100P_lam1,190.0,29.15081937671155,-0.0004216758827050164,-0.0004216758827050164,-0.00042167588270558554,-5.403105802770369e-07
D3_100P_lam1,191.0,29.304244741852134,-0.00042225750114901323,-0.00042225750114901323,-0.0004222575011567642,-6.671037482419706e-07
D3_100P_lam1,192.0,29.457670106992722,-0.0004230100902175034,-0.0004230100902175034,-0.0004230100902020695,-6.454950352008382e-07
D3_100P_lam1,193.0,29.61109547213331,-0.000423548491215384,-0.000423548491215384,-0.00042354849122716587,-5.145247143900633e-07
D3_100P_lam1,194.0,29.764520837273896,-0.0004240391396474463,-0.0004240391396474463,-0.0004240391396308496,-6.082766219606128e-07
D3_100P_lam1,195.0,29.917946202414484,-0.0004247650444823665,-0.0004247650444823665,-0.0004247650444710871,-6.733862250030143e-07
D3_100P_lam1,196.0,30.071371567555072,-0.0004253859120814869,-0.0004253859120814869,-0.00042538591208085563,-5.412498182977288e-07
D3_100P_lam1,197.0,30.224796932695657,-0.0004258475441290381,-0.0004258475441290381,-0.00042584754410768255,-5.684934336613878e-07
D3_100P_lam1,198.0,30.378222297836246,-0.0004265228989603935,-0.0004265228989603935,-0.0004265228989481784,-6.872426752124738e-07
D3_100P_lam1,199.0,30.531647662976834,-0.0004272220294682046,-0.0004272220294682046,-0.0004272220294581075,-5.803505445101109e-07
D3_100P_lam1,200.0,30.68507302811742,-0.00042768360002613624,-0.00042768360002613624,-0.00042768360003719863,-5.100388449363891e-07
D3_100P_lam1,201.0,30.838498393258007,-0.0004282421071682738,-0.0004282421071682738,-0.0004282421071479803,-6.244324026738468e-07
D3_100P_lam1,202.0,30.991923758398595,-0.00042893246485470576,-0.00042893246485470576,-0.0004289324648425463,-5.791689829948155e-07
D3_100P_lam1,203.0,31.14534912353918,-0.0004294004451255332,-0.0004294004451255332,-0.0004294004451139699,-4.560931898822673e-07
D3_100P_lam1,204.0,31.29877448867977,-0.00042984465121772425,-0.00042984465121772425,-0.00042984465122231086,-5.537859522064537e-07
D3_100P_lam1,205.0,31.452199853820353,-0.00043050801702149507,-0.00043050801702149507,-0.0004305080170183828,-6.065913851216465e-07
D3_100P_lam1,206.0,31.60562521896094,-0.00043105783398618945,-0.00043105783398618945,-0.00043105783399255415,-4.843199548076882e-07
D3_100P_lam1,207.0,31.75905058410153,-0.00043147665694317485,-0.00043147665694317485,-0.0004314766569279982,-5.264361107037985e-07
D3_100P_lam1,208.0,31.912475949242115,-0.0004321107062159538,-0.0004321107062159538,-0.00043211070621396175,-6.442192557187809e-07
D3_100P_lam1,209.0,32.06590131438271,-0.000432765095439166,-0.000432765095439166,-0.00043276509543943575,-5.607103616966924e-07
D3_100P_lam1,210.0,32.21932667952329,-0.000433232126933862,-0.000433232126933862,-0.00043323212693735513,-5.392005419935231e-07
D3_100P_lam1,211.0,32.372752044663876,-0.00043384349651249144,-0.00043384349651249144,-0.0004338434965234228,-6.859889936094987e-07
D3_100P_lam1,212.0,32.52617740980447,-0.00043460410493059584,-0.00043460410493059584,-0.00043460410492457413,-6.731029458251214e-07
D3_100P_lam1,213.0,32.67960277494505,-0.00043518970243426505,-0.00043518970243426505,-0.00043518970241507304,-5.925273285356525e-07
D3_100P_lam1,214.0,32.83302814008564,-0.00043578915957705747,-0.00043578915957705747,-0.00043578915958164544,-7.016795962044853e-07
D3_100P_lam1,215.0,32.98645350522622,-0.000436593061611058,-0.000436593061611058,-0.000436593061607482,-7.522059632947276e-07
D3_100P_lam1,216.0,33.139878870366815,-0.00043729357151245,-0.00043729357151245,-0.0004372935715082349,-6.474810447798518e-07
D3_100P_lam1,217.0,33.2933042355074,-0.00043788802369685323,-0.00043788802369685323,-0.0004378880236970417,-6.92975348215441e-07
D3_100P_lam1,218.0,33.446729600647984,-0.0004386795222146658,-0.0004386795222146658,-0.00043867952220466577,-7.999844342521101e-07
D3_100P_lam1,219.0,33.600154965788576,-0.0004394879925613333,-0.0004394879925613333,-0.00043948799256554594,-7.212341728290994e-07
D3_100P_lam1,220.0,33.75358033092916,-0.00044012199055665306,-0.00044012199055665306,-0.00044012199055032397,-6.924261555241173e-07
D3_100P_lam1,221.0,33.907005696069746,-0.0004408728448706427,-0.0004408728448706427,-0.00044087284487659417,-8.160025828374273e-07
D3_100P_lam1,222.0,34.06043106121034,-0.0004417539957179026,-0.0004417539957179026,-0.0004417539957159988,-8.001972986448891e-07
D3_100P_lam1,223.0,34.21385642635092,-0.00044247323948792215,-0.00044247323948792215,-0.00044247323947388395,-7.252931908396931e-07
D3_100P_lam1,224.0,34.36728179149151,-0.00044320458208809484,-0.00044320458208809484,-0.0004432045820976782,-8.353500504654221e-07
D3_100P_lam1,225.0,34.5207071566321,-0.00044414393959250946,-0.00044414393959250946,-0.0004441439395748148,-9.037472494810572e-07
D3_100P_lam1,226.0,34.674132521772684,-0.00044501207660217724,-0.00044501207660217724,-0.0004450120765966403,-8.275663248014098e-07
D3_100P_lam1,227.0,34.82755788691327,-0.00044579907220921314,-0.00044579907220921314,-0.0004457990722244176,-8.942154607893826e-07
D3_100P_lam1,228.0,34.98098325205386,-0.000446800507498097,-0.000446800507498097,-0.0004468005075182191,-1.029437868282912e-06
D3_100P_lam1,229.0,35.134408617194445,-0.0004478579479696488,-0.0004478579479696488,-0.00044785794796098344,-9.918511949535969e-07
D3_100P_lam1,230.0,35.28783398233503,-0.0004487842099075106,-0.0004487842099075106,-0.0004487842099081263,-9.984834150600364e-07
D3_100P_lam1,231.0,35.44125934747562,-0.0004498549147981093,-0.0004498549147981093,-0.0004498549147911035,-1.1549400653620978e-06
D3_100P_lam1,232.0,35.59468471261621,-0.00045109409002548764,-0.00045109409002548764,-0.0004510940900388505,-1.1815063771791756e-06
D3_100P_lam1,233.0,35.74811007775679,-0.0004522179275434534,-0.0004522179275434534,-0.00045221792754546186,-1.1400376251913258e-06
D3_100P_lam1,234.0,35.901535442897384,-0.00045337416528049164,-0.00045337416528049164,-0.00045337416528923313,-1.2694761863940585e-06
D3_100P_lam1,235.0,36.05496080803797,-0.00045475687991688584,-0.00045475687991688584,-0.00045475687991825,-1.3625747641299313e-06
D3_100P_lam1,236.0,36.20838617317855,-0.0004560993148073192,-0.0004560993148073192,-0.000456099314817493,-1.3026958072259731e-06
D3_100P_lam1,237.0,36.361811538319145,-0.00045736227151977547,-0.00045736227151977547,-0.0004573622715327019,-1.3686907180954222e-06
D3_100P_lam1,238.0,36.51523690345973,-0.00045883669623086014,-0.00045883669623086014,-0.00045883669625368384,-1.5131443404925449e-06
D3_100P_lam1,239.0,36.668662268600315,-0.00046038856021423963,-0.00046038856021423963,-0.000460388560213687,-1.4842655673419358e-06
D3_100P_lam1,240.0,36.82208763374091,-0.00046180522737594373,-0.00046180522737594373,-0.0004618052273883677,-1.4816450857324526e-06
D3_100P_lam1,241.0,36.97551299888149,-0.00046335185039930065,-0.00046335185039930065,-0.0004633518503851519,-1.6368981761161194e-06
D3_100P_lam1,242.0,37.128938364022076,-0.00046507902375172267,-0.00046507902375172267,-0.00046507902374059995,-1.6627816847858412e-06
D3_100P_lam1,243.0,37.28236372916267,-0.00046667741376423607,-0.00046667741376423607,-0.0004666774137547236,-1.6007126504291591e-06
D3_100P_lam1,244.0,37.43578909430325,-0.00046828044904421263,-0.00046828044904421263,-0.00046828044904145827,-1.7207952396347537e-06
D3_100P_lam1,245.0,37.58921445944384,-0.00047011900423799756,-0.00047011900423799756,-0.0004701190042339931,-1.8168499309467734e-06
D3_100P_lam1,246.0,37.74263982458442,-0.00047191414892446893,-0.00047191414892446893,-0.0004719141489033518,-1.7464381301124376e-06
D3_100P_lam1,247.0,37.896065189725014,-0.00047361188048941546,-0.00047361188048941546,-0.000473611880494218,-1.8129934176158713e-06
D3_100P_lam1,248.0,38.0494905548656,-0.0004755401357404363,-0.0004755401357404363,-0.00047554013573858356,-1.972674567696231e-06
D3_100P_lam1,249.0,38.202915920006184,-0.00047755722964617304,-0.00047755722964617304,-0.00047755722962961045,-1.9434116040883964e-06
D3_100P_lam1,250.0,38.356341285146776,-0.0004794269589279989,-0.0004794269589279989,-0.00047942695894676035,-1.9450225181572023e-06
D3_100P_lam1,251.0,38.50976665028736,-0.0004814472746527386,-0.0004814472746527386,-0.00048144727466592485,-2.124995788221895e-06
D3_100P_lam1,252.0,38.663192015427946,-0.0004836769505281757,-0.0004836769505281757,-0.00048367695052320414,-2.168883995068427e-06
D3_100P_lam1,253.0,38.81661738056854,-0.0004857850426584551,-0.0004857850426584551,-0.0004857850426560617,-2.125812770259472e-06
D3_100P_lam1,254.0,38.97004274570912,-0.0004879285760600477,-0.0004879285760600477,-0.0004879285760637231,-2.2846720497682327e-06
D3_100P_lam1,255.0,39.12346811084971,-0.0004903543867544169,-0.0004903543867544169,-0.0004903543867555982,-2.4113719945262346e-06
D3_100P_lam1,256.0,39.2768934759903,-0.0004927513200522246,-0.0004927513200522246,-0.0004927513200527756,-2.3525141585878373e-06
D3_100P_lam1,257.0,39.430318841130884,-0.0004950594150757369,-0.0004950594150757369,-0.0004950594150727738,-2.4369295630322085e-06
D3_100P_lam1,258.0,39.58374420627147,-0.0004976251792041021,-0.0004976251792041021,-0.00049762517917884,-2.608369484846662e-06
D3_100P_lam1,259.0,39.73716957141206,-0.0005002761540498893,-0.0005002761540498893,-0.0005002761540424672,-2.5636774978465837e-06
D3_100P_lam1,260.0,39.890594936552645,-0.000502752534174247,-0.000502752534174247,-0.0005027525341745331,-2.5547235651401934e-06
D3_100P_lam1,261.0,40.04402030169323,-0.0005053856011730696,-0.0005053856011730696,-0.0005053856011727476,-2.7319958491034413e-06
D3_100P_lam1,262.0,40.19744566683382,-0.0005082165258614974,-0.0005082165258614974,-0.00050821652587274,-2.7419976902365306e-06
D3_100P_lam1,263.0,40.35087103197441,-0.0005108695965524296,-0.0005108695965524296,-0.0005108695965532206,-2.6606473255696983e-06
D3_100P_lam1,264.0,40.50429639711499,-0.0005135378205276588,-0.0005135378205276588,-0.0005135378205238794,-2.7998146379104583e-06
D3_100P_lam1,265.0,40.65772176225558,-0.000516469225838846,-0.000516469225838846,-0.0005164692258290415,-2.8819309960681494e-06
D3_100P_lam1,266.0,40.81114712739617,-0.0005193016825093832,-0.0005193016825093832,-0.0005193016825160157,-2.7752139146741683e-06
D3_100P_lam1,267.0,40.96457249253675,-0.0005220196536748581,-0.0005220196536748581,-0.0005220196536583899,-2.8478911531237827e-06
D3_100P_lam1,268.0,41.117997857677345,-0.000524997464816972,-0.000524997464816972,-0.0005249974648222633,-2.9928033313808555e-06
D3_100P_lam1,269.0,41.27142322281793,-0.0005280052603342611,-0.0005280052603342611,-0.0005280052603211516,-2.908186843342264e-06
D3_100P_lam1,270.0,41.424848587958515,-0.0005308138384748821,-0.0005308138384748821,-0.0005308138385089478,-2.8956050073247752e-06
D3_100P_lam1,271.0,41.57827395309911,-0.0005337964703717358,-0.0005337964703717358,-0.0005337964703358011,-3.062202011960835e-06
D3_100P_lam1,272.0,41.73169931823969,-0.0005369382425389535,-0.0005369382425389535,-0.0005369382425328695,-3.042823522036997e-06
D3_100P_lam1,273.0,41.885124683380276,-0.0005398821173818431,-0.0005398821173818431,-0.0005398821173798751,-2.9704598034641094e-06
D3_100P_lam1,274.0,42.03855004852087,-0.0005428791621259126,-0.0005428791621259126,-0.0005428791621397977,-3.124357334627348e-06
D3_100P_lam1,275.0,42.19197541366145,-0.0005461308320668974,-0.0005461308320668974,-0.0005461308320491298,-3.195776656639282e-06
D3_100P_lam1,276.0,42.34540077880204,-0.0005492707154216616,-0.0005492707154216616,-0.0005492707154530763,-3.104129916664533e-06
D3_100P_lam1,277.0,42.49882614394263,-0.0005523390918847415,-0.0005523390918847415,-0.0005523390918824589,-3.203679398211534e-06
D3_100P_lam1,278.0,42.652251509083214,-0.000555678074274594,-0.000555678074274594,-0.0005556780742494993,-3.349314397382841e-06
D3_100P_lam1,279.0,42.8056768742238,-0.0005590377206926593,-0.0005590377206926593,-0.0005590377206772246,-3.2803169744966e-06
D3_100P_lam1,280.0,42.959102239364384,-0.0005622387081737246,-0.0005622387081737246,-0.0005622387081984925,-3.3008837476700137e-06
D3_100P_lam1,281.0,43.112527604504976,-0.0005656394881336115,-0.0005656394881336115,-0.0005656394881725646,-3.4724217528037116e-06
D3_100P_lam1,282.0,43.26595296964556,-0.0005691835517123015,-0.0005691835517123015,-0.0005691835517041,-3.4485670994399698e-06
D3_100P_lam1,283.0,43.419378334786146,-0.0005725366223650345,-0.0005725366223650345,-0.0005725366223714445,-3.3824002514393214e-06
D3_100P_lam1,284.0,43.57280369992674,-0.0005759483522194855,-0.0005759483522194855,-0.0005759483522069786,-3.5178747452846437e-06
D3_100P_lam1,285.0,43.72622906506732,-0.00057957237183276,-0.00057957237183276,-0.0005795723718620138,-3.5518122558642062e-06
D3_100P_lam1,286.0,43.87965443020791,-0.0005830519767173431,-0.0005830519767173431,-0.000583051976718707,-3.4414125309467636e-06
D3_100P_lam1,287.0,44.0330797953485,-0.0005864551969092977,-0.0005864551969092977,-0.0005864551969239074,-3.518666858326469e-06
D3_100P_lam1,288.0,44.186505160489084,-0.0005900893104365235,-0.0005900893104365235,-0.00059008931043536,-3.623479528869211e-06
D3_100P_lam1,289.0,44.33993052562967,-0.0005937021560267372,-0.0005937021560267372,-0.0005937021559816458,-3.5338921122729516e-06
D3_100P_lam1,290.0,44.49335589077026,-0.0005971570946577754,-0.0005971570946577754,-0.0005971570946599059,-3.543583687815044e-06
D3_100P_lam1,291.0,44.646781255910845,-0.0006007893233325752,-0.0006007893233325752,-0.0006007893233572759,-3.6846871012130578e-06
D3_100P_lam1,292.0,44.80020662105143,-0.0006045264688773881,-0.0006045264688773881,-0.000604526468862332,-3.6458111765114154e-06
D3_100P_lam1,293.0,44.95363198619202,-0.0006080809456791364,-0.0006080809456791364,-0.0006080809457102987,-3.5828006446081417e-06
D3_100P_lam1,294.0,45.10705735133261,-0.0006116920701101551,-0.0006116920701101551,-0.0006116920701515483,-3.7003052568707062e-06
D3_100P_lam1,295.0,45.26048271647319,-0.0006154815562554258,-0.0006154815562554258,-0.0006154815562240401,-3.717460401730932e-06
D3_100P_lam1,296.0,45.41390808161378,-0.0006191269909940343,-0.0006191269909940343,-0.0006191269909550101,-3.6064083133169333e-06
D3_100P_lam1,297.0,45.56733344675437,-0.0006226943728329672,-0.0006226943728329672,-0.000622694372850674,-3.6608851132768905e-06
D3_100P_lam1,298.0,45.72075881189495,-0.0006264487612306867,-0.0006264487612306867,-0.0006264487611815639,-3.7346106864788453e-06
D3_100P_lam1,299.0,45.874184177035545,-0.0006301635942485663,-0.0006301635942485663,-0.0006301635942236317,-3.6347115042190126e-06
D3_100P_lam1,300.0,46.02760954217613,-0.0006337181842221343,-0.0006337181842221343,-0.0006337181841900019,-3.6222877497493755e-06
D3_100P_lam1,301.0,46.181034907316715,-0.000637408169708498,-0.000637408169708498,-0.0006374081697231304,-3.731438283693933e-06
D3_100P_lam1,302.0,46.33446027245731,-0.0006411810607213009,-0.0006411810607213009,-0.0006411810607573898,-3.686485712250942e-06
D3_100P_lam1,303.0,46.48788563759789,-0.0006447811411135427,-0.0006447811411135427,-0.0006447811411476323,-3.6179872324737516e-06
D3_100P_lam1,304.0,46.641311002738476,-0.0006484170352079221,-0.0006484170352079221,-0.0006484170352223373,-3.724678492744715e-06
D3_100P_lam1,305.0,46.79473636787907,-0.0006522304981104321,-0.0006522304981104321,-0.0006522304981331217,-3.761849683314722e-06
D3_100P_lam1,306.0,46.94816173301965,-0.00065594073457191,-0.00065594073457191,-0.0006559407345889667,-3.676749003034274e-06
D3_100P_lam1,307.0,47.10158709816024,-0.0006595839961255472,-0.0006595839961255472,-0.0006595839961391903,-3.7435426634147007e-06
D3_100P_lam1,308.0,47.25501246330083,-0.0006634278199624412,-0.0006634278199624412,-0.0006634278199157961,-3.84202442660353e-06
D3_100P_lam1,309.0,47.408437828441414,-0.0006672680449990075,-0.0006672680449990075,-0.0006672680449923973,-3.758032534051381e-06
D3_100P_lam1,310.0,47.561863193582,-0.0006709438849658397,-0.0006709438849658397,-0.0006709438849838989,-3.7346937062920915e-06
D3_100P_lam1,311.0,47.715288558722584,-0.0006747374324411391,-0.0006747374324411391,-0.0006747374324049815,-3.832624713595578e-06
D3_100P_lam1,312.0,47.868713923863176,-0.0006786091343789091,-0.0006786091343789091,-0.00067860913441109,-3.76876613472632e-06
D3_100P_lam1,313.0,48.02213928900376,-0.0006822749646886297,-0.0006822749646886297,-0.0006822749646744342,-3.6605423758828692e-06
D3_100P_lam1,314.0,48.175564654144345,-0.0006859302191463998,-0.0006859302191463998,-0.0006859302191628558,-3.7277335707130987e-06
D3_100P_lam1,315.0,48.32899001928494,-0.000689730431769329,-0.000689730431769329,-0.0006897304318158604,-3.727163971234404e-06
D3_100P_lam1,316.0,48.48241538442552,-0.0006933845470890058,-0.0006933845470890058,-0.0006933845471053246,-3.592986217881844e-06
D3_100P_lam1,317.0,48.63584074956611,-0.0006969164042751754,-0.0006969164042751754,-0.000696916404251624,-3.6117768900112424e-06
D3_100P_lam1,318.0,48.7892661147067,-0.0007006081009001976,-0.0007006081009001976,-0.0007006081008853471,-3.6728673649122356e-06
D3_100P_lam1,319.0,48.942691479847284,-0.0007042621389817171,-0.0007042621389817171,-0.0007042621389814485,-3.549399593794078e-06
D3_100P_lam1,320.0,49.09611684498787,-0.0007077069000733562,-0.0007077069000733562,-0.0007077069000729352,-3.489360949515685e-06
D3_100P_lam1,321.0,49.24954221012846,-0.0007112408608651561,-0.0007112408608651561,-0.0007112408608804799,-3.5708736447759293e-06
D3_100P_lam1,322.0,49.402967575269045,-0.0007148486473672204,-0.0007148486473672204,-0.0007148486473624871,-3.496865019769757e-06
D3_100P_lam1,323.0,49.55639294040963,-0.0007182345909281456,-0.0007182345909281456,-0.0007182345909200194,-3.374177026671532e-06
D3_100P_lam1,324.0,49.70981830555022,-0.00072159700142916,-0.00072159700142916,-0.0007215970014158302,-3.437901227698603e-06
D3_100P_lam1,325.0,49.86324367069081,-0.0007251103933467911,-0.0007251103933467911,-0.0007251103933754166,-3.4297659965432103e-06
D3_100P_lam1,326.0,50.01666903583139,-0.0007284565334051684,-0.0007284565334051684,-0.0007284565334089166,-3.2665124649611244e-06
D3_100P_lam1,327.0,50.17009440097198,-0.0007316434183128481,-0.0007316434183128481,-0.0007316434183053389,-3.2620766319269023e-06
D3_100P_lam1,328.0,50.32351976611257,-0.0007349806866912739,-0.0007349806866912739,-0.0007349806866727704,-3.3094911771058833e-06
D3_100P_lam1,329.0,50.47694513125315,-0.0007382624006704489,-0.0007382624006704489,-0.0007382624006595506,-3.1619528044757317e-06
D3_100P_lam1,330.0,50.630370496393745,-0.0007413045922403512,-0.0007413045922403512,-0.0007413045922817219,-3.0913055582004745e-06
D3_100P_lam1,331.0,50.78379586153433,-0.0007444450117549927,-0.0007444450117549927,-0.0007444450117759516,-3.182343363050677e-06
D3_100P_lam1,332.0,50.937221226674914,-0.0007476692790178704,-0.0007476692790178704,-0.0007476692790078232,-3.101967450902521e-06
D3_100P_lam1,333.0,51.090646591815506,-0.0007506489466985829,-0.0007506489466985829,-0.0007506489466777566,-2.971506887661235e-06
D3_100P_lam1,334.0,51.24407195695609,-0.0007536122928212533,-0.0007536122928212533,-0.0007536122927831457,-3.0479057500087947e-06
D3_100P_lam1,335.0,51.397497322096676,-0.0007567447581760049,-0.0007567447581760049,-0.0007567447581777742,-3.0378494670912914e-06
D3_100P_lam1,336.0,51.55092268723727,-0.0007596879916910291,-0.0007596879916910291,-0.0007596879917173283,-2.865027454390656e-06
D3_100P_lam1,337.0,51.70434805237785,-0.0007624748131265701,-0.0007624748131265701,-0.0007624748130865555,-2.8738526509641815e-06
D3_100P_lam1,338.0,51.85777341751844,-0.0007654356970421608,-0.0007654356970421608,-0.0007654356970192566,-2.9199651123690273e-06
D3_100P_lam1,339.0,52.01119878265903,-0.0007683147433177754,-0.0007683147433177754,-0.0007683147433112936,-2.74734429694945e-06
D3_100P_lam1,340.0,52.164624147799614,-0.000770930385589141,-0.000770930385589141,-0.0007709303856131555,-2.665282067937369e-06
D3_100P_lam1,341.0,52.3180495129402,-0.0007736453074845349,-0.0007736453074845349,-0.0007736453074471683,-2.7364903019133635e-06
D3_100P_lam1,342.0,52.47147487808079,-0.000776403366240984,-0.000776403366240984,-0.0007764033662169822,-2.6114990134828986e-06
D3_100P_lam1,343.0,52.624900243221376,-0.0007788683054810601,-0.0007788683054810601,-0.0007788683054741341,-2.4529577160592453e-06
D3_100P_lam1,344.0,52.77832560836196,-0.0007813092816483418,-0.0007813092816483418,-0.0007813092816491007,-2.5144390463083255e-06
D3_100P_lam1,345.0,52.931750973502545,-0.000783897183543599,-0.000783897183543599,-0.0007838971835667508,-2.4735506087836256e-06
D3_100P_lam1,346.0,53.08517633864314,-0.000786256382865313,-0.000786256382865313,-0.000786256382866668,-2.286033492282513e-06
D3_100P_lam1,347.0,53.23860170378372,-0.000788469250544279,-0.000788469250544279,-0.0007884692505513158,-2.3128494603952277e-06
D3_100P_lam1,348.0,53.39202706892431,-0.0007908820818115954,-0.0007908820818115954,-0.0007908820817874584,-2.3696247239968216e-06
D3_100P_lam1,349.0,53.5454524340649,-0.0007932084999619007,-0.0007932084999619007,-0.0007932084999993094,-2.212516761801453e-06
D3_100P_lam1,350.0,53.69887779920548,-0.000795307115294577,-0.000795307115294577,-0.0007953071153110614,-2.179531435331228e-06
D3_100P_lam1,351.0,53.85230316434607,-0.0007975675628868833,-0.0007975675628868833,-0.0007975675628699719,-2.284153850951043e-06
D3_100P_lam1,352.0,54.00572852948666,-0.0007998754230373629,-0.0007998754230373629,-0.0007998754230129634,-2.169737143731254e-06
D3_100P_lam1,353.0,54.159153894627245,-0.0008019070371752563,-0.0008019070371752563,-0.0008019070371574344,-2.0456697598092433e-06
D3_100P_lam1,354.0,54.31257925976783,-0.0008039667625203479,-0.0008039667625203479,-0.0008039667625325819,-2.128396744183192e-06
D3_100P_lam1,355.0,54.46600462490842,-0.0008061638306368558,-0.0008061638306368558,-0.0008061638306458008,-2.0767185446857184e-06
D3_100P_lam1,356.0,54.61942999004901,-0.0008081201996453405,-0.0008081201996453405,-0.0008081201996219534,-1.8995625907791691e-06
D3_100P_lam1,357.0,54.77285535518959,-0.0008099629558547439,-0.0008099629558547439,-0.0008099629558273591,-1.9309086098928674e-06
D3_100P_lam1,358.0,54.92628072033018,-0.0008119820168576121,-0.0008119820168576121,-0.0008119820168417391,-1.95215056919551e-06
D3_100P_lam1,359.0,55.07970608547077,-0.0008138672569916571,-0.0008138672569916571,-0.0008138672569657501,-1.7711347481963458e-06
D3_100P_lam1,360.0,55.23313145061135,-0.0008155242863523226,-0.0008155242863523226,-0.0008155242863381318,-1.7232443383363716e-06
D3_100P_lam1,361.0,55.386556815751945,-0.0008173137456040951,-0.0008173137456040951,-0.0008173137456424229,-1.787802915487191e-06
D3_100P_lam1,362.0,55.53998218089253,-0.000819099892142061,-0.000819099892142061,-0.0008190998921691062,-1.6503988433669292e-06
D3_100P_lam1,363.0,55.693407546033114,-0.0008206145433280309,-0.0008206145433280309,-0.0008206145433291567,-1.5322044930599077e-06
D3_100P_lam1,364.0,55.846832911173706,-0.0008221643011216628,-0.0008221643011216628,-0.000822164301155226,-1.607149897608906e-06
D3_100P_lam1,365.0,56.00025827631429,-0.0008238288431277002,-0.0008238288431277002,-0.0008238288431243745,-1.5507716852880549e-06
D3_100P_lam1,366.0,56.153683641454876,-0.0008252658445387324,-0.0008252658445387324,-0.0008252658445258021,-1.395153645944447e-06
D3_100P_lam1,367.0,56.30710900659547,-0.0008266191504524295,-0.0008266191504524295,-0.0008266191504162634,-1.4377462207448843e-06
D3_100P_lam1,368.0,56.46053437173605,-0.0008281413369562416,-0.0008281413369562416,-0.0008281413369672919,-1.459562298578021e-06
D3_100P_lam1,369.0,56.61395973687664,-0.0008295382749998136,-0.0008295382749998136,-0.0008295382750134195,-1.3039516204571555e-06
D3_100P_lam1,370.0,56.76738510201723,-0.000830749240199881,-0.000830749240199881,-0.0008307492402082062,-1.282404582525487e-06
D3_100P_lam1,371.0,56.920810467157814,-0.0008321030841728021,-0.0008321030841728021,-0.0008321030841784705,-1.357034506099808e-06
D3_100P_lam1,372.0,57.0742358322984,-0.0008334633092579413,-0.0008334633092579413,-0.0008334633092204058,-1.2499073989147291e-06
D3_100P_lam1,373.0,57.22766119743899,-0.0008346028989428565,-0.0008346028989428565,-0.0008346028989762999,-1.1675362827645586e-06
D3_100P_lam1,374.0,57.381086562579576,-0.0008357983817671014,-0.0008357983817671014,-0.0008357983817859349,-1.249679371539969e-06
D3_100P_lam1,375.0,57.53451192772016,-0.0008371022577029359,-0.0008371022577029359,-0.0008371022577193798,-1.2039778596317774e-06
D3_100P_lam1,376.0,57.687937292860745,-0.0008382063375066837,-0.0008382063375066837,-0.0008382063375051985,-1.064895798208454e-06
D3_100P_lam1,377.0,57.84136265800134,-0.0008392320493178778,-0.0008392320493178778,-0.0008392320493157968,-1.0966910792831186e-06
D3_100P_lam1,378.0,57.99478802314192,-0.0008403997196593198,-0.0008403997196593198,-0.0008403997196637647,-1.1131590156310267e-06
D3_100P_lam1,379.0,58.14821338828251,-0.0008414583673269016,-0.0008414583673269016,-0.0008414583673470588,-9.72566851942247e-07
D3_100P_lam1,380.0,58.3016387534231,-0.0008423448533855991,-0.0008423448533855991,-0.0008423448533676492,-9.458524345973274e-07
D3_100P_lam1,381.0,58.45506411856368,-0.0008433500722074594,-0.0008433500722074594,-0.0008433500722162535,-1.0108838637279405e-06
D3_100P_lam1,382.0,58.60848948370427,-0.0008443666211352788,-0.0008443666211352788,-0.0008443666210951051,-9.079370215658855e-07
D3_100P_lam1,383.0,58.76191484884486,-0.0008451659462655429,-0.0008451659462655429,-0.0008451659462593852,-8.088973402209376e-07
D3_100P_lam1,384.0,58.915340213985445,-0.0008459844157839079,-0.0008459844157839079,-0.000845984415775547,-8.692286712630448e-07
D3_100P_lam1,385.0,59.06876557912603,-0.0008469044035849953,-0.0008469044035849953,-0.0008469044036019113,-8.252538066244597e-07
D3_100P_lam1,386.0,59.22219094426662,-0.0008476349233818711,-0.0008476349233818711,-0.0008476349233887959,-6.81123026424757e-07
D3_100P_lam1,387.0,59.37561630940721,-0.0008482666496260619,-0.0008482666496260619,-0.0008482666496547608,-7.027851438579091e-07
D3_100P_lam1,388.0,59.52904167454779,-0.000849040493668877,-0.000849040493668877,-0.0008490404936765117,-7.270302262440964e-07
D3_100P_lam1,389.0,59.68246703968838,-0.0008497207100781979,-0.0008497207100781979,-0.000849720710107249,-5.864842478331411e-07
D3_100P_lam1,390.0,59.83589240482897,-0.0008502134621389244,-0.0008502134621389244,-0.000850213462172178,-5.518087391465087e-07
D3_100P_lam1,391.0,59.98931776996955,-0.000850824327537177,-0.000850824327537177,-0.000850824327585542,-6.29477284519453e-07
D3_100P_lam1,392.0,60.142743135110145,-0.0008514724167191092,-0.0008514724167191092,-0.0008514724167412169,-5.456422229599411e-07
D3_100P_lam1,393.0,60.29616850025073,-0.0008519156120531195,-0.0008519156120531195,-0.0008519156120314619,-4.6508785089827143e-07
D3_100P_lam1,394.0,60.449593865391314,-0.0008524025924779112,-0.0008524025924779112,-0.0008524025924430134,-5.635996558339684e-07
D3_100P_lam1,395.0,60.603019230531906,-0.0008530428113421733,-0.0008530428113421733,-0.0008530428113431299,-5.657515487200726e-07
D3_100P_lam1,396.0,60.75644459567249,-0.0008535340955333641,-0.0008535340955333641,-0.0008535340955404536,-4.5834138973077643e-07
D3_100P_lam1,397.0,60.909869960813076,-0.0008539594940974242,-0.0008539594940974242,-0.0008539594941225914,-5.212939981902309e-07
D3_100P_lam1,398.0,61.06329532595367,-0.0008545766835382619,-0.0008545766835382619,-0.000854576683536834,-5.906981641601305e-07
D3_100P_lam1,399.0,61.21672069109425,-0.0008551408904618145,-0.0008551408904618145,-0.0008551408904509117,-4.787503087300138e-07
D3_100P_lam1,400.0,61.37014605623484,-0.0008555341841972965,-0.0008555341841972965,-0.000855534184154294,-4.670148996410717e-07
D3_100P_lam1,401.0,61.52357142137543,-0.0008560749202579305,-0.0008560749202579305,-0.0008560749202501938,-5.749896558882028e-07
D3_100P_lam1,402.0,61.676996786516014,-0.0008566841634334881,-0.0008566841634334881,-0.0008566841634660705,-5.054351390754164e-07
D3_100P_lam1,403.0,61.8304221516566,-0.0008570857905466491,-0.0008570857905466491,-0.0008570857905283447,-4.2651245735214616e-07
D3_100P_lam1,404.0,61.98384751679719,-0.0008575371883850085,-0.0008575371883850085,-0.0008575371883807748,-5.383911343415093e-07
D3_100P_lam1,405.0,62.137272881937776,-0.0008581625727804188,-0.0008581625727804188,-0.0008581625727970277,-5.430186149624205e-07
D3_100P_lam1,406.0,62.29069824707836,-0.0008586232256344019,-0.0008586232256344019,-0.0008586232256106996,-4.2400324673508294e-07
D3_100P_lam1,407.0,62.44412361221895,-0.0008590105792717556,-0.0008590105792717556,-0.0008590105792904978,-4.968691769136058e-07
D3_100P_lam1,408.0,62.59754897735954,-0.0008596169639672564,-0.0008596169639672564,-0.0008596169639645268,-5.78648666760273e-07
D3_100P_lam1,409.0,62.75097434250012,-0.0008601678766198806,-0.0008601678766198806,-0.0008601678766240184,-4.6444810664070246e-07
D3_100P_lam1,410.0,62.90439970764071,-0.0008605458601507321,-0.0008605458601507321,-0.0008605458601778082,-4.7119351620494854e-07
D3_100P_lam1,411.0,63.0578250727813,-0.000861110263673611,-0.000861110263673611,-0.0008611102636564283,-6.037377033862867e-07
D3_100P_lam1,412.0,63.21125043792188,-0.000861753335559256,-0.000861753335559256,-0.0008617533355845808,-5.35594068651335e-07
D3_100P_lam1,413.0,63.36467580306247,-0.0008621814517956767,-0.0008621814517956767,-0.000862181451793731,-4.710049381628778e-07
D3_100P_lam1,414.0,63.51810116820306,-0.0008626953454678094,-0.0008626953454678094,-0.0008626953454609065,-6.118847579728026e-07
D3_100P_lam1,415.0,63.671526533343645,-0.0008634052213055334,-0.0008634052213055334,-0.0008634052213096766,-6.257670293052797e-07
D3_100P_lam1,416.0,63.82495189848423,-0.0008639468795199895,-0.0008639468795199895,-0.0008639468795195171,-5.244712042440369e-07
D3_100P_lam1,417.0,63.97837726362482,-0.0008644541637089079,-0.0008644541637089079,-0.0008644541637181646,-6.356418680297793e-07
D3_100P_lam1,418.0,64.13180262876541,-0.0008652181632550462,-0.0008652181632550462,-0.0008652181632555767,-7.351526676302456e-07
D3_100P_lam1,419.0,64.28522799390599,-0.0008659244690130579,-0.0008659244690130579,-0.0008659244690534251,-6.327228732061485e-07
D3_100P_lam1,420.0,64.43865335904658,-0.0008664836090102569,-0.0008664836090102569,-0.000866483609001989,-6.734943269748328e-07
D3_100P_lam1,421.0,64.59207872418717,-0.0008672714576897679,-0.0008672714576897679,-0.0008672714577073748,-8.312742068028456e-07
D3_100P_lam1,422.0,64.74550408932775,-0.0008681461574413704,-0.0008681461574413704,-0.0008681461574155946,-7.80870806238454e-07
D3_100P_lam1,423.0,64.89892945446834,-0.0008688331992894807,-0.0008688331992894807,-0.0008688331993198517,-7.587902643990674e-07
D3_100P_lam1,424.0,65.05235481960894,-0.0008696637379496493,-0.0008696637379496493,-0.0008696637379443928,-9.401678369158617e-07
D3_100P_lam1,425.0,65.20578018474951,-0.0008707135349668314,-0.0008707135349668314,-0.0008707135349936834,-9.708041659450828e-07
D3_100P_lam1,426.0,65.3592055498901,-0.0008716053462960294,-0.0008716053462960294,-0.0008716053462762829,-8.934067921018141e-07
D3_100P_lam1,427.0,65.51263091503068,-0.0008725003485416752,-0.0008725003485416752,-0.000872500348577887,-1.031551448704704e-06
D3_100P_lam1,428.0,65.66605628017128,-0.0008736684491854195,-0.0008736684491854195,-0.0008736684491736924,-1.1346190262884193e-06
D3_100P_lam1,429.0,65.81948164531187,-0.0008747695866488101,-0.0008747695866488101,-0.0008747695866304639,-1.04047640547833e-06
D3_100P_lam1,430.0,65.97290701045245,-0.0008757494019444399,-0.0008757494019444399,-0.000875749401984649,-1.1084044047038333e-06
D3_100P_lam1,431.0,66.12633237559304,-0.0008769863954864372,-0.0008769863954864372,-0.0008769863954398716,-1.2727746536711493e-06
D3_100P_lam1,432.0,66.27975774073363,-0.000878294951296181,-0.000878294951296181,-0.0008782949512919913,-1.2149569101893576e-06
D3_100P_lam1,433.0,66.4331831058742,-0.000879416309300128,-0.000879416309300128,-0.0008794163092602503,-1.2008894714199414e-06
D3_100P_lam1,434.0,66.5866084710148,-0.0008806967302283691,-0.0008806967302283691,-0.0008806967302348312,-1.3711268138649757e-06
D3_100P_lam1,435.0,66.74003383615539,-0.0008821585629036404,-0.0008821585629036404,-0.0008821585628879802,-1.3655577220106352e-06
D3_100P_lam1,436.0,66.89345920129597,-0.0008834278457068205,-0.0008834278457068205,-0.0008834278456788525,-1.2750757889534725e-06
D3_100P_lam1,437.0,67.04688456643656,-0.0008847087144676862,-0.0008847087144676862,-0.0008847087144658872,-1.39993920811321e-06
D3_100P_lam1,438.0,67.20030993157715,-0.0008862277240776277,-0.0008862277240776277,-0.0008862277240950789,-1.4636767105002946e-06
D3_100P_lam1,439.0,67.35373529671773,-0.0008876360678754344,-0.0008876360678754344,-0.0008876360678868878,-1.3556759483890346e-06
D3_100P_lam1,440.0,67.50716066185832,-0.000888939076014667,-0.000888939076014667,-0.000888939075991857,-1.4225656457256264e-06
D3_100P_lam1,441.0,67.66058602699891,-0.0008904811991523635,-0.0008904811991523635,-0.000890481199178339,-1.5570543610010645e-06
D3_100P_lam1,442.0,67.81401139213949,-0.0008920531847540399,-0.0008920531847540399,-0.0008920531847138591,-1.4918482804660016e-06
D3_100P_lam1,443.0,67.96743675728008,-0.000893464895712145,-0.000893464895712145,-0.000893464895739271,-1.498249474707336e-06
D3_100P_lam1,444.0,68.12086212242068,-0.0008950496836563731,-0.0008950496836563731,-0.0008950496836632738,-1.669633888923272e-06
D3_100P_lam1,445.0,68.27428748756125,-0.0008968041635216408,-0.0008968041635216408,-0.0008968041635171176,-1.6864380540937418e-06
D3_100P_lam1,446.0,68.42771285270184,-0.0008984225597662752,-0.0008984225597662752,-0.0008984225597714612,-1.6514698870651046e-06
D3_100P_lam1,447.0,68.58113821784244,-0.0009001071032721925,-0.0009001071032721925,-0.0009001071032912478,-1.8099732415066683e-06
D3_100P_lam1,448.0,68.73456358298301,-0.0009020425062482785,-0.0009020425062482785,-0.0009020425062544746,-1.9058812199546082e-06
D3_100P_lam1,449.0,68.8879889481236,-0.0009039188657007006,-0.0009039188657007006,-0.000903918865731157,-1.8482956534171535e-06
D3_100P_lam1,450.0,69.0414143132642,-0.0009057390975768451,-0.0009057390975768451,-0.0009057390975613089,-1.9401809083774424e-06
D3_100P_lam1,451.0,69.19483967840478,-0.0009077992275392919,-0.0009077992275392919,-0.0009077992275479119,-2.0838636771713936e-06
D3_100P_lam1,452.0,69.34826504354537,-0.0009099068249353135,-0.0009099068249353135,-0.0009099068249156517,-2.04038173023946e-06
D3_100P_lam1,453.0,69.50169040868596,-0.0009118799909885027,-0.0009118799909885027,-0.0009118799910083908,-2.0520705277249363e-06
D3_100P_lam1,454.0,69.65511577382654,-0.0009140109659611077,-0.0009140109659611077,-0.0009140109659711015,-2.2076470997944853e-06
D3_100P_lam1,455.0,69.80854113896713,-0.0009162952852475416,-0.0009162952852475416,-0.0009162952852079798,-2.2179236225383647e-06
D3_100P_lam1,456.0,69.96196650410772,-0.0009184468132252256,-0.0009184468132252256,-0.0009184468132161783,-2.1736663029514602e-06
D3_100P_lam1,457.0,70.1153918692483,-0.0009206426178103786,-0.0009206426178103786,-0.0009206426178138827,-2.306018956232947e-06
D3_100P_lam1,458.0,70.26881723438889,-0.0009230588511268119,-0.0009230588511268119,-0.0009230588511286442,-2.3874487453667825e-06
D3_100P_lam1,459.0,70.42224259952948,-0.0009254175153132256,-0.0009254175153132256,-0.0009254175153046162,-2.326740741409594e-06
D3_100P_lam1,460.0,70.57566796467006,-0.000927712332630593,-0.000927712332630593,-0.0009277123326114634,-2.4020898194976326e-06
D3_100P_lam1,461.0,70.72909332981065,-0.0009302216949850272,-0.0009302216949850272,-0.0009302216949436115,-2.536117222007306e-06
D3_100P_lam1,462.0,70.88251869495124,-0.0009327845670918477,-0.0009327845670918477,-0.000932784567055478,-2.497962441339041e-06
D3_100P_lam1,463.0,71.03594406009182,-0.0009352176198346759,-0.0009352176198346759,-0.0009352176198262896,-2.5005897157370782e-06
D3_100P_lam1,464.0,71.18936942523241,-0.0009377857465074921,-0.0009377857465074921,-0.0009377857464869521,-2.6469913620985608e-06
D3_100P_lam1,465.0,71.342794790373,-0.0009405116025575327,-0.0009405116025575327,-0.0009405116025504867,-2.665803407353451e-06
D3_100P_lam1,466.0,71.49622015551358,-0.0009431173533007371,-0.0009431173533007371,-0.000943117353301659,-2.6187734931681916e-06
D3_100P_lam1,467.0,71.64964552065418,-0.0009457491495211653,-0.0009457491495211653,-0.0009457491495368231,-2.743750485478813e-06
D3_100P_lam1,468.0,71.80307088579477,-0.0009486048542881274,-0.0009486048542881274,-0.0009486048542726166,-2.836067807265863e-06
D3_100P_lam1,469.0,71.95649625093534,-0.000951421285106009,-0.000951421285106009,-0.0009514212851513548,-2.775737669935552e-06
D3_100P_lam1,470.0,72.10992161607594,-0.0009541563296028291,-0.0009541563296028291,-0.0009541563296124878,-2.8421585227533797e-06
D3_100P_lam1,471.0,72.26334698121653,-0.0009571056021899654,-0.0009571056021899654,-0.0009571056021968616,-2.990663887203482e-06
D3_100P_lam1,472.0,72.4167723463571,-0.0009601376573753144,-0.0009601376573753144,-0.0009601376573868947,-2.967226294003922e-06
D3_100P_lam1,473.0,72.5701977114977,-0.0009630400547559404,-0.0009630400547559404,-0.0009630400547848694,-2.9773911762731586e-06
D3_100P_lam1,474.0,72.72362307663829,-0.0009660924397211104,-0.0009660924397211104,-0.000966092439739441,-3.153825957724621e-06
D3_100P_lam1,475.0,72.87704844177887,-0.0009693477066726467,-0.0009693477066726467,-0.0009693477067003187,-3.1963513436039648e-06
D3_100P_lam1,476.0,73.03047380691946,-0.000972485142407131,-0.000972485142407131,-0.000972485142426649,-3.147121162783151e-06
D3_100P_lam1,477.0,73.18389917206005,-0.0009756419490434255,-0.0009756419490434255,-0.000975641949025885,-3.2764888260317093e-06
D3_100P_lam1,478.0,73.33732453720063,-0.0009790381200735008,-0.0009790381200735008,-0.0009790381200787124,-3.3645877408616798e-06
D3_100P_lam1,479.0,73.49074990234122,-0.0009823711244855689,-0.0009823711244855689,-0.0009823711245076083,-3.2735063086875016e-06
D3_100P_lam1,480.0,73.64417526748181,-0.000985585132744724,-0.000985585132744724,-0.0009855851326960874,-3.315754895538703e-06
D3_100P_lam1,481.0,73.79760063262239,-0.0009890026343256657,-0.0009890026343256657,-0.0009890026342986857,-3.4414614447086933e-06
D3_100P_lam1,482.0,73.95102599776298,-0.0009924680555799506,-0.0009924680555799506,-0.0009924680555855048,-3.3723437127264333e-06
D3_100P_lam1,483.0,74.10445136290357,-0.0009957473217113452,-0.0009957473217113452,-0.0009957473217241386,-3.340617467983975e-06
D3_100P_lam1,484.0,74.25787672804415,-0.0009991492905176108,-0.0009991492905176108,-0.0009991492905214727,-3.491307381864317e-06
D3_100P_lam1,485.0,74.41130209318474,-0.001002729936498356,-0.001002729936498356,-0.0010027299364878672,-3.4997839293282595e-06
D3_100P_lam1,486.0,74.56472745832534,-0.0010061488583820632,-0.0010061488583820632,-0.0010061488583801292,-3.4230824041969754e-06
D3_100P_lam1,487.0,74.71815282346591,-0.0010095761013147288,-0.0010095761013147288,-0.0010095761012962612,-3.55488080572286e-06
D3_100P_lam1,488.0,74.8715781886065,-0.0010132586199721513,-0.0010132586199721513,-0.001013258619991575,-3.64461638469038e-06
D3_100P_lam1,489.0,75.0250035537471,-0.0010168653340700557,-0.0010168653340700557,-0.001016865334065642,-3.5498046884185896e-06
D3_100P_lam1,490.0,75.17842891888768,-0.0010203582293238358,-0.0010203582293238358,-0.0010203582293684121,-3.6158002671982103e-06
D3_100P_lam1,491.0,75.33185428402827,-0.0010240969346123657,-0.0010240969346123657,-0.0010240969346000384,-3.7630852318670804e-06
D3_100P_lam1,492.0,75.48527964916885,-0.001027884399806482,-0.001027884399806482,-0.0010278843998321463,-3.690788219046226e-06
D3_100P_lam1,493.0,75.63870501430944,-0.0010314785110765027,-0.0010314785110765027,-0.0010314785110381308,-3.6683386781533045e-06
D3_100P_lam1,494.0,75.79213037945003,-0.0010352210771969609,-0.0010352210771969609,-0.001035221077188453,-3.819347568878584e-06
D3_100P_lam1,495.0,75.9455557445906,-0.0010391172061826198,-0.0010391172061826198,-0.001039117206175888,-3.7890265502937837e-06
D3_100P_lam1,496.0,76.0989811097312,-0.0010427991303054661,-0.0010427991303054661,-0.0010427991302890405,-3.679271401324513e-06
D3_100P_lam1,497.0,76.25240647487179,-0.0010464757490259706,-0.0010464757490259706,-0.001046475748978537,-3.7843674931536952e-06
D3_100P_lam1,498.0,76.40583184001237,-0.0010503678652455984,-0.0010503678652455984,-0.0010503678652753479,-3.822017390575638e-06
D3_100P_lam1,499.0,76.55925720515296,-0.001054119783736498,-0.001054119783736498,-0.0010541197837596883,-3.684239004542178e-06
D3_100P_lam1,500.0,76.71268257029355,-0.0010577363433180074,-0.0010577363433180074,-0.0010577363432844322,-3.7270629036356695e-06
D3_100P_lam1,501.0,76.86610793543413,-0.0010615739095287758,-0.0010615739095287758,-0.0010615739095669596,-3.832584155816221e-06
D3_100P_lam1,502.0,77.01953330057472,-0.0010654015115796522,-0.0010654015115796522,-0.0010654015115960647,-3.7154358665247855e-06
D3_100P_lam1,503.0,77.17295866571531,-0.00106900478130171,-0.00106900478130171,-0.0010690047813000092,-3.6715493081374007e-06
D3_100P_lam1,504.0,77.32638403085589,-0.001072744610201944,-0.001072744610201944,-0.0010727446102123395,-3.7964077250762784e-06
D3_100P_lam1,505.0,77.47980939599648,-0.001076597596752525,-0.001076597596752525,-0.0010765975967501618,-3.7337368610224075e-06
D3_100P_lam1,506.0,77.63323476113707,-0.001080212083941192,-0.001080212083941192,-0.0010802120839343843,-3.617893895579982e-06
D3_100P_lam1,507.0,77.78666012627765,-0.0010838333845429459,-0.0010838333845429459,-0.0010838333845413217,-3.7218146360373794e-06
D3_100P_lam1,508.0,77.94008549141824,-0.0010876557132037932,-0.0010876557132037932,-0.001087655713206459,-3.738456541668711e-06
D3_100P_lam1,509.0,78.09351085655884,-0.0010913102976006265,-0.0010913102976006265,-0.0010913102976246591,-3.5911597819904273e-06
D3_100P_lam1,510.0,78.24693622169941,-0.001094838032794975,-0.001094838032794975,-0.00109483803277044,-3.6344272018595802e-06
D3_100P_lam1,511.0,78.40036158684,-0.0010985791520027198,-0.0010985791520027198,-0.0010985791520283783,-3.718136014185802e-06
D3_100P_lam1,512.0,78.5537869519806,-0.0011022743047943019,-0.0011022743047943019,-0.0011022743047988115,-3.5856985789450846e-06
D3_100P_lam1,513.0,78.70721231712118,-0.001105750549193375,-0.001105750549193375,-0.0011057505491862685,-3.551416568825516e-06
D3_100P_lam1,514.0,78.86063768226177,-0.0011093771379186597,-0.0011093771379186597,-0.0011093771379364625,-3.6711120969812328e-06
D3_100P_lam1,515.0,79.01406304740236,-0.0011130927733647889,-0.0011130927733647889,-0.001113092773380231,-3.5997478278204653e-06
D3_100P_lam1,516.0,79.16748841254294,-0.0011165766336254813,-0.0011165766336254813,-0.0011165766335921035,-3.5016138895116455e-06
D3_100P_lam1,517.0,79.32091377768353,-0.0011200960011501777,-0.0011200960011501777,-0.0011200960011592542,-3.6092835671297507e-06
D3_100P_lam1,518.0,79.47433914282412,-0.0011237952007797293,-0.0011237952007797293,-0.001123795200726363,-3.6097088980113767e-06
D3_100P_lam1,519.0,79.6277645079647,-0.001127315418957941,-0.001127315418957941,-0.001127315418955277,-3.467732966555559e-06
D3_100P_lam1,520.0,79.78118987310529,-0.001130730666671931,-0.001130730666671931,-0.001130730666659474,-3.509734710860357e-06
D3_100P_lam1,521.0,79.93461523824588,-0.0011343348883667088,-0.0011343348883667088,-0.0011343348883769977,-3.5678666847616114e-06
D3_100P_lam1,522.0,80.08804060338646,-0.0011378664000328965,-0.0011378664000328965,-0.0011378664000289973,-3.4313296453092335e-06
D3_100P_lam1,523.0,80.24146596852705,-0.0011411975476179957,-0.0011411975476179957,-0.0011411975476676162,-3.3975695430399355e-06
D3_100P_lam1,524.0,80.39489133366764,-0.0011446615391451274,-0.0011446615391451274,-0.0011446615391150772,-3.488978052246239e-06
D3_100P_lam1,525.0,80.54831669880822,-0.001148175503786957,-0.001148175503786957,-0.0011481755037721086,-3.398613642957571e-06
D3_100P_lam1,526.0,80.70174206394881,-0.0011514587664046671,-0.0011514587664046671,-0.0011514587664009923,-3.289557525931741e-06
D3_100P_lam1,527.0,80.8551674290894,-0.0011547546188023544,-0.0011547546188023544,-0.0011547546188239721,-3.3603990630126646e-06
D3_100P_lam1,528.0,81.00859279422998,-0.0011581795645099144,-0.0011581795645099144,-0.0011581795645270176,-3.331228356273641e-06
D3_100P_lam1,529.0,81.16201815937058,-0.0011614170755459372,-0.0011614170755459372,-0.0011614170755365194,-3.1800862529962615e-06
D3_100P_lam1,530.0,81.31544352451117,-0.0011645397370507388,-0.0011645397370507388,-0.0011645397370330102,-3.1969619556093676e-06
D3_100P_lam1,531.0,81.46886888965174,-0.0011678109994761406,-0.0011678109994761406,-0.0011678109994477381,-3.2289499927173893e-06
D3_100P_lam1,532.0,81.62229425479234,-0.0011709976370179313,-0.0011709976370179313,-0.001170997637018445,-3.085341830910693e-06
D3_100P_lam1,533.0,81.77571961993293,-0.0011739816831100348,-0.0011739816831100348,-0.0011739816831095595,-3.0349727921930025e-06
D3_100P_lam1,534.0,81.9291449850735,-0.0011770675825816064,-0.0011770675825816064,-0.001177067582602831,-3.1059883554007683e-06
D3_100P_lam1,535.0,82.0825703502141,-0.001180193659795336,-0.001180193659795336,-0.001180193659820361,-3.019769053480559e-06
D3_100P_lam1,536.0,82.23599571535469,-0.0011831071206428367,-0.0011831071206428367,-0.001183107120709792,-2.9172054496484634e-06
D3_100P_lam1,537.0,82.38942108049527,-0.0011860280706598198,-0.0011860280706598198,-0.001186028070719658,-2.9840248316759244e-06
D3_100P_lam1,538.0,82.54284644563586,-0.0011890751703426583,-0.0011890751703426583,-0.001189075170373144,-2.9652060788976087e-06
D3_100P_lam1,539.0,82.69627181077645,-0.0011919584828833782,-0.0011919584828833782,-0.0011919584828774532,-2.825848184784263e-06
D3_100P_lam1,540.0,82.84969717591703,-0.0011947268667544392,-0.0011947268667544392,-0.0011947268667427124,-2.8371633788992767e-06
D3_100P_lam1,541.0,83.00312254105762,-0.0011976328095812503,-0.0011976328095812503,-0.0011976328096352518,-2.8742703079842613e-06
D3_100P_lam1,542.0,83.15654790619821,-0.001200475407368263,-0.001200475407368263,-0.001200475407358681,-2.7432184879216948e-06
D3_100P_lam1,543.0,83.30997327133879,-0.00120311924663009,-0.00120311924663009,-0.0012031192466110952,-2.683477077880525e-06
D3_100P_lam1,544.0,83.46339863647938,-0.0012058423614878925,-0.0012058423614878925,-0.001205842361514442,-2.7451106348053145e-06
D3_100P_lam1,545.0,83.61682400161997,-0.001208609467954582,-0.001208609467954582,-0.0012086094678807058,-2.6563182586869516e-06
D3_100P_lam1,546.0,83.77024936676055,-0.0012111549979875434,-0.0012111549979875434,-0.001211154998031816,-2.530410483814194e-06
D3_100P_lam1,547.0,83.92367473190114,-0.0012136702888162025,-0.0012136702888162025,-0.0012136702888483342,-2.578070564140944e-06
D3_100P_lam1,548.0,84.07710009704174,-0.0012163111392126413,-0.0012163111392126413,-0.0012163111391600978,-2.5616488414925698e-06
D3_100P_lam1,549.0,84.23052546218231,-0.0012187935864981538,-0.0012187935864981538,-0.0012187935865313193,-2.4107479248414165e-06
D3_100P_lam1,550.0,84.3839508273229,-0.0012211326350263934,-0.0012211326350263934,-0.0012211326350097806,-2.406302144208894e-06
D3_100P_lam1,551.0,84.5373761924635,-0.0012236061907903225,-0.0012236061907903225,-0.001223606190819737,-2.4418356474598113e-06
D3_100P_lam1,552.0,84.69080155760408,-0.0012260163063143865,-0.0012260163063143865,-0.0012260163063047003,-2.286679432472738e-06
D3_100P_lam1,553.0,84.84422692274467,-0.0012281795496932389,-0.0012281795496932389,-0.0012281795496846826,-2.1898351292293228e-06
D3_100P_lam1,554.0,84.99765228788526,-0.0012303959764960672,-0.0012303959764960672,-0.001230395976563159,-2.2367616452356742e-06
D3_100P_lam1,555.0,85.15107765302584,-0.0012326530729817205,-0.0012326530729817205,-0.001232653072975154,-2.123693150224426e-06
D3_100P_lam1,556.0,85.30450301816643,-0.0012346433628356158,-0.0012346433628356158,-0.0012346433628636078,-1.962281601208815e-06
D3_100P_lam1,557.0,85.457928383307,-0.0012365776361748725,-0.0012365776361748725,-0.0012365776361775715,-1.999247444928187e-06
D3_100P_lam1,558.0,85.6113537484476,-0.001238641857702712,-0.001238641857702712,-0.0012386418577534641,-1.9643127302515495e-06
D3_100P_lam1,559.0,85.76477911358819,-0.0012405062615922374,-0.0012405062615922374,-0.0012405062616380746,-1.7775369087758008e-06
D3_100P_lam1,560.0,85.91820447872877,-0.0012421969314705323,-0.0012421969314705323,-0.0012421969315710157,-1.7656097952567507e-06
D3_100P_lam1,561.0,86.07162984386936,-0.0012440374812262393,-0.0012440374812262393,-0.0012440374812285881,-1.8029483044301742e-06
D3_100P_lam1,562.0,86.22505520900995,-0.0012458028281540964,-0.0012458028281540964,-0.001245802828179876,-1.6411857473030977e-06
D3_100P_lam1,563.0,86.37848057415053,-0.0012473198527239117,-0.0012473198527239117,-0.0012473198527231943,-1.5679719922445656e-06
D3_100P_lam1,564.0,86.53190593929112,-0.0012489387721693987,-0.0012489387721693987,-0.0012489387721643652,-1.6528801438653318e-06
D3_100P_lam1,565.0,86.68533130443171,-0.0012506256130199265,-0.0012506256130199265,-0.001250625613010925,-1.5606616443619714e-06
D3_100P_lam1,566.0,86.83875666957229,-0.0012520600954571118,-0.0012520600954571118,-0.0012520600954530892,-1.4313449128167122e-06
D3_100P_lam1,567.0,86.99218203471288,-0.0012534883028340969,-0.0012534883028340969,-0.0012534883028365584,-1.5126097991924325e-06
D3_100P_lam1,568.0,87.14560739985347,-0.0012550853150509848,-0.0012550853150509848,-0.001255085315051474,-1.50302452084361e-06
D3_100P_lam1,569.0,87.29903276499405,-0.0012564943519162673,-0.0012564943519162673,-0.0012564943518782457,-1.3391764923653682e-06
D3_100P_lam1,570.0,87.45245813013464,-0.0012577636681168328,-0.0012577636681168328,-0.0012577636680362048,-1.3644543628288375e-06
D3_100P_lam1,571.0,87.60588349527524,-0.0012592232606306246,-0.0012592232606306246,-0.0012592232606039033,-1.4229959788281121e-06
D3_100P_lam1,572.0,87.75930886041581,-0.0012606096599628764,-0.0012606096599628764,-0.001260609659993861,-1.2630556511794566e-06
D3_100P_lam1,573.0,87.9127342255564,-0.0012617493719034086,-0.0012617493719034086,-0.0012617493719062622,-1.2016346317977877e-06
D3_100P_lam1,574.0,88.066159590697,-0.0012630129292999078,-0.0012630129292999078,-0.0012630129292574566,-1.2873959462922357e-06
D3_100P_lam1,575.0,88.21958495583758,-0.0012643241637474694,-0.0012643241637474694,-0.0012643241637988467,-1.1652049920485297e-06
D3_100P_lam1,576.0,88.37301032097817,-0.0012653433392420114,-0.0012653433392420114,-0.0012653433392415536,-1.017149884319224e-06
D3_100P_lam1,577.0,88.52643568611876,-0.0012663584636384763,-0.0012663584636384763,-0.0012663584635674852,-1.0881919365601789e-06
D3_100P_lam1,578.0,88.67986105125934,-0.0012675197230466047,-0.0012675197230466047,-0.001267519723114674,-1.042496876380028e-06
D3_100P_lam1,579.0,88.83328641639993,-0.0012684434573454564,-0.0012684434573454564,-0.0012684434573202452,-8.584824513491185e-07
D3_100P_lam1,580.0,88.98671178154052,-0.0012692366880054258,-0.0012692366880054258,-0.0012692366880173722,-8.892047276276571e-07
D3_100P_lam1,581.0,89.1401371466811,-0.0012702218667447807,-0.0012702218667447807,-0.0012702218667755005,-9.299005228058377e-07
D3_100P_lam1,582.0,89.29356251182169,-0.0012710964890397965,-0.0012710964890397965,-0.001271096489062984,-7.626101705682231e-07
D3_100P_lam1,583.0,89.44698787696228,-0.0012717470870799356,-0.0012717470870799356,-0.001271747087116637,-7.305912390620506e-07
D3_100P_lam1,584.0,89.60041324210286,-0.0012725576716126838,-0.0012725576716126838,-0.001272557671541108,-8.324308282681159e-07
D3_100P_lam1,585.0,89.75383860724345,-0.001273411948803465,-0.001273411948803465,-0.0012734119487731732,-7.311195417969429e-07
D3_100P_lam1,586.0,89.90726397238404,-0.0012740199106121848,-0.0012740199106121848,-0.0012740199106247019,-6.394895422090485e-07
D3_100P_lam1,587.0,90.06068933752462,-0.0012746909279315504,-0.0012746909279315504,-0.0012746909278575913,-7.525002274633152e-07
D3_100P_lam1,588.0,90.21411470266521,-0.0012755249111258823,-0.0012755249111258823,-0.0012755249110796285,-7.335710847655719e-07
D3_100P_lam1,589.0,90.3675400678058,-0.0012761580701079445,-0.0012761580701079445,-0.0012761580700271224,-5.992981186864199e-07
D3_100P_lam1,590.0,90.52096543294638,-0.0012767235072569656,-0.0012767235072569656,-0.0012767235073170013,-6.732377642038045e-07
D3_100P_lam1,591.0,90.67439079808697,-0.0012775045455598387,-0.0012775045455598387,-0.00127750454555553,-7.381727868960297e-07
D3_100P_lam1,592.0,90.82781616322757,-0.001278199852795033,-0.001278199852795033,-0.0012781998528907934,-6.094500690778659e-07
D3_100P_lam1,593.0,90.98124152836814,-0.001278723445733446,-0.001278723445733446,-0.0012787234456936858,-6.142345227999613e-07
D3_100P_lam1,594.0,91.13466689350874,-0.0012794283219742602,-0.0012794283219742602,-0.0012794283219363933,-7.237932777570677e-07
D3_100P_lam1,595.0,91.28809225864933,-0.001280171032272288,-0.001280171032272288,-0.0012801710322492,-6.273673989198869e-07
D3_100P_lam1,596.0,91.4415176237899,-0.0012806830567701623,-0.0012806830567701623,-0.001280683056734233,-5.48987145521096e-07
D3_100P_lam1,597.0,91.5949429889305,-0.0012812690066028548,-0.0012812690066028548,-0.0012812690065402421,-6.600452024940751e-07
D3_100P_lam1,598.0,91.74836835407109,-0.00128200314715754,-0.00128200314715754,-0.0012820031471392213,-6.391946953954175e-07
D3_100P_lam1,599.0,91.90179371921167,-0.0012825473960224644,-0.0012825473960224644,-0.001282547395931033,-5.243957730272086e-07
D3_100P_lam1,600.0,92.05521908435226,-0.0012830519385752697,-0.0012830519385752697,-0.0012830519386852757,-6.084541723794246e-07
D3_100P_lam1,601.0,92.20864444949285,-0.0012837643043686112,-0.0012837643043686112,-0.0012837643042757918,-6.665327418886591e-07
D3_100P_lam1,602.0,92.36206981463343,-0.0012843850042435312,-0.0012843850042435312,-0.001284385004169053,-5.435016419141903e-07
D3_100P_lam1,603.0,92.51549517977402,-0.0012848513075054706,-0.0012848513075054706,-0.0012848513075596202,-5.49551089079614e-07
D3_100P_lam1,604.0,92.66892054491461,-0.001285484106383415,-0.001285484106383415,-0.0012854841063472122,-6.418479188141646e-07
D3_100P_lam1,605.0,92.82234591005519,-0.001286135003354231,-0.001286135003354231,-0.0012861350033972485,-5.467792902891233e-07
D3_100P_lam1,606.0,92.97577127519578,-0.0012865776648835257,-0.0012865776648835257,-0.0012865776649277905,-4.821201855520485e-07
D3_100P_lam1,607.0,93.12919664033637,-0.0012870992437806453,-0.0012870992437806453,-0.0012870992437683526,-5.895024060009746e-07
D3_100P_lam1,608.0,93.28262200547695,-0.0012877566697690737,-0.0012877566697690737,-0.0012877566697397924,-5.759483769907092e-07
D3_100P_lam1,609.0,93.43604737061754,-0.0012882511405844575,-0.0012882511405844575,-0.001288251140522334,-4.815407237401814e-07
D3_100P_lam1,610.0,93.58947273575814,-0.0012887197511889151,-0.0012887197511889151,-0.0012887197511872728,-5.659947532876686e-07
D3_100P_lam1,611.0,93.74289810089871,-0.0012893831301075491,-0.0012893831301075491,-0.0012893831300289094,-6.314689358077885e-07
D3_100P_lam1,612.0,93.8963234660393,-0.0012899826890565532,-0.0012899826890565532,-0.0012899826890588884,-5.394748541220906e-07
D3_100P_lam1,613.0,94.0497488311799,-0.0012904620796778928,-0.0012904620796778928,-0.0012904620797371535,-5.678254524354998e-07
D3_100P_lam1,614.0,94.20317419632048,-0.0012911183399371493,-0.0012911183399371493,-0.0012911183399637594,-6.86615749145858e-07
D3_100P_lam1,615.0,94.35659956146107,-0.001291835311196132,-0.001291835311196132,-0.0012918353112354453,-6.367045557453821e-07
D3_100P_lam1,616.0,94.51002492660166,-0.0012923917490873656,-0.0012923917490873656,-0.0012923917490752501,-6.001584438308782e-07
D3_100P_lam1,617.0,94.66345029174224,-0.0012930356281092433,-0.0012930356281092433,-0.001293035628123107,-7.194711884039862e-07
D3_100P_lam1,618.0,94.81687565688283,-0.0012938306914428213,-0.0012938306914428213,-0.001293830691452058,-7.233999781419698e-07
D3_100P_lam1,619.0,94.97030102202342,-0.0012944824281300343,-0.0012944824281300343,-0.001294482428079391,-6.307887474577001e-07
D3_100P_lam1,620.0,95.123726387164,-0.0012950922690046285,-0.0012950922690046285,-0.0012950922689469735,-6.994924888203968e-07
D3_100P_lam1,621.0,95.27715175230459,-0.001295881413027764,-0.001295881413027764,-0.0012958814130570318,-7.602637310810678e-07
D3_100P_lam1,622.0,95.43057711744517,-0.001296612796419237,-0.001296612796419237,-0.0012966127964091356,-6.638949798798421e-07
D3_100P_lam1,623.0,95.58400248258576,-0.0012972092029613746,-0.0012972092029613746,-0.0012972092030167914,-6.761036956959288e-07
D3_100P_lam1,624.0,95.73742784772635,-0.001297965003733012,-0.001297965003733012,-0.0012979650038005275,-7.957900720612088e-07
D3_100P_lam1,625.0,95.89085321286693,-0.0012988007832120884,-0.0012988007832120884,-0.0012988007831609139,-7.593167197228468e-07
D3_100P_lam1,626.0,96.04427857800752,-0.0012994836372245942,-0.0012994836372245942,-0.0012994836372399732,-7.259199605869071e-07
D3_100P_lam1,627.0,96.19770394314811,-0.0013002526230347698,-0.0013002526230347698,-0.0013002526230820877,-8.677203595652827e-07
D3_100P_lam1,628.0,96.35112930828869,-0.0013012190779748964,-0.0013012190779748964,-0.0013012190779591037,-9.153057476396498e-07
D3_100P_lam1,629.0,96.50455467342928,-0.0013020832345448576,-0.0013020832345448576,-0.001302083234577367,-8.542981504433556e-07
D3_100P_lam1,630.0,96.65798003856987,-0.0013029276742784212,-0.0013029276742784212,-0.0013029276742599905,-9.666715641287738e-07
D3_100P_lam1,631.0,96.81140540371045,-0.0013040165776713455,-0.0013040165776713455,-0.0013040165777056245,-1.0854305401153397e-06
D3_100P_lam1,632.0,96.96483076885104,-0.0013050985352744044,-0.0013050985352744044,-0.0013050985353402211,-1.0186446388615877e-06
D3_100P_lam1,633.0,97.11825613399164,-0.001306053866943311,-0.001306053866943311,-0.0013060538669833477,-1.052811796853348e-06
D3_100P_lam1,634.0,97.27168149913221,-0.0013072041588513468,-0.0013072041588513468,-0.0013072041589339278,-1.2022007922496414e-06
D3_100P_lam1,635.0,97.4251068642728,-0.0013084582685617976,-0.0013084582685617976,-0.001308458268567847,-1.167250843536749e-06
D3_100P_lam1,636.0,97.5785322294134,-0.0013095386605868069,-0.0013095386605868069,-0.0013095386606210013,-1.1266278079347103e-06
D3_100P_lam1,637.0,97.73195759455398,-0.0013107115240903933,-0.0013107115240903933,-0.0013107115241837164,-1.2794811254934757e-06
D3_100P_lam1,638.0,97.88538295969457,-0.001312097622926022,-0.001312097622926022,-0.0013120976228719883,-1.3229812907411542e-06
D3_100P_lam1,639.0,98.03880832483516,-0.0013133574867397386,-0.0013133574867397386,-0.0013133574867651987,-1.2484077274166339e-06
D3_100P_lam1,640.0,98.19223368997574,-0.0013145944383618669,-0.0013145944383618669,-0.0013145944383268215,-1.3731177546105755e-06
D3_100P_lam1,641.0,98.34565905511633,-0.0013161037222714546,-0.0013161037222714546,-0.0013161037222744199,-1.5041047731756407e-06
D3_100P_lam1,642.0,98.49908442025692,-0.0013176026478954545,-0.0013176026478954545,-0.0013176026478731728,-1.4387795204129361e-06
D3_100P_lam1,643.0,98.6525097853975,-0.0013189812812906846,-0.0013189812812906846,-0.0013189812813152457,-1.5005254567768134e-06
D3_100P_lam1,644.0,98.80593515053809,-0.001320603698721804,-0.001320603698721804,-0.0013206036987867265,-1.6818906942717149e-06
D3_100P_lam1,645.0,98.95936051567868,-0.0013223450627597542,-0.0013223450627597542,-0.0013223450627037892,-1.6524646184734593e-06
D3_100P_lam1,646.0,99.11278588081926,-0.0013239086280272384,-0.0013239086280272384,-0.0013239086280236734,-1.6261736277556338e-06
D3_100P_lam1,647.0,99.26621124595985,-0.0013255974099963634,-0.0013255974099963634,-0.0013255974099593004,-1.7971653392123699e-06
D3_100P_lam1,648.0,99.41963661110044,-0.0013275029586890057,-0.0013275029586890057,-0.0013275029587020981,-1.826890525080671e-06
D3_100P_lam1,649.0,99.57306197624102,-0.0013292511909592832,-0.0013292511909592832,-0.0013292511910094618,-1.7411723547411384e-06
D3_100P_lam1,650.0,99.72648734138161,-0.0013309853033801986,-0.0013309853033801986,-0.0013309853034115804,-1.872770610589214e-06
D3_100P_lam1,651.0,99.8799127065222,-0.001332996732215547,-0.001332996732215547,-0.0013329967322306402,-2.0114288190598018e-06
