root,rel_path,abs_path,ext,size,mtime_iso,sha1
F:\quantule_mapper\docs,ADAPTIVE_HUNT_CALIBRATION_001.md,F:\quantule_mapper\docs\ADAPTIVE_HUNT_CALIBRATION_001.md,.md,3019,2026-06-20T01:19:07,
F:\quantule_mapper\docs,AFIELD_BASELINE_NOTE.md,F:\quantule_mapper\docs\AFIELD_BASELINE_NOTE.md,.md,2262,2026-06-19T14:47:32,
F:\quantule_mapper\docs,AFIELD_CURRENT_COUPLED_RFC.md,F:\quantule_mapper\docs\AFIELD_CURRENT_COUPLED_RFC.md,.md,6369,2026-06-20T22:38:05,
F:\quantule_mapper\docs,AFIELD_READINESS.md,F:\quantule_mapper\docs\AFIELD_READINESS.md,.md,3688,2026-06-19T14:40:11,
F:\quantule_mapper\docs,ANISOTROPIC_METRIC_TENSOR_RFC.md,F:\quantule_mapper\docs\ANISOTROPIC_METRIC_TENSOR_RFC.md,.md,4236,2026-06-21T09:51:42,
F:\quantule_mapper\docs,ASTE_V11_Static_Analysis.json,F:\quantule_mapper\docs\ASTE_V11_Static_Analysis.json,.json,6125,2026-02-20T10:33:30,
F:\quantule_mapper\docs,AUTHOR_RESEARCH_TIMELINE_AND_METHOD.md,F:\quantule_mapper\docs\AUTHOR_RESEARCH_TIMELINE_AND_METHOD.md,.md,6526,2026-07-10T23:26:10,
F:\quantule_mapper\docs,BASELINE_AUDIT.md,F:\quantule_mapper\docs\BASELINE_AUDIT.md,.md,4386,2026-07-02T20:57:08,
F:\quantule_mapper\docs,BASELINE_AUDIT_ARCHITECTURE.md,F:\quantule_mapper\docs\BASELINE_AUDIT_ARCHITECTURE.md,.md,6454,2026-07-02T20:56:25,
F:\quantule_mapper\docs,BASELINE_AUDIT_NUMERICAL.md,F:\quantule_mapper\docs\BASELINE_AUDIT_NUMERICAL.md,.md,8012,2026-07-02T20:51:41,
F:\quantule_mapper\docs,BASELINE_AUDIT_PHYSICS.md,F:\quantule_mapper\docs\BASELINE_AUDIT_PHYSICS.md,.md,7958,2026-07-02T20:45:57,
F:\quantule_mapper\docs,BASELINE_AUDIT_VALIDATION.md,F:\quantule_mapper\docs\BASELINE_AUDIT_VALIDATION.md,.md,6282,2026-07-02T20:53:28,
F:\quantule_mapper\docs,BASELINE_HARDENING_PLAN.md,F:\quantule_mapper\docs\BASELINE_HARDENING_PLAN.md,.md,13670,2026-07-04T04:53:49,
F:\quantule_mapper\docs,BASELINE_REPRODUCTION_RUNBOOK.md,F:\quantule_mapper\docs\BASELINE_REPRODUCTION_RUNBOOK.md,.md,4321,2026-07-03T01:59:13,
F:\quantule_mapper\docs,BASELINE_REVIEW_PLAN.md,F:\quantule_mapper\docs\BASELINE_REVIEW_PLAN.md,.md,6855,2026-07-02T20:18:42,
F:\quantule_mapper\docs,current_state.json,F:\quantule_mapper\docs\current_state.json,.json,2571,2026-02-20T10:28:05,
F:\quantule_mapper\docs,DATA_CONTRACT.md,F:\quantule_mapper\docs\DATA_CONTRACT.md,.md,15776,2026-06-18T14:24:55,
F:\quantule_mapper\docs,EVIDENCE_ARCHIVE_RECIPE.md,F:\quantule_mapper\docs\EVIDENCE_ARCHIVE_RECIPE.md,.md,3520,2026-07-03T02:19:41,
F:\quantule_mapper\docs,EVIDENCE_INVENTORY.md,F:\quantule_mapper\docs\EVIDENCE_INVENTORY.md,.md,6772,2026-07-02T20:32:33,
F:\quantule_mapper\docs,FEB56DC7_BOUND_STATE_CHARACTERIZATION.md,F:\quantule_mapper\docs\FEB56DC7_BOUND_STATE_CHARACTERIZATION.md,.md,4759,2026-06-22T18:43:30,
F:\quantule_mapper\docs,finalisation_plan.json,F:\quantule_mapper\docs\finalisation_plan.json,.json,24406,2026-02-20T09:42:43,
F:\quantule_mapper\docs,FIRST_LIVE_HUNTER_RUN_PLAN.md,F:\quantule_mapper\docs\FIRST_LIVE_HUNTER_RUN_PLAN.md,.md,4863,2026-07-04T04:53:55,
F:\quantule_mapper\docs,FIRST_LIVE_HUNTER_RUN_RESULTS.md,F:\quantule_mapper\docs\FIRST_LIVE_HUNTER_RUN_RESULTS.md,.md,3277,2026-07-04T04:53:39,
F:\quantule_mapper\docs,FMIA_TRANSFER_DIAGNOSTIC_FINDING.md,F:\quantule_mapper\docs\FMIA_TRANSFER_DIAGNOSTIC_FINDING.md,.md,31158,2026-06-21T09:23:45,
F:\quantule_mapper\docs,FUTURE_WORK_AND_EXTERNAL_VALIDATION_PLAN.md,F:\quantule_mapper\docs\FUTURE_WORK_AND_EXTERNAL_VALIDATION_PLAN.md,.md,23112,2026-07-14T11:21:33,
F:\quantule_mapper\docs,GPU_RUNBOOK.md,F:\quantule_mapper\docs\GPU_RUNBOOK.md,.md,7787,2026-06-18T17:50:17,
F:\quantule_mapper\docs,GRAVITY_AUDIT_A_RINT_RESULTS.md,F:\quantule_mapper\docs\GRAVITY_AUDIT_A_RINT_RESULTS.md,.md,12102,2026-07-12T23:58:45,
F:\quantule_mapper\docs,GRAVITY_AUDIT_C_CLOCK_RESULTS.md,F:\quantule_mapper\docs\GRAVITY_AUDIT_C_CLOCK_RESULTS.md,.md,9162,2026-07-13T10:47:24,
F:\quantule_mapper\docs,GRAVITY_AUDIT_D_PROBE_RESULTS.md,F:\quantule_mapper\docs\GRAVITY_AUDIT_D_PROBE_RESULTS.md,.md,5636,2026-07-14T06:39:25,
F:\quantule_mapper\docs,GRAVITY_D_EFFECTIVE_MEDIUM_CODEX_REPLICATION.md,F:\quantule_mapper\docs\GRAVITY_D_EFFECTIVE_MEDIUM_CODEX_REPLICATION.md,.md,10154,2026-07-13T19:19:47,
F:\quantule_mapper\docs,GRAVITY_D_EFFECTIVE_MEDIUM_DYNAMICS_CHARACTERIZATION.md,F:\quantule_mapper\docs\GRAVITY_D_EFFECTIVE_MEDIUM_DYNAMICS_CHARACTERIZATION.md,.md,7624,2026-07-14T06:39:48,
F:\quantule_mapper\docs,GRAVITY_D_EFFECTIVE_MEDIUM_ROBUSTNESS_CLOSURE.md,F:\quantule_mapper\docs\GRAVITY_D_EFFECTIVE_MEDIUM_ROBUSTNESS_CLOSURE.md,.md,5887,2026-07-13T21:32:21,
F:\quantule_mapper\docs,GRAVITY_D_EFFECTIVE_MEDIUM_ROBUSTNESS_FIRST_PASS.md,F:\quantule_mapper\docs\GRAVITY_D_EFFECTIVE_MEDIUM_ROBUSTNESS_FIRST_PASS.md,.md,7837,2026-07-13T20:31:21,
F:\quantule_mapper\docs,GRAVITY_LADDER_CODEX_HANDOFF.md,F:\quantule_mapper\docs\GRAVITY_LADDER_CODEX_HANDOFF.md,.md,4647,2026-07-09T22:31:44,
F:\quantule_mapper\docs,GRAVITY_LADDER_GEOMETRY_DECISION.md,F:\quantule_mapper\docs\GRAVITY_LADDER_GEOMETRY_DECISION.md,.md,5231,2026-07-10T00:21:01,
F:\quantule_mapper\docs,GRAVITY_TS_TEMPORAL_SPATIAL_BRIDGE_AUDIT.md,F:\quantule_mapper\docs\GRAVITY_TS_TEMPORAL_SPATIAL_BRIDGE_AUDIT.md,.md,8652,2026-07-14T10:02:23,
F:\quantule_mapper\docs,HUNTER_REAIM_DESIGN_SPEC.md,F:\quantule_mapper\docs\HUNTER_REAIM_DESIGN_SPEC.md,.md,7146,2026-07-03T08:42:23,
F:\quantule_mapper\docs,HUNTER_REAIM_IMPLEMENTATION_NOTES.md,F:\quantule_mapper\docs\HUNTER_REAIM_IMPLEMENTATION_NOTES.md,.md,3332,2026-07-03T09:47:42,
F:\quantule_mapper\docs,HUNTER_REAIM_OFFLINE_RESCORE.md,F:\quantule_mapper\docs\HUNTER_REAIM_OFFLINE_RESCORE.md,.md,3760,2026-07-03T09:26:43,
F:\quantule_mapper\docs,HUNTER_REAIM_REDISCOVERY_RESULTS.md,F:\quantule_mapper\docs\HUNTER_REAIM_REDISCOVERY_RESULTS.md,.md,10796,2026-07-03T22:30:06,
F:\quantule_mapper\docs,IRER_GEOMETRY_DENSITY_GRAVITY_RFC.md,F:\quantule_mapper\docs\IRER_GEOMETRY_DENSITY_GRAVITY_RFC.md,.md,10168,2026-07-09T21:49:44,
F:\quantule_mapper\docs,IRER_GRAVITY_AUDIT_B_METRIC_DESIGN.md,F:\quantule_mapper\docs\IRER_GRAVITY_AUDIT_B_METRIC_DESIGN.md,.md,6069,2026-07-13T00:01:14,
F:\quantule_mapper\docs,IRER_GRAVITY_REENTRY_AUDIT_AND_VALIDATION_PLAN.md,F:\quantule_mapper\docs\IRER_GRAVITY_REENTRY_AUDIT_AND_VALIDATION_PLAN.md,.md,13756,2026-07-14T11:21:40,
F:\quantule_mapper\docs,IRER_GRAVITY_RUNG_A_D_RESULTS.md,F:\quantule_mapper\docs\IRER_GRAVITY_RUNG_A_D_RESULTS.md,.md,6739,2026-07-09T22:31:10,
F:\quantule_mapper\docs,IRER_MASTER_HYPOTHESIS_CATALOG.md,F:\quantule_mapper\docs\IRER_MASTER_HYPOTHESIS_CATALOG.md,.md,36091,2026-07-19T00:55:40,
F:\quantule_mapper\docs,IRER_MATH_REFERENCE.md,F:\quantule_mapper\docs\IRER_MATH_REFERENCE.md,.md,15904,2026-06-17T23:52:46,
F:\quantule_mapper\docs,IRER_MATH_SANITY_CHECK.md,F:\quantule_mapper\docs\IRER_MATH_SANITY_CHECK.md,.md,18931,2026-06-18T14:44:02,
F:\quantule_mapper\docs,LEGACY_CANDIDATE_NEGATIVE_RESULT.md,F:\quantule_mapper\docs\LEGACY_CANDIDATE_NEGATIVE_RESULT.md,.md,4052,2026-06-19T19:22:12,
F:\quantule_mapper\docs,LEGACY_SCRIPT_INVENTORY.md,F:\quantule_mapper\docs\LEGACY_SCRIPT_INVENTORY.md,.md,3277,2026-07-03T08:23:19,
F:\quantule_mapper\docs,MATHS_VERIFICATION.md,F:\quantule_mapper\docs\MATHS_VERIFICATION.md,.md,10419,2026-06-24T22:09:20,
F:\quantule_mapper\docs,MCP_TOOLS_SPEC.md,F:\quantule_mapper\docs\MCP_TOOLS_SPEC.md,.md,23461,2026-06-18T14:49:08,
F:\quantule_mapper\docs,new_suggestions.json,F:\quantule_mapper\docs\new_suggestions.json,.json,28338,2026-02-21T11:32:59,
F:\quantule_mapper\docs,OUTPUT_HIERARCHY.md,F:\quantule_mapper\docs\OUTPUT_HIERARCHY.md,.md,8593,2026-06-18T12:39:24,
F:\quantule_mapper\docs,PAYAN_DERIVATION_PASSIVE_DIAGNOSTIC.md,F:\quantule_mapper\docs\PAYAN_DERIVATION_PASSIVE_DIAGNOSTIC.md,.md,8369,2026-06-21T21:31:58,
F:\quantule_mapper\docs,PAYAN_PHASE_ALIGNMENT_RFC.md,F:\quantule_mapper\docs\PAYAN_PHASE_ALIGNMENT_RFC.md,.md,8707,2026-06-21T22:56:08,
F:\quantule_mapper\docs,PHASE_C_ADIABATIC_DRAG_DESIGN.md,F:\quantule_mapper\docs\PHASE_C_ADIABATIC_DRAG_DESIGN.md,.md,4157,2026-07-02T14:09:04,
F:\quantule_mapper\docs,PHASE_C_ADIABATIC_DRAG_MORPHOLOGY_RESULTS.md,F:\quantule_mapper\docs\PHASE_C_ADIABATIC_DRAG_MORPHOLOGY_RESULTS.md,.md,3689,2026-07-02T18:09:41,
F:\quantule_mapper\docs,PHASE_C_COLLAPSE_RUNAWAY_DIAGNOSTIC.md,F:\quantule_mapper\docs\PHASE_C_COLLAPSE_RUNAWAY_DIAGNOSTIC.md,.md,8352,2026-06-23T15:43:45,
F:\quantule_mapper\docs,PHASE_C_DOSSIER.md,F:\quantule_mapper\docs\PHASE_C_DOSSIER.md,.md,11147,2026-06-28T00:27:56,
F:\quantule_mapper\docs,PHASE_C_FEB_BASIN_RESULTS.md,F:\quantule_mapper\docs\PHASE_C_FEB_BASIN_RESULTS.md,.md,6972,2026-06-25T18:48:46,
F:\quantule_mapper\docs,PHASE_C_FEB_BASIN_SEARCH_PLAN.md,F:\quantule_mapper\docs\PHASE_C_FEB_BASIN_SEARCH_PLAN.md,.md,3134,2026-06-25T12:27:18,
F:\quantule_mapper\docs,PHASE_C_FEB_PARAMETER_BASIN_CONSOLIDATED_ANALYSIS.md,F:\quantule_mapper\docs\PHASE_C_FEB_PARAMETER_BASIN_CONSOLIDATED_ANALYSIS.md,.md,9116,2026-06-26T17:10:46,
F:\quantule_mapper\docs,PHASE_C_FINAL_DOSSIER.md,F:\quantule_mapper\docs\PHASE_C_FINAL_DOSSIER.md,.md,8479,2026-07-02T19:32:43,
F:\quantule_mapper\docs,PHASE_C_GAIN_LADDER_RESULTS.md,F:\quantule_mapper\docs\PHASE_C_GAIN_LADDER_RESULTS.md,.md,4455,2026-07-02T00:29:45,
F:\quantule_mapper\docs,PHASE_C_GATE_CALIBRATION_SUMMARY.md,F:\quantule_mapper\docs\PHASE_C_GATE_CALIBRATION_SUMMARY.md,.md,3237,2026-07-03T02:20:08,
F:\quantule_mapper\docs,PHASE_C_GATE_V3_BREATHING_BOUND_STATE.md,F:\quantule_mapper\docs\PHASE_C_GATE_V3_BREATHING_BOUND_STATE.md,.md,5304,2026-06-25T19:15:47,
F:\quantule_mapper\docs,PHASE_C_HIGH_MASS_K1_K6_COMPARISON.md,F:\quantule_mapper\docs\PHASE_C_HIGH_MASS_K1_K6_COMPARISON.md,.md,5439,2026-06-23T16:22:35,
F:\quantule_mapper\docs,PHASE_C_IC_NORMALIZATION_PILOT.md,F:\quantule_mapper\docs\PHASE_C_IC_NORMALIZATION_PILOT.md,.md,6021,2026-06-23T17:08:24,
F:\quantule_mapper\docs,PHASE_C_JOINT_PARAM_BASIN_RESULTS.md,F:\quantule_mapper\docs\PHASE_C_JOINT_PARAM_BASIN_RESULTS.md,.md,5706,2026-06-27T07:11:37,
F:\quantule_mapper\docs,PHASE_C_JOINT_PARAM_BASIN_STAGE2_RESULTS.md,F:\quantule_mapper\docs\PHASE_C_JOINT_PARAM_BASIN_STAGE2_RESULTS.md,.md,5679,2026-06-27T16:52:51,
F:\quantule_mapper\docs,PHASE_C_KICK_INERTIA_AND_OPERATOR_FINDING.md,F:\quantule_mapper\docs\PHASE_C_KICK_INERTIA_AND_OPERATOR_FINDING.md,.md,5872,2026-07-02T14:06:19,
F:\quantule_mapper\docs,PHASE_C_K_VARIED_SATURATION_HUNT.md,F:\quantule_mapper\docs\PHASE_C_K_VARIED_SATURATION_HUNT.md,.md,13547,2026-06-23T11:06:44,
F:\quantule_mapper\docs,PHASE_C_MASS_NORMALIZATION_RESOLUTION_AUDIT.md,F:\quantule_mapper\docs\PHASE_C_MASS_NORMALIZATION_RESOLUTION_AUDIT.md,.md,3467,2026-06-23T23:29:21,
F:\quantule_mapper\docs,PHASE_C_MASS_THRESHOLD_N96_SCALED_VALIDATION.md,F:\quantule_mapper\docs\PHASE_C_MASS_THRESHOLD_N96_SCALED_VALIDATION.md,.md,8580,2026-06-23T23:29:21,
F:\quantule_mapper\docs,PHASE_C_MASS_THRESHOLD_N96_VALIDATION.md,F:\quantule_mapper\docs\PHASE_C_MASS_THRESHOLD_N96_VALIDATION.md,.md,11303,2026-06-23T23:29:40,
F:\quantule_mapper\docs,PHASE_C_MASS_THRESHOLD_PILOT.md,F:\quantule_mapper\docs\PHASE_C_MASS_THRESHOLD_PILOT.md,.md,7621,2026-06-23T19:06:29,
F:\quantule_mapper\docs,PHASE_C_MASS_THRESHOLD_TRACE_COMPARISON.md,F:\quantule_mapper\docs\PHASE_C_MASS_THRESHOLD_TRACE_COMPARISON.md,.md,6697,2026-06-23T19:06:29,
F:\quantule_mapper\docs,PHASE_C_METHOD_PARITY_AUDIT.md,F:\quantule_mapper\docs\PHASE_C_METHOD_PARITY_AUDIT.md,.md,9448,2026-06-23T10:38:47,
F:\quantule_mapper\docs,PHASE_C_MOBILITY_ENDPOINT.md,F:\quantule_mapper\docs\PHASE_C_MOBILITY_ENDPOINT.md,.md,4366,2026-07-02T19:31:48,
F:\quantule_mapper\docs,PHASE_C_N96_CURRENT_CLOSURE_ANALYSIS.md,F:\quantule_mapper\docs\PHASE_C_N96_CURRENT_CLOSURE_ANALYSIS.md,.md,14898,2026-06-25T01:33:37,
F:\quantule_mapper\docs,PHASE_C_N96_OVERNIGHT_REVIEW.md,F:\quantule_mapper\docs\PHASE_C_N96_OVERNIGHT_REVIEW.md,.md,11069,2026-06-25T12:04:32,
F:\quantule_mapper\docs,PHASE_C_N96_VALIDATION_PLAN.md,F:\quantule_mapper\docs\PHASE_C_N96_VALIDATION_PLAN.md,.md,3539,2026-06-23T11:07:04,
F:\quantule_mapper\docs,PHASE_C_NODE_LIBRARY_PLAN.md,F:\quantule_mapper\docs\PHASE_C_NODE_LIBRARY_PLAN.md,.md,4758,2026-07-04T14:28:48,
F:\quantule_mapper\docs,PHASE_C_NODE_LIBRARY_RESULTS.md,F:\quantule_mapper\docs\PHASE_C_NODE_LIBRARY_RESULTS.md,.md,4103,2026-07-04T14:33:58,
F:\quantule_mapper\docs,PHASE_C_OPTION_B_ANALYSIS.md,F:\quantule_mapper\docs\PHASE_C_OPTION_B_ANALYSIS.md,.md,6713,2026-06-24T18:50:06,
F:\quantule_mapper\docs,PHASE_C_OPTION_B_N96_STAGE1_RESULTS.md,F:\quantule_mapper\docs\PHASE_C_OPTION_B_N96_STAGE1_RESULTS.md,.md,8224,2026-06-24T23:23:19,
F:\quantule_mapper\docs,PHASE_C_OPTION_B_N96_VALIDATION_PLAN.md,F:\quantule_mapper\docs\PHASE_C_OPTION_B_N96_VALIDATION_PLAN.md,.md,13026,2026-06-24T21:47:21,
F:\quantule_mapper\docs,PHASE_C_PARAM_BASIN_BATTERY_PLAN.md,F:\quantule_mapper\docs\PHASE_C_PARAM_BASIN_BATTERY_PLAN.md,.md,3579,2026-06-25T19:18:14,
F:\quantule_mapper\docs,PHASE_C_PARAM_BASIN_RESULTS.md,F:\quantule_mapper\docs\PHASE_C_PARAM_BASIN_RESULTS.md,.md,5071,2026-06-26T12:11:59,
F:\quantule_mapper\docs,PHASE_C_RESEARCH_STRATEGY_AND_FALSIFICATION.md,F:\quantule_mapper\docs\PHASE_C_RESEARCH_STRATEGY_AND_FALSIFICATION.md,.md,9776,2026-06-26T22:08:55,
F:\quantule_mapper\docs,PHASE_C_SCOPE_RECONCILIATION.md,F:\quantule_mapper\docs\PHASE_C_SCOPE_RECONCILIATION.md,.md,7008,2026-07-02T20:08:40,
F:\quantule_mapper\docs,PHASE_C_STABILITY_GATE_CALIBRATION.md,F:\quantule_mapper\docs\PHASE_C_STABILITY_GATE_CALIBRATION.md,.md,6072,2026-06-25T18:49:17,
F:\quantule_mapper\docs,PHASE_C_STRUCTURED_DISCOVERY_OPTION_B.md,F:\quantule_mapper\docs\PHASE_C_STRUCTURED_DISCOVERY_OPTION_B.md,.md,12098,2026-06-24T15:58:40,
F:\quantule_mapper\docs,PHASE_C_T24000_CORE_DELINEATION.md,F:\quantule_mapper\docs\PHASE_C_T24000_CORE_DELINEATION.md,.md,3456,2026-06-28T00:27:45,
F:\quantule_mapper\docs,PHASE_C_THRESHOLD_BRANCH_ROBUSTNESS.md,F:\quantule_mapper\docs\PHASE_C_THRESHOLD_BRANCH_ROBUSTNESS.md,.md,4958,2026-06-24T08:36:07,
F:\quantule_mapper\docs,PHASE_C_VALIDATION_STACK_AUDIT.md,F:\quantule_mapper\docs\PHASE_C_VALIDATION_STACK_AUDIT.md,.md,7439,2026-06-26T12:31:17,
F:\quantule_mapper\docs,PHASE_C_VISUAL_ANALYSIS_PACK.md,F:\quantule_mapper\docs\PHASE_C_VISUAL_ANALYSIS_PACK.md,.md,5829,2026-06-24T16:26:11,
F:\quantule_mapper\docs,PHASE_D6_REDUCED_NODE_MODEL_PLAN.md,F:\quantule_mapper\docs\PHASE_D6_REDUCED_NODE_MODEL_PLAN.md,.md,3449,2026-07-04T18:46:33,
F:\quantule_mapper\docs,PHASE_D6_REDUCED_NODE_MODEL_RESULTS.md,F:\quantule_mapper\docs\PHASE_D6_REDUCED_NODE_MODEL_RESULTS.md,.md,3870,2026-07-04T18:49:07,
F:\quantule_mapper\docs,PHASE_D_C1_RESULTS.md,F:\quantule_mapper\docs\PHASE_D_C1_RESULTS.md,.md,5173,2026-07-04T13:15:22,
F:\quantule_mapper\docs,PHASE_D_C2PRIME_CANONICAL_GEOMETRY_RFC.md,F:\quantule_mapper\docs\PHASE_D_C2PRIME_CANONICAL_GEOMETRY_RFC.md,.md,8411,2026-07-09T01:42:25,
F:\quantule_mapper\docs,PHASE_D_C2_10_ANTIPHASE_COLLISION_RESULTS.md,F:\quantule_mapper\docs\PHASE_D_C2_10_ANTIPHASE_COLLISION_RESULTS.md,.md,8584,2026-07-12T18:35:34,
F:\quantule_mapper\docs,PHASE_D_C2_2_LOSS_SOURCE_RESULTS.md,F:\quantule_mapper\docs\PHASE_D_C2_2_LOSS_SOURCE_RESULTS.md,.md,8898,2026-07-08T18:30:09,
F:\quantule_mapper\docs,PHASE_D_C2_3_QUASISOLITON_TRANSPORT_RESULTS.md,F:\quantule_mapper\docs\PHASE_D_C2_3_QUASISOLITON_TRANSPORT_RESULTS.md,.md,6892,2026-07-09T01:20:27,
F:\quantule_mapper\docs,PHASE_D_C2_4_LOCAL_BOOST_RESULTS.md,F:\quantule_mapper\docs\PHASE_D_C2_4_LOCAL_BOOST_RESULTS.md,.md,5450,2026-07-09T02:55:45,
F:\quantule_mapper\docs,PHASE_D_C2_5_FAMILY_SCOUT_PLAN.md,F:\quantule_mapper\docs\PHASE_D_C2_5_FAMILY_SCOUT_PLAN.md,.md,3577,2026-07-09T10:29:38,
F:\quantule_mapper\docs,PHASE_D_C2_6_CODEX_AUDIT_HANDOVER.md,F:\quantule_mapper\docs\PHASE_D_C2_6_CODEX_AUDIT_HANDOVER.md,.md,2870,2026-07-09T11:17:38,
F:\quantule_mapper\docs,PHASE_D_C2_6_GEOMETRY_OFF_BUG_REPORT.md,F:\quantule_mapper\docs\PHASE_D_C2_6_GEOMETRY_OFF_BUG_REPORT.md,.md,6437,2026-07-09T11:09:02,
F:\quantule_mapper\docs,PHASE_D_C2_7_REDERIVATION_RESULTS.md,F:\quantule_mapper\docs\PHASE_D_C2_7_REDERIVATION_RESULTS.md,.md,4382,2026-07-09T12:16:01,
F:\quantule_mapper\docs,PHASE_D_C2_8_AND_C2_6_CODEX_HANDOVER.md,F:\quantule_mapper\docs\PHASE_D_C2_8_AND_C2_6_CODEX_HANDOVER.md,.md,8932,2026-07-09T15:48:22,
F:\quantule_mapper\docs,PHASE_D_C2_8_TWONODE_RESULTS.md,F:\quantule_mapper\docs\PHASE_D_C2_8_TWONODE_RESULTS.md,.md,7928,2026-07-09T17:41:02,
F:\quantule_mapper\docs,PHASE_D_C2_9_TWONODE_ROBUST_RESULTS.md,F:\quantule_mapper\docs\PHASE_D_C2_9_TWONODE_ROBUST_RESULTS.md,.md,4670,2026-07-09T21:12:57,
F:\quantule_mapper\docs,PHASE_D_C2_CONTRACT_REVIEW.md,F:\quantule_mapper\docs\PHASE_D_C2_CONTRACT_REVIEW.md,.md,8329,2026-07-08T18:29:51,
F:\quantule_mapper\docs,PHASE_D_C2_NATIVE_SOLITON_RESULTS.md,F:\quantule_mapper\docs\PHASE_D_C2_NATIVE_SOLITON_RESULTS.md,.md,7208,2026-07-05T04:10:41,
F:\quantule_mapper\docs,PHASE_D_C2_RESULTS.md,F:\quantule_mapper\docs\PHASE_D_C2_RESULTS.md,.md,3983,2026-07-04T19:49:39,
F:\quantule_mapper\docs,PHASE_D_C2_TRANSPORT_BRANCH_PLAN.md,F:\quantule_mapper\docs\PHASE_D_C2_TRANSPORT_BRANCH_PLAN.md,.md,3499,2026-07-04T19:16:52,
F:\quantule_mapper\docs,PHASE_D_C3_COLLISION_LADDER_RESULTS.md,F:\quantule_mapper\docs\PHASE_D_C3_COLLISION_LADDER_RESULTS.md,.md,8737,2026-07-10T16:19:35,
F:\quantule_mapper\docs,PHASE_D_C3_TWOQBALL_RESULTS.md,F:\quantule_mapper\docs\PHASE_D_C3_TWOQBALL_RESULTS.md,.md,4224,2026-07-10T02:34:13,
F:\quantule_mapper\docs,PHASE_D_C3_WAVE_KINETIC_RESULTS.md,F:\quantule_mapper\docs\PHASE_D_C3_WAVE_KINETIC_RESULTS.md,.md,6324,2026-07-10T02:03:37,
F:\quantule_mapper\docs,PHASE_D_C3_WAVE_KINETIC_RFC.md,F:\quantule_mapper\docs\PHASE_D_C3_WAVE_KINETIC_RFC.md,.md,6503,2026-07-09T10:27:17,
F:\quantule_mapper\docs,PHASE_D_CLOSEOUT_CONSOLIDATION.md,F:\quantule_mapper\docs\PHASE_D_CLOSEOUT_CONSOLIDATION.md,.md,8824,2026-07-09T21:48:42,
F:\quantule_mapper\docs,PHASE_D_FORMALISM_GAP_REVIEW.md,F:\quantule_mapper\docs\PHASE_D_FORMALISM_GAP_REVIEW.md,.md,8684,2026-07-03T00:34:29,
F:\quantule_mapper\docs,PHASE_D_KINETIC_OPERATOR_RFC.md,F:\quantule_mapper\docs\PHASE_D_KINETIC_OPERATOR_RFC.md,.md,12261,2026-07-04T13:15:37,
F:\quantule_mapper\docs,PHASE_D_NODE_COUPLING_RESULTS.md,F:\quantule_mapper\docs\PHASE_D_NODE_COUPLING_RESULTS.md,.md,4190,2026-07-04T14:43:10,
F:\quantule_mapper\docs,PHASE_D_STRESS_TENSOR_BRIDGE_PLAN.md,F:\quantule_mapper\docs\PHASE_D_STRESS_TENSOR_BRIDGE_PLAN.md,.md,6073,2026-07-04T13:56:24,
F:\quantule_mapper\docs,PHASE_D_STRESS_TENSOR_BRIDGE_RESULTS.md,F:\quantule_mapper\docs\PHASE_D_STRESS_TENSOR_BRIDGE_RESULTS.md,.md,3946,2026-07-04T14:02:07,
F:\quantule_mapper\docs,PHASE_D_TRANSPORT_SECTOR_PLAN.md,F:\quantule_mapper\docs\PHASE_D_TRANSPORT_SECTOR_PLAN.md,.md,6294,2026-07-04T13:55:40,
F:\quantule_mapper\docs,PHASE_D_TWONODE_DYNAMICS_RESULTS.md,F:\quantule_mapper\docs\PHASE_D_TWONODE_DYNAMICS_RESULTS.md,.md,3471,2026-07-04T15:48:58,
F:\quantule_mapper\docs,PRODUCTION_ALIGNMENT_PLAN.md,F:\quantule_mapper\docs\PRODUCTION_ALIGNMENT_PLAN.md,.md,10192,2026-07-03T22:51:05,
F:\quantule_mapper\docs,PRODUCTION_H7_REVALIDATION_RUNBOOK.md,F:\quantule_mapper\docs\PRODUCTION_H7_REVALIDATION_RUNBOOK.md,.md,5527,2026-07-03T22:30:36,
F:\quantule_mapper\docs,RUNBOOK_PHASE_C_AND_VISUALS.md,F:\quantule_mapper\docs\RUNBOOK_PHASE_C_AND_VISUALS.md,.md,15897,2026-06-24T09:43:39,
F:\quantule_mapper\docs,RUN_QUEUE.md,F:\quantule_mapper\docs\RUN_QUEUE.md,.md,64192,2026-07-19T01:52:25,
F:\quantule_mapper\docs,SOLVER_PARITY_ARTIFACT.md,F:\quantule_mapper\docs\SOLVER_PARITY_ARTIFACT.md,.md,3900,2026-07-03T15:43:34,
F:\quantule_mapper\docs,VALIDATION_PATH_RECONCILIATION.md,F:\quantule_mapper\docs\VALIDATION_PATH_RECONCILIATION.md,.md,3291,2026-07-03T22:51:12,
F:\quantule_mapper\docs,VISUAL_ANALYSIS_HANDOVER.md,F:\quantule_mapper\docs\VISUAL_ANALYSIS_HANDOVER.md,.md,10630,2026-06-24T16:36:07,
F:\quantule_mapper\docs,_Declaration of Intellectual Provenance v9.txt,F:\quantule_mapper\docs\_Declaration of Intellectual Provenance v9.txt,.txt,388103,2026-06-17T23:37:32,
F:\quantule_mapper\docs,claud_memory_files\dc-v1-hardening-state.md,F:\quantule_mapper\docs\claud_memory_files\dc-v1-hardening-state.md,.md,3919,2026-06-18T17:51:05,
F:\quantule_mapper\docs,claud_memory_files\feb56dc7-bound-state.md,F:\quantule_mapper\docs\claud_memory_files\feb56dc7-bound-state.md,.md,2080,2026-06-22T18:43:56,
F:\quantule_mapper\docs,claud_memory_files\gl-rotational-core-basin.md,F:\quantule_mapper\docs\claud_memory_files\gl-rotational-core-basin.md,.md,5122,2026-06-22T17:56:15,
F:\quantule_mapper\docs,claud_memory_files\hifi-continuation-vortex-real.md,F:\quantule_mapper\docs\claud_memory_files\hifi-continuation-vortex-real.md,.md,2659,2026-06-21T23:51:18,
F:\quantule_mapper\docs,claud_memory_files\MEMORY.md,F:\quantule_mapper\docs\claud_memory_files\MEMORY.md,.md,1738,2026-06-22T09:15:12,
F:\quantule_mapper\docs,claud_memory_files\no-cupy-dev-box.md,F:\quantule_mapper\docs\claud_memory_files\no-cupy-dev-box.md,.md,1612,2026-06-21T14:23:47,
F:\quantule_mapper\docs,claud_memory_files\payan-diagnostic-defined.md,F:\quantule_mapper\docs\claud_memory_files\payan-diagnostic-defined.md,.md,3932,2026-06-21T22:56:21,
F:\quantule_mapper\docs,claud_memory_files\routing-null-promising-for-payan.md,F:\quantule_mapper\docs\claud_memory_files\routing-null-promising-for-payan.md,.md,3529,2026-06-21T20:50:00,
F:\quantule_mapper\docs,claud_memory_files\stage-b-tensor-geometry-no-support.md,F:\quantule_mapper\docs\claud_memory_files\stage-b-tensor-geometry-no-support.md,.md,2510,2026-06-21T14:23:29,
F:\quantule_mapper\docs,claud_memory_files\test-bench-adaptation.md,F:\quantule_mapper\docs\claud_memory_files\test-bench-adaptation.md,.md,2249,2026-06-18T18:07:49,
F:\quantule_mapper\docs,codex_conservative_c2_campaign_archive\GPU_CAPABILITY_TEST_20260709.md,F:\quantule_mapper\docs\codex_conservative_c2_campaign_archive\GPU_CAPABILITY_TEST_20260709.md,.md,4592,2026-07-10T01:26:49,
F:\quantule_mapper\docs,codex_conservative_c2_campaign_archive\candidate_2node_3node_search\candidate_2node_3node_report.md,F:\quantule_mapper\docs\codex_conservative_c2_campaign_archive\candidate_2node_3node_search\candidate_2node_3node_report.md,.md,14895,2026-07-10T01:26:44,
F:\quantule_mapper\docs,codex_conservative_c2_campaign_archive\conservative_geometry_campaign\campaign_report.md,F:\quantule_mapper\docs\codex_conservative_c2_campaign_archive\conservative_geometry_campaign\campaign_report.md,.md,3083,2026-07-10T01:26:44,
F:\quantule_mapper\docs,codex_conservative_c2_campaign_archive\conservative_geometry_campaign\CONSERVATIVE_C2_HANDOVER_SUMMARY.md,F:\quantule_mapper\docs\codex_conservative_c2_campaign_archive\conservative_geometry_campaign\CONSERVATIVE_C2_HANDOVER_SUMMARY.md,.md,6959,2026-07-10T01:26:44,
F:\quantule_mapper\docs,codex_conservative_c2_campaign_archive\conservative_geometry_campaign\conservative_geometry_medium_N48_T4000_report.md,F:\quantule_mapper\docs\codex_conservative_c2_campaign_archive\conservative_geometry_campaign\conservative_geometry_medium_N48_T4000_report.md,.md,3083,2026-07-10T01:26:44,
F:\quantule_mapper\docs,codex_conservative_c2_campaign_archive\conservative_geometry_campaign\conservative_invariant_audit_report.md,F:\quantule_mapper\docs\codex_conservative_c2_campaign_archive\conservative_geometry_campaign\conservative_invariant_audit_report.md,.md,2534,2026-07-10T01:26:44,
F:\quantule_mapper\docs,codex_conservative_c2_campaign_archive\conservative_geometry_campaign\norm_loss_isolation\conservative_norm_loss_isolation_report.md,F:\quantule_mapper\docs\codex_conservative_c2_campaign_archive\conservative_geometry_campaign\norm_loss_isolation\conservative_norm_loss_isolation_report.md,.md,2368,2026-07-10T01:26:44,
F:\quantule_mapper\docs,codex_conservative_c2_campaign_archive\conservative_geometry_campaign\rhs_flux_source_isolation\rhs_flux_source_isolation_report.md,F:\quantule_mapper\docs\codex_conservative_c2_campaign_archive\conservative_geometry_campaign\rhs_flux_source_isolation\rhs_flux_source_isolation_report.md,.md,1367,2026-07-10T01:26:44,
F:\quantule_mapper\docs,codex_conservative_c2_campaign_archive\conservative_geometry_campaign\rhs_flux_source_isolation\safety_checkpoint.md,F:\quantule_mapper\docs\codex_conservative_c2_campaign_archive\conservative_geometry_campaign\rhs_flux_source_isolation\safety_checkpoint.md,.md,1124,2026-07-10T01:26:45,
F:\quantule_mapper\docs,codex_conservative_c2_campaign_archive\conservative_geometry_campaign\rhs_term_flux_decomposition_20260708_113656\c2_conservative_contract_implication_review.md,F:\quantule_mapper\docs\codex_conservative_c2_campaign_archive\conservative_geometry_campaign\rhs_term_flux_decomposition_20260708_113656\c2_conservative_contract_implication_review.md,.md,1565,2026-07-10T01:26:45,
F:\quantule_mapper\docs,codex_conservative_c2_campaign_archive\conservative_geometry_campaign\rhs_term_flux_decomposition_20260708_113656\c2_nonlinear_rhs_source_map.md,F:\quantule_mapper\docs\codex_conservative_c2_campaign_archive\conservative_geometry_campaign\rhs_term_flux_decomposition_20260708_113656\c2_nonlinear_rhs_source_map.md,.md,2328,2026-07-10T01:26:45,
F:\quantule_mapper\docs,codex_conservative_c2_campaign_archive\conservative_geometry_campaign\rhs_term_flux_decomposition_20260708_113656\rhs_operator_adjoint_audit_report.md,F:\quantule_mapper\docs\codex_conservative_c2_campaign_archive\conservative_geometry_campaign\rhs_term_flux_decomposition_20260708_113656\rhs_operator_adjoint_audit_report.md,.md,356,2026-07-10T01:26:45,
F:\quantule_mapper\docs,codex_conservative_c2_campaign_archive\conservative_geometry_campaign\rhs_term_flux_decomposition_20260708_113656\rhs_term_flux_decomposition_final_report.md,F:\quantule_mapper\docs\codex_conservative_c2_campaign_archive\conservative_geometry_campaign\rhs_term_flux_decomposition_20260708_113656\rhs_term_flux_decomposition_final_report.md,.md,861,2026-07-10T01:26:45,
F:\quantule_mapper\docs,codex_conservative_c2_campaign_archive\conservative_geometry_campaign\rhs_term_flux_decomposition_20260708_113656\rhs_term_flux_decomposition_report.md,F:\quantule_mapper\docs\codex_conservative_c2_campaign_archive\conservative_geometry_campaign\rhs_term_flux_decomposition_20260708_113656\rhs_term_flux_decomposition_report.md,.md,673,2026-07-10T01:26:45,
F:\quantule_mapper\docs,codex_conservative_c2_campaign_archive\conservative_geometry_campaign\rhs_term_flux_decomposition_20260708_113656\safety_checkpoint.md,F:\quantule_mapper\docs\codex_conservative_c2_campaign_archive\conservative_geometry_campaign\rhs_term_flux_decomposition_20260708_113656\safety_checkpoint.md,.md,1215,2026-07-10T01:26:45,
F:\quantule_mapper\docs,codex_conservative_c2_campaign_archive\conservative_geometry_campaign\rhs_term_flux_decomposition_20260708_113656\symmetry_flux_controls_report.md,F:\quantule_mapper\docs\codex_conservative_c2_campaign_archive\conservative_geometry_campaign\rhs_term_flux_decomposition_20260708_113656\symmetry_flux_controls_report.md,.md,2624,2026-07-10T01:26:45,
F:\quantule_mapper\docs,codex_conservative_c2_campaign_archive\conservative_geometry_campaign\rhs_term_flux_decomposition_20260708_113818\c2_conservative_contract_implication_review.md,F:\quantule_mapper\docs\codex_conservative_c2_campaign_archive\conservative_geometry_campaign\rhs_term_flux_decomposition_20260708_113818\c2_conservative_contract_implication_review.md,.md,1565,2026-07-10T01:26:46,
F:\quantule_mapper\docs,codex_conservative_c2_campaign_archive\conservative_geometry_campaign\rhs_term_flux_decomposition_20260708_113818\c2_nonlinear_rhs_source_map.md,F:\quantule_mapper\docs\codex_conservative_c2_campaign_archive\conservative_geometry_campaign\rhs_term_flux_decomposition_20260708_113818\c2_nonlinear_rhs_source_map.md,.md,2328,2026-07-10T01:26:46,
F:\quantule_mapper\docs,codex_conservative_c2_campaign_archive\conservative_geometry_campaign\rhs_term_flux_decomposition_20260708_113818\rhs_operator_adjoint_audit_report.md,F:\quantule_mapper\docs\codex_conservative_c2_campaign_archive\conservative_geometry_campaign\rhs_term_flux_decomposition_20260708_113818\rhs_operator_adjoint_audit_report.md,.md,356,2026-07-10T01:26:46,
F:\quantule_mapper\docs,codex_conservative_c2_campaign_archive\conservative_geometry_campaign\rhs_term_flux_decomposition_20260708_113818\rhs_term_flux_decomposition_final_report.md,F:\quantule_mapper\docs\codex_conservative_c2_campaign_archive\conservative_geometry_campaign\rhs_term_flux_decomposition_20260708_113818\rhs_term_flux_decomposition_final_report.md,.md,860,2026-07-10T01:26:46,
F:\quantule_mapper\docs,codex_conservative_c2_campaign_archive\conservative_geometry_campaign\rhs_term_flux_decomposition_20260708_113818\rhs_term_flux_decomposition_report.md,F:\quantule_mapper\docs\codex_conservative_c2_campaign_archive\conservative_geometry_campaign\rhs_term_flux_decomposition_20260708_113818\rhs_term_flux_decomposition_report.md,.md,673,2026-07-10T01:26:46,
F:\quantule_mapper\docs,codex_conservative_c2_campaign_archive\conservative_geometry_campaign\rhs_term_flux_decomposition_20260708_113818\safety_checkpoint.md,F:\quantule_mapper\docs\codex_conservative_c2_campaign_archive\conservative_geometry_campaign\rhs_term_flux_decomposition_20260708_113818\safety_checkpoint.md,.md,1215,2026-07-10T01:26:46,
F:\quantule_mapper\docs,codex_conservative_c2_campaign_archive\conservative_geometry_campaign\rhs_term_flux_decomposition_20260708_113818\symmetry_flux_controls_report.md,F:\quantule_mapper\docs\codex_conservative_c2_campaign_archive\conservative_geometry_campaign\rhs_term_flux_decomposition_20260708_113818\symmetry_flux_controls_report.md,.md,2624,2026-07-10T01:26:46,
F:\quantule_mapper\docs,codex_conservative_c2_campaign_archive\conservative_geometry_campaign\rk4_integrity_diagnostic_20260708_094514\dt_integrity_report.md,F:\quantule_mapper\docs\codex_conservative_c2_campaign_archive\conservative_geometry_campaign\rk4_integrity_diagnostic_20260708_094514\dt_integrity_report.md,.md,950,2026-07-10T01:26:46,
F:\quantule_mapper\docs,codex_conservative_c2_campaign_archive\conservative_geometry_campaign\rk4_integrity_diagnostic_20260708_094514\rk4_integrity_diagnostic_final_report.md,F:\quantule_mapper\docs\codex_conservative_c2_campaign_archive\conservative_geometry_campaign\rk4_integrity_diagnostic_20260708_094514\rk4_integrity_diagnostic_final_report.md,.md,698,2026-07-10T01:26:46,
F:\quantule_mapper\docs,codex_conservative_c2_campaign_archive\conservative_geometry_campaign\rk4_integrity_diagnostic_20260708_094514\safety_checkpoint.md,F:\quantule_mapper\docs\codex_conservative_c2_campaign_archive\conservative_geometry_campaign\rk4_integrity_diagnostic_20260708_094514\safety_checkpoint.md,.md,1037,2026-07-10T01:26:46,
F:\quantule_mapper\docs,codex_conservative_c2_campaign_archive\conservative_geometry_campaign\rk4_integrity_diagnostic_20260708_094514\trajectory_rhs_flux_report.md,F:\quantule_mapper\docs\codex_conservative_c2_campaign_archive\conservative_geometry_campaign\rk4_integrity_diagnostic_20260708_094514\trajectory_rhs_flux_report.md,.md,590,2026-07-10T01:26:47,
F:\quantule_mapper\docs,codex_conservative_c2_campaign_archive\conservative_geometry_campaign\rk4_stepper_diagnostic\multistep_rk4_vs_etdrk4_report.md,F:\quantule_mapper\docs\codex_conservative_c2_campaign_archive\conservative_geometry_campaign\rk4_stepper_diagnostic\multistep_rk4_vs_etdrk4_report.md,.md,3342,2026-07-10T01:26:47,
F:\quantule_mapper\docs,codex_conservative_c2_campaign_archive\conservative_geometry_campaign\rk4_stepper_diagnostic\native_c2_profile_rk4_check.md,F:\quantule_mapper\docs\codex_conservative_c2_campaign_archive\conservative_geometry_campaign\rk4_stepper_diagnostic\native_c2_profile_rk4_check.md,.md,85,2026-07-10T01:26:47,
F:\quantule_mapper\docs,codex_conservative_c2_campaign_archive\conservative_geometry_campaign\rk4_stepper_diagnostic\one_step_rk4_vs_etdrk4.md,F:\quantule_mapper\docs\codex_conservative_c2_campaign_archive\conservative_geometry_campaign\rk4_stepper_diagnostic\one_step_rk4_vs_etdrk4.md,.md,409,2026-07-10T01:26:47,
F:\quantule_mapper\docs,codex_conservative_c2_campaign_archive\conservative_geometry_campaign\rk4_stepper_diagnostic\rk4_geometry_replay_report.md,F:\quantule_mapper\docs\codex_conservative_c2_campaign_archive\conservative_geometry_campaign\rk4_stepper_diagnostic\rk4_geometry_replay_report.md,.md,1760,2026-07-10T01:26:47,
F:\quantule_mapper\docs,codex_conservative_c2_campaign_archive\conservative_geometry_campaign\rk4_stepper_diagnostic\rk4_stepper_diagnostic_final_report.md,F:\quantule_mapper\docs\codex_conservative_c2_campaign_archive\conservative_geometry_campaign\rk4_stepper_diagnostic\rk4_stepper_diagnostic_final_report.md,.md,1715,2026-07-10T01:26:47,
F:\quantule_mapper\docs,codex_conservative_c2_campaign_archive\conservative_geometry_campaign\rk4_stepper_diagnostic\safety_checkpoint.md,F:\quantule_mapper\docs\codex_conservative_c2_campaign_archive\conservative_geometry_campaign\rk4_stepper_diagnostic\safety_checkpoint.md,.md,962,2026-07-10T01:26:47,
F:\quantule_mapper\docs,codex_conservative_c2_campaign_archive\conservative_geometry_campaign\rk4_stepper_diagnostic_smoke\native_c2_profile_rk4_check.md,F:\quantule_mapper\docs\codex_conservative_c2_campaign_archive\conservative_geometry_campaign\rk4_stepper_diagnostic_smoke\native_c2_profile_rk4_check.md,.md,85,2026-07-10T01:26:47,
F:\quantule_mapper\docs,codex_conservative_c2_campaign_archive\conservative_geometry_campaign\rk4_stepper_diagnostic_smoke\one_step_rk4_vs_etdrk4.md,F:\quantule_mapper\docs\codex_conservative_c2_campaign_archive\conservative_geometry_campaign\rk4_stepper_diagnostic_smoke\one_step_rk4_vs_etdrk4.md,.md,250,2026-07-10T01:26:48,
F:\quantule_mapper\docs,codex_conservative_c2_campaign_archive\conservative_geometry_campaign\rk4_stepper_diagnostic_smoke\rk4_stepper_diagnostic_final_report.md,F:\quantule_mapper\docs\codex_conservative_c2_campaign_archive\conservative_geometry_campaign\rk4_stepper_diagnostic_smoke\rk4_stepper_diagnostic_final_report.md,.md,1033,2026-07-10T01:26:48,
F:\quantule_mapper\docs,codex_conservative_c2_campaign_archive\conservative_geometry_campaign\rk4_stepper_diagnostic_smoke\safety_checkpoint.md,F:\quantule_mapper\docs\codex_conservative_c2_campaign_archive\conservative_geometry_campaign\rk4_stepper_diagnostic_smoke\safety_checkpoint.md,.md,962,2026-07-10T01:26:48,
F:\quantule_mapper\docs,codex_conservative_c2_campaign_archive\conservative_geometry_campaign\stepper_contract_audit\conservative_stepper_contract_audit_report.md,F:\quantule_mapper\docs\codex_conservative_c2_campaign_archive\conservative_geometry_campaign\stepper_contract_audit\conservative_stepper_contract_audit_report.md,.md,4861,2026-07-10T01:26:48,
F:\quantule_mapper\docs,codex_conservative_c2_campaign_archive\conservative_geometry_campaign\stepper_contract_audit\rhs_flux_report.md,F:\quantule_mapper\docs\codex_conservative_c2_campaign_archive\conservative_geometry_campaign\stepper_contract_audit\rhs_flux_report.md,.md,875,2026-07-10T01:26:48,
F:\quantule_mapper\docs,codex_conservative_c2_campaign_archive\conservative_geometry_campaign\stepper_contract_audit_smoke\conservative_stepper_contract_audit_report.md,F:\quantule_mapper\docs\codex_conservative_c2_campaign_archive\conservative_geometry_campaign\stepper_contract_audit_smoke\conservative_stepper_contract_audit_report.md,.md,2755,2026-07-10T01:26:48,
F:\quantule_mapper\docs,codex_conservative_c2_campaign_archive\conservative_geometry_campaign\stepper_contract_audit_smoke\rhs_flux_report.md,F:\quantule_mapper\docs\codex_conservative_c2_campaign_archive\conservative_geometry_campaign\stepper_contract_audit_smoke\rhs_flux_report.md,.md,871,2026-07-10T01:26:48,
F:\quantule_mapper\docs,codex_conservative_c2_campaign_archive\conservative_geometry_campaign\weighted_invariant_audit_20260708_120726\safety_checkpoint.md,F:\quantule_mapper\docs\codex_conservative_c2_campaign_archive\conservative_geometry_campaign\weighted_invariant_audit_20260708_120726\safety_checkpoint.md,.md,1300,2026-07-10T01:26:48,
F:\quantule_mapper\docs,codex_conservative_c2_campaign_archive\conservative_geometry_campaign\weighted_invariant_audit_20260708_120726\weighted_invariant_audit_report.md,F:\quantule_mapper\docs\codex_conservative_c2_campaign_archive\conservative_geometry_campaign\weighted_invariant_audit_20260708_120726\weighted_invariant_audit_report.md,.md,1974,2026-07-10T01:26:49,
F:\quantule_mapper\docs,codex_conservative_c2_campaign_archive\gravity_geometry_characterization\geometry_characterization_20260709_224526\geometry_characterization_report.md,F:\quantule_mapper\docs\codex_conservative_c2_campaign_archive\gravity_geometry_characterization\geometry_characterization_20260709_224526\geometry_characterization_report.md,.md,3388,2026-07-10T01:26:49,
F:\quantule_mapper\docs,codex_conservative_c2_campaign_archive\gravity_geometry_characterization\geometry_characterization_20260709_224526\IRER_GRAVITY_GEOMETRY_CHARACTERIZATION_AUDIT.md,F:\quantule_mapper\docs\codex_conservative_c2_campaign_archive\gravity_geometry_characterization\geometry_characterization_20260709_224526\IRER_GRAVITY_GEOMETRY_CHARACTERIZATION_AUDIT.md,.md,3388,2026-07-10T01:26:49,
F:\quantule_mapper\docs,codex_conservative_c2_campaign_archive\k6_mid_mass_true_emergence\metadata.md,F:\quantule_mapper\docs\codex_conservative_c2_campaign_archive\k6_mid_mass_true_emergence\metadata.md,.md,4073,2026-07-10T01:26:49,
F:\quantule_mapper\docs,codex_conservative_c2_campaign_archive\triangle_cupy_screen\triangle_spacing_screen_N48_T1000_report.md,F:\quantule_mapper\docs\codex_conservative_c2_campaign_archive\triangle_cupy_screen\triangle_spacing_screen_N48_T1000_report.md,.md,1945,2026-07-10T01:26:49,
F:\quantule_mapper\docs,codex_conservative_c2_campaign_archive\triangle_cupy_screen\triangle_spacing_screen_N96_T24000_report.md,F:\quantule_mapper\docs\codex_conservative_c2_campaign_archive\triangle_cupy_screen\triangle_spacing_screen_N96_T24000_report.md,.md,2184,2026-07-10T01:26:49,
F:\quantule_mapper\docs,codex_conservative_c2_campaign_archive\triangle_cupy_screen\triangle_spacing_screen_N96_T6000_report.md,F:\quantule_mapper\docs\codex_conservative_c2_campaign_archive\triangle_cupy_screen\triangle_spacing_screen_N96_T6000_report.md,.md,2379,2026-07-10T01:26:50,
F:\quantule_mapper\docs,codex_conservative_c2_campaign_archive\triangle_layout_diagnostic\triangle_geometry_report.md,F:\quantule_mapper\docs\codex_conservative_c2_campaign_archive\triangle_layout_diagnostic\triangle_geometry_report.md,.md,2434,2026-07-10T01:26:50,
F:\quantule_mapper\docs,evidence_package\08_external_comparison_candidates.md,F:\quantule_mapper\docs\evidence_package\08_external_comparison_candidates.md,.md,3320,2026-07-10T21:29:12,
F:\quantule_mapper\docs,evidence_package\EVIDENCE_GAPS.md,F:\quantule_mapper\docs\evidence_package\EVIDENCE_GAPS.md,.md,3777,2026-07-12T18:35:57,
F:\quantule_mapper\docs,evidence_package\README.md,F:\quantule_mapper\docs\evidence_package\README.md,.md,4420,2026-07-10T21:24:04,
F:\quantule_mapper\docs,evidence_package\00_project_timeline\hypothesis_status_snapshot.md,F:\quantule_mapper\docs\evidence_package\00_project_timeline\hypothesis_status_snapshot.md,.md,2307,2026-07-12T18:48:18,
F:\quantule_mapper\docs,evidence_package\00_project_timeline\PROJECT_MATURITY_TIMELINE.md,F:\quantule_mapper\docs\evidence_package\00_project_timeline\PROJECT_MATURITY_TIMELINE.md,.md,10401,2026-07-14T06:09:55,
F:\quantule_mapper\docs,evidence_package\02_phase_c_stability\evidence_index.md,F:\quantule_mapper\docs\evidence_package\02_phase_c_stability\evidence_index.md,.md,1735,2026-07-10T21:27:48,
F:\quantule_mapper\docs,evidence_package\03_phase_d_c2_instrument_correction\evidence_index.md,F:\quantule_mapper\docs\evidence_package\03_phase_d_c2_instrument_correction\evidence_index.md,.md,3060,2026-07-10T21:27:08,
F:\quantule_mapper\docs,evidence_package\04_phase_d_c2_transport_and_two_body\evidence_index.md,F:\quantule_mapper\docs\evidence_package\04_phase_d_c2_transport_and_two_body\evidence_index.md,.md,2618,2026-07-12T18:46:51,
F:\quantule_mapper\docs,evidence_package\05_phase_d_c3_kg_qball\evidence_index.md,F:\quantule_mapper\docs\evidence_package\05_phase_d_c3_kg_qball\evidence_index.md,.md,2089,2026-07-12T18:46:59,
F:\quantule_mapper\docs,evidence_package\06_gravity_ladder_paused\evidence_index.md,F:\quantule_mapper\docs\evidence_package\06_gravity_ladder_paused\evidence_index.md,.md,2176,2026-07-10T21:28:46,
F:\quantule_mapper\docs,evidence_package\07_instrument_integrity_ledger\evidence_index.md,F:\quantule_mapper\docs\evidence_package\07_instrument_integrity_ledger\evidence_index.md,.md,2489,2026-07-10T21:27:29,
F:\quantule_mapper\docs,evidence_package\09_machine_readable\evidence_manifest.json,F:\quantule_mapper\docs\evidence_package\09_machine_readable\evidence_manifest.json,.json,20717,2026-07-14T09:45:02,
F:\quantule_mapper\docs,external research\ROCM_hip\hip-develop\hip-develop\.markdownlint-cli2.yaml,F:\quantule_mapper\docs\external research\ROCM_hip\hip-develop\hip-develop\.markdownlint-cli2.yaml,.yaml,53,2026-07-09T09:59:27,
F:\quantule_mapper\docs,external research\ROCM_hip\hip-develop\hip-develop\.readthedocs.yaml,F:\quantule_mapper\docs\external research\ROCM_hip\hip-develop\hip-develop\.readthedocs.yaml,.yaml,658,2026-07-09T09:59:27,
F:\quantule_mapper\docs,external research\ROCM_hip\hip-develop\hip-develop\.spellcheck.local.yaml,F:\quantule_mapper\docs\external research\ROCM_hip\hip-develop\hip-develop\.spellcheck.local.yaml,.yaml,146,2026-07-09T09:59:27,
F:\quantule_mapper\docs,external research\ROCM_hip\hip-develop\hip-develop\.wordlist.txt,F:\quantule_mapper\docs\external research\ROCM_hip\hip-develop\hip-develop\.wordlist.txt,.txt,1766,2026-07-09T09:59:27,
F:\quantule_mapper\docs,external research\ROCM_hip\hip-develop\hip-develop\CONTRIBUTING.md,F:\quantule_mapper\docs\external research\ROCM_hip\hip-develop\hip-develop\CONTRIBUTING.md,.md,9049,2026-07-09T09:59:27,
F:\quantule_mapper\docs,external research\ROCM_hip\hip-develop\hip-develop\install.sh,F:\quantule_mapper\docs\external research\ROCM_hip\hip-develop\hip-develop\install.sh,.sh,171,2026-07-09T09:59:27,
F:\quantule_mapper\docs,external research\ROCM_hip\hip-develop\hip-develop\LICENSE.md,F:\quantule_mapper\docs\external research\ROCM_hip\hip-develop\hip-develop\LICENSE.md,.md,1080,2026-07-09T09:59:27,
F:\quantule_mapper\docs,external research\ROCM_hip\hip-develop\hip-develop\README-doc.md,F:\quantule_mapper\docs\external research\ROCM_hip\hip-develop\hip-develop\README-doc.md,.md,9464,2026-07-09T09:59:27,
F:\quantule_mapper\docs,external research\ROCM_hip\hip-develop\hip-develop\README.md,F:\quantule_mapper\docs\external research\ROCM_hip\hip-develop\hip-develop\README.md,.md,276,2026-07-09T09:59:27,
F:\quantule_mapper\docs,external research\ROCM_hip\hip-develop\hip-develop\.azuredevops\rocm-ci.yml,F:\quantule_mapper\docs\external research\ROCM_hip\hip-develop\hip-develop\.azuredevops\rocm-ci.yml,.yml,1372,2026-07-09T09:59:27,
F:\quantule_mapper\docs,external research\ROCM_hip\hip-develop\hip-develop\.github\dependabot.yml,F:\quantule_mapper\docs\external research\ROCM_hip\hip-develop\hip-develop\.github\dependabot.yml,.yml,693,2026-07-09T09:59:27,
F:\quantule_mapper\docs,external research\ROCM_hip\hip-develop\hip-develop\.github\palamida.yml,F:\quantule_mapper\docs\external research\ROCM_hip\hip-develop\hip-develop\.github\palamida.yml,.yml,84,2026-07-09T09:59:27,
F:\quantule_mapper\docs,external research\ROCM_hip\hip-develop\hip-develop\.github\pull_request_template.md,F:\quantule_mapper\docs\external research\ROCM_hip\hip-develop\hip-develop\.github\pull_request_template.md,.md,881,2026-07-09T09:59:27,
F:\quantule_mapper\docs,external research\ROCM_hip\hip-develop\hip-develop\.github\hooks\clang-format-check.sh,F:\quantule_mapper\docs\external research\ROCM_hip\hip-develop\hip-develop\.github\hooks\clang-format-check.sh,.sh,1298,2026-07-09T09:59:27,
F:\quantule_mapper\docs,external research\ROCM_hip\hip-develop\hip-develop\.github\scripts\validate_pr_description.py,F:\quantule_mapper\docs\external research\ROCM_hip\hip-develop\hip-develop\.github\scripts\validate_pr_description.py,.py,2179,2026-07-09T09:59:27,
F:\quantule_mapper\docs,external research\ROCM_hip\hip-develop\hip-develop\docs\conf.py,F:\quantule_mapper\docs\external research\ROCM_hip\hip-develop\hip-develop\docs\conf.py,.py,1831,2026-07-09T09:59:27,
F:\quantule_mapper\docs,external research\ROCM_hip\hip-develop\hip-develop\docs\device_md_gen.py,F:\quantule_mapper\docs\external research\ROCM_hip\hip-develop\hip-develop\docs\device_md_gen.py,.py,7487,2026-07-09T09:59:27,
F:\quantule_mapper\docs,external research\ROCM_hip\hip-develop\hip-develop\docs\environment.yml,F:\quantule_mapper\docs\external research\ROCM_hip\hip-develop\hip-develop\docs\environment.yml,.yml,149,2026-07-09T09:59:27,
F:\quantule_mapper\docs,external research\ROCM_hip\hip-develop\hip-develop\docs\gen_clang_option_doc.sh,F:\quantule_mapper\docs\external research\ROCM_hip\hip-develop\hip-develop\docs\gen_clang_option_doc.sh,.sh,2052,2026-07-09T09:59:27,
F:\quantule_mapper\docs,external research\ROCM_hip\hip-develop\hip-develop\docs\index.md,F:\quantule_mapper\docs\external research\ROCM_hip\hip-develop\hip-develop\docs\index.md,.md,3524,2026-07-09T09:59:27,
F:\quantule_mapper\docs,external research\ROCM_hip\hip-develop\hip-develop\docs\license.md,F:\quantule_mapper\docs\external research\ROCM_hip\hip-develop\hip-develop\docs\license.md,.md,42,2026-07-09T09:59:27,
F:\quantule_mapper\docs,external research\ROCM_hip\hip-develop\hip-develop\docs\doxygen-input\doxy.cfg,F:\quantule_mapper\docs\external research\ROCM_hip\hip-develop\hip-develop\docs\doxygen-input\doxy.cfg,.cfg,113474,2026-07-09T09:59:28,
F:\quantule_mapper\docs,external research\ROCM_hip\hip-develop\hip-develop\docs\doxygen-input\mainpage.txt,F:\quantule_mapper\docs\external research\ROCM_hip\hip-develop\hip-develop\docs\doxygen-input\mainpage.txt,.txt,870,2026-07-09T09:59:28,
F:\quantule_mapper\docs,external research\ROCM_hip\hip-develop\hip-develop\docs\doxygen-input\sync.txt,F:\quantule_mapper\docs\external research\ROCM_hip\hip-develop\hip-develop\docs\doxygen-input\sync.txt,.txt,2218,2026-07-09T09:59:28,
F:\quantule_mapper\docs,external research\ROCM_hip\hip-develop\hip-develop\docs\extension\custom_directive.py,F:\quantule_mapper\docs\external research\ROCM_hip\hip-develop\hip-develop\docs\extension\custom_directive.py,.py,2124,2026-07-09T09:59:28,
F:\quantule_mapper\docs,external research\ROCM_hip\hip-develop\hip-develop\docs\extension\__init__.py,F:\quantule_mapper\docs\external research\ROCM_hip\hip-develop\hip-develop\docs\extension\__init__.py,.py,0,2026-07-09T09:59:28,
F:\quantule_mapper\docs,external research\ROCM_hip\hip-develop\hip-develop\docs\sphinx\requirements.txt,F:\quantule_mapper\docs\external research\ROCM_hip\hip-develop\hip-develop\docs\sphinx\requirements.txt,.txt,5845,2026-07-09T09:59:29,
F:\quantule_mapper\docs,external research\ROCM_hip\hip-develop\hip-develop\docs\sphinx\static\css\rocm_custom.css,F:\quantule_mapper\docs\external research\ROCM_hip\hip-develop\hip-develop\docs\sphinx\static\css\rocm_custom.css,.css,180,2026-07-09T09:59:29,
F:\quantule_mapper\docs,external research\ROCM_hip\hip-develop\hip-develop\docs\tools\update_example_codes.py,F:\quantule_mapper\docs\external research\ROCM_hip\hip-develop\hip-develop\docs\tools\update_example_codes.py,.py,18190,2026-07-09T09:59:29,
F:\quantule_mapper\docs,external research\ROCM_hip\hip-develop\hip-develop\docs\understand\glossary.md,F:\quantule_mapper\docs\external research\ROCM_hip\hip-develop\hip-develop\docs\understand\glossary.md,.md,11006,2026-07-09T09:59:29,
F:\quantule_mapper\docs,external_validation\CODEX_EXTERNAL_VALIDATION_REPORT.md,F:\quantule_mapper\docs\external_validation\CODEX_EXTERNAL_VALIDATION_REPORT.md,.md,8643,2026-07-14T06:40:30,
F:\quantule_mapper\docs,external_validation\DATASET_CANDIDATES.md,F:\quantule_mapper\docs\external_validation\DATASET_CANDIDATES.md,.md,12168,2026-07-10T23:25:27,
F:\quantule_mapper\docs,external_validation\EXTERNAL_SOURCE_REGISTRY.md,F:\quantule_mapper\docs\external_validation\EXTERNAL_SOURCE_REGISTRY.md,.md,21163,2026-07-10T23:27:21,
F:\quantule_mapper\docs,external_validation\EXTERNAL_VALIDATION_AUTOMATION_REPORT.md,F:\quantule_mapper\docs\external_validation\EXTERNAL_VALIDATION_AUTOMATION_REPORT.md,.md,3351,2026-07-12T01:34:08,
F:\quantule_mapper\docs,external_validation\EXTERNAL_VALIDATION_BEHAVIOURAL_COMPARISON_REPORT.md,F:\quantule_mapper\docs\external_validation\EXTERNAL_VALIDATION_BEHAVIOURAL_COMPARISON_REPORT.md,.md,2200,2026-07-12T01:34:08,
F:\quantule_mapper\docs,external_validation\GRAVITY_D_EFFECTIVE_MEDIUM_EXTERNAL_VALIDATION_PACKAGE.md,F:\quantule_mapper\docs\external_validation\GRAVITY_D_EFFECTIVE_MEDIUM_EXTERNAL_VALIDATION_PACKAGE.md,.md,5452,2026-07-14T06:40:24,
F:\quantule_mapper\docs,external_validation\GRAVITY_TS_BRIDGE_EXTERNAL_VALIDATION_PACKAGE.md,F:\quantule_mapper\docs\external_validation\GRAVITY_TS_BRIDGE_EXTERNAL_VALIDATION_PACKAGE.md,.md,5636,2026-07-14T09:43:45,
F:\quantule_mapper\docs,external_validation\HARNESS_DEPTH_AUDIT.md,F:\quantule_mapper\docs\external_validation\HARNESS_DEPTH_AUDIT.md,.md,2393,2026-07-12T01:34:08,
F:\quantule_mapper\docs,external_validation\IRER_PRESERVATION_RULES_FOR_EXTERNAL_VALIDATION.md,F:\quantule_mapper\docs\external_validation\IRER_PRESERVATION_RULES_FOR_EXTERNAL_VALIDATION.md,.md,913,2026-07-11T00:07:14,
F:\quantule_mapper\docs,external_validation\VALIDATION_METRIC_CANDIDATES.md,F:\quantule_mapper\docs\external_validation\VALIDATION_METRIC_CANDIDATES.md,.md,12165,2026-07-10T23:25:00,
F:\quantule_mapper\docs,external_validation\artifact_bundles\gravity_d_effective_medium_characterization\README.md,F:\quantule_mapper\docs\external_validation\artifact_bundles\gravity_d_effective_medium_characterization\README.md,.md,605,2026-07-14T06:40:53,
F:\quantule_mapper\docs,external_validation\artifact_bundles\gravity_d_effective_medium_characterization\docs\CODEX_EXTERNAL_VALIDATION_REPORT.md,F:\quantule_mapper\docs\external_validation\artifact_bundles\gravity_d_effective_medium_characterization\docs\CODEX_EXTERNAL_VALIDATION_REPORT.md,.md,8643,2026-07-14T06:40:30,
F:\quantule_mapper\docs,external_validation\artifact_bundles\gravity_d_effective_medium_characterization\docs\GRAVITY_D_EFFECTIVE_MEDIUM_CODEX_REPLICATION.md,F:\quantule_mapper\docs\external_validation\artifact_bundles\gravity_d_effective_medium_characterization\docs\GRAVITY_D_EFFECTIVE_MEDIUM_CODEX_REPLICATION.md,.md,10154,2026-07-13T19:19:47,
F:\quantule_mapper\docs,external_validation\artifact_bundles\gravity_d_effective_medium_characterization\docs\GRAVITY_D_EFFECTIVE_MEDIUM_DYNAMICS_CHARACTERIZATION.md,F:\quantule_mapper\docs\external_validation\artifact_bundles\gravity_d_effective_medium_characterization\docs\GRAVITY_D_EFFECTIVE_MEDIUM_DYNAMICS_CHARACTERIZATION.md,.md,7624,2026-07-14T06:39:48,
F:\quantule_mapper\docs,external_validation\artifact_bundles\gravity_d_effective_medium_characterization\docs\GRAVITY_D_EFFECTIVE_MEDIUM_EXTERNAL_VALIDATION_PACKAGE.md,F:\quantule_mapper\docs\external_validation\artifact_bundles\gravity_d_effective_medium_characterization\docs\GRAVITY_D_EFFECTIVE_MEDIUM_EXTERNAL_VALIDATION_PACKAGE.md,.md,5452,2026-07-14T06:40:24,
F:\quantule_mapper\docs,external_validation\artifact_bundles\gravity_d_effective_medium_characterization\docs\GRAVITY_D_EFFECTIVE_MEDIUM_ROBUSTNESS_CLOSURE.md,F:\quantule_mapper\docs\external_validation\artifact_bundles\gravity_d_effective_medium_characterization\docs\GRAVITY_D_EFFECTIVE_MEDIUM_ROBUSTNESS_CLOSURE.md,.md,5887,2026-07-13T21:32:21,
F:\quantule_mapper\docs,external_validation\artifact_bundles\gravity_d_effective_medium_characterization\docs\GRAVITY_D_EFFECTIVE_MEDIUM_ROBUSTNESS_FIRST_PASS.md,F:\quantule_mapper\docs\external_validation\artifact_bundles\gravity_d_effective_medium_characterization\docs\GRAVITY_D_EFFECTIVE_MEDIUM_ROBUSTNESS_FIRST_PASS.md,.md,7837,2026-07-13T20:31:21,
F:\quantule_mapper\docs,external_validation\artifact_bundles\gravity_d_effective_medium_characterization\jax_scout\gravity_D_dynamics_characterization_gpu.py,F:\quantule_mapper\docs\external_validation\artifact_bundles\gravity_d_effective_medium_characterization\jax_scout\gravity_D_dynamics_characterization_gpu.py,.py,64309,2026-07-13T22:17:10,
F:\quantule_mapper\docs,external_validation\artifact_bundles\gravity_d_effective_medium_characterization\run_artifacts\CHARACTERIZATION_SUMMARY.json,F:\quantule_mapper\docs\external_validation\artifact_bundles\gravity_d_effective_medium_characterization\run_artifacts\CHARACTERIZATION_SUMMARY.json,.json,3089,2026-07-14T00:17:13,
F:\quantule_mapper\docs,external_validation\artifact_bundles\gravity_d_effective_medium_characterization\run_artifacts\DOCUMENTATION_INPUTS.md,F:\quantule_mapper\docs\external_validation\artifact_bundles\gravity_d_effective_medium_characterization\run_artifacts\DOCUMENTATION_INPUTS.md,.md,942,2026-07-14T00:17:13,
F:\quantule_mapper\docs,external_validation\artifact_bundles\gravity_d_effective_medium_characterization\run_artifacts\environment_versions.json,F:\quantule_mapper\docs\external_validation\artifact_bundles\gravity_d_effective_medium_characterization\run_artifacts\environment_versions.json,.json,720,2026-07-13T22:17:28,
F:\quantule_mapper\docs,external_validation\artifact_bundles\gravity_d_effective_medium_characterization\run_artifacts\git_state_before.txt,F:\quantule_mapper\docs\external_validation\artifact_bundles\gravity_d_effective_medium_characterization\run_artifacts\git_state_before.txt,.txt,4265,2026-07-13T22:17:29,
F:\quantule_mapper\docs,external_validation\artifact_bundles\gravity_d_effective_medium_characterization\run_artifacts\gpu_preflight.json,F:\quantule_mapper\docs\external_validation\artifact_bundles\gravity_d_effective_medium_characterization\run_artifacts\gpu_preflight.json,.json,743,2026-07-13T22:17:28,
F:\quantule_mapper\docs,external_validation\artifact_bundles\gravity_d_effective_medium_characterization\run_artifacts\OPEN_QUESTIONS.md,F:\quantule_mapper\docs\external_validation\artifact_bundles\gravity_d_effective_medium_characterization\run_artifacts\OPEN_QUESTIONS.md,.md,373,2026-07-14T00:17:13,
F:\quantule_mapper\docs,external_validation\artifact_bundles\gravity_d_effective_medium_characterization\run_artifacts\preregistered_matrix.json,F:\quantule_mapper\docs\external_validation\artifact_bundles\gravity_d_effective_medium_characterization\run_artifacts\preregistered_matrix.json,.json,186893,2026-07-13T22:18:06,
F:\quantule_mapper\docs,external_validation\artifact_bundles\gravity_d_effective_medium_characterization\run_artifacts\REDUCED_MODEL_SIGN_ERROR_ANALYSIS.md,F:\quantule_mapper\docs\external_validation\artifact_bundles\gravity_d_effective_medium_characterization\run_artifacts\REDUCED_MODEL_SIGN_ERROR_ANALYSIS.md,.md,1845,2026-07-14T06:07:42,
F:\quantule_mapper\docs,external_validation\artifact_bundles\gravity_d_effective_medium_characterization\run_artifacts\TECHNICAL_HANDOFF.md,F:\quantule_mapper\docs\external_validation\artifact_bundles\gravity_d_effective_medium_characterization\run_artifacts\TECHNICAL_HANDOFF.md,.md,707,2026-07-14T00:17:13,
F:\quantule_mapper\docs,external_validation\empirical_comparison_branch\CODEX_DIGITIZATION_HANDOFF.md,F:\quantule_mapper\docs\external_validation\empirical_comparison_branch\CODEX_DIGITIZATION_HANDOFF.md,.md,3547,2026-07-11T08:27:06,
F:\quantule_mapper\docs,external_validation\empirical_comparison_branch\CODEX_DIGITIZATION_HANDOFF_V5_NG.md,F:\quantule_mapper\docs\external_validation\empirical_comparison_branch\CODEX_DIGITIZATION_HANDOFF_V5_NG.md,.md,4008,2026-07-12T00:15:08,
F:\quantule_mapper\docs,external_validation\empirical_comparison_branch\DATA_SCHEMA.md,F:\quantule_mapper\docs\external_validation\empirical_comparison_branch\DATA_SCHEMA.md,.md,2220,2026-07-11T08:25:55,
F:\quantule_mapper\docs,external_validation\empirical_comparison_branch\DIGITIZATION_PROVENANCE_TEMPLATE.md,F:\quantule_mapper\docs\external_validation\empirical_comparison_branch\DIGITIZATION_PROVENANCE_TEMPLATE.md,.md,1731,2026-07-11T03:23:11,
F:\quantule_mapper\docs,external_validation\empirical_comparison_branch\EMP-V1-MM_CLAUDE_REVIEW.md,F:\quantule_mapper\docs\external_validation\empirical_comparison_branch\EMP-V1-MM_CLAUDE_REVIEW.md,.md,4784,2026-07-11T09:09:42,
F:\quantule_mapper\docs,external_validation\empirical_comparison_branch\EMP-V5-NG_CLAUDE_REVIEW.md,F:\quantule_mapper\docs\external_validation\empirical_comparison_branch\EMP-V5-NG_CLAUDE_REVIEW.md,.md,5328,2026-07-12T01:33:51,
F:\quantule_mapper\docs,external_validation\empirical_comparison_branch\EMP_V5_NG_DATA_SCHEMA.md,F:\quantule_mapper\docs\external_validation\empirical_comparison_branch\EMP_V5_NG_DATA_SCHEMA.md,.md,3268,2026-07-12T00:12:03,
F:\quantule_mapper\docs,external_validation\empirical_comparison_branch\provenance_EMP-V1-MM.md,F:\quantule_mapper\docs\external_validation\empirical_comparison_branch\provenance_EMP-V1-MM.md,.md,4855,2026-07-11T08:46:04,
F:\quantule_mapper\docs,external_validation\empirical_comparison_branch\provenance_EMP-V5-NG.md,F:\quantule_mapper\docs\external_validation\empirical_comparison_branch\provenance_EMP-V5-NG.md,.md,4448,2026-07-12T01:12:45,
F:\quantule_mapper\docs,external_validation\empirical_comparison_branch\README.md,F:\quantule_mapper\docs\external_validation\empirical_comparison_branch\README.md,.md,6926,2026-07-12T11:15:54,
F:\quantule_mapper\docs,external_validation\empirical_comparison_branch\TARGETS.md,F:\quantule_mapper\docs\external_validation\empirical_comparison_branch\TARGETS.md,.md,1936,2026-07-12T11:16:08,
F:\quantule_mapper\docs,external_validation\empirical_comparison_branch\datasets\README.md,F:\quantule_mapper\docs\external_validation\empirical_comparison_branch\datasets\README.md,.md,1055,2026-07-11T03:23:19,
F:\quantule_mapper\docs,external_validation\empirical_comparison_branch\EMP-V1-MM_fig3_comparison\comparison_report.md,F:\quantule_mapper\docs\external_validation\empirical_comparison_branch\EMP-V1-MM_fig3_comparison\comparison_report.md,.md,1012,2026-07-11T09:08:51,
F:\quantule_mapper\docs,external_validation\empirical_comparison_branch\EMP-V1-MM_fig3_comparison\comparison_result.json,F:\quantule_mapper\docs\external_validation\empirical_comparison_branch\EMP-V1-MM_fig3_comparison\comparison_result.json,.json,1283,2026-07-11T09:08:51,
F:\quantule_mapper\docs,external_validation\empirical_comparison_branch\EMP-V5-NG_fig2_fig3_comparison\comparison_report.md,F:\quantule_mapper\docs\external_validation\empirical_comparison_branch\EMP-V5-NG_fig2_fig3_comparison\comparison_report.md,.md,2006,2026-07-12T01:33:12,
F:\quantule_mapper\docs,external_validation\empirical_comparison_branch\EMP-V5-NG_fig2_fig3_comparison\comparison_result.json,F:\quantule_mapper\docs\external_validation\empirical_comparison_branch\EMP-V5-NG_fig2_fig3_comparison\comparison_result.json,.json,2373,2026-07-12T01:33:12,
F:\quantule_mapper\docs,external_validation\external_data\dataset_metadata_index.json,F:\quantule_mapper\docs\external_validation\external_data\dataset_metadata_index.json,.json,1365,2026-07-11T00:29:44,
F:\quantule_mapper\docs,external_validation\external_data\DOWNLOAD_STATUS_REPORT.md,F:\quantule_mapper\docs\external_validation\external_data\DOWNLOAD_STATUS_REPORT.md,.md,2431,2026-07-11T00:31:13,
F:\quantule_mapper\docs,external_validation\external_data\EXTERNAL_DATA_ACQUISITION_PLAN.md,F:\quantule_mapper\docs\external_validation\external_data\EXTERNAL_DATA_ACQUISITION_PLAN.md,.md,974,2026-07-11T00:29:44,
F:\quantule_mapper\docs,external_validation\external_data\README.md,F:\quantule_mapper\docs\external_validation\external_data\README.md,.md,283,2026-07-12T01:34:08,
F:\quantule_mapper\docs,external_validation\external_data\storage_budget.json,F:\quantule_mapper\docs\external_validation\external_data\storage_budget.json,.json,401,2026-07-11T00:29:44,
F:\quantule_mapper\docs,external_validation\external_data\ingestion_smoke\EXTERNAL_DATA_INGESTION_SMOKE_REPORT.md,F:\quantule_mapper\docs\external_validation\external_data\ingestion_smoke\EXTERNAL_DATA_INGESTION_SMOKE_REPORT.md,.md,2424,2026-07-11T00:40:14,
F:\quantule_mapper\docs,external_validation\external_data\ingestion_smoke\nist_ingestion_result.json,F:\quantule_mapper\docs\external_validation\external_data\ingestion_smoke\nist_ingestion_result.json,.json,4232,2026-07-11T00:38:53,
F:\quantule_mapper\docs,external_validation\external_data\ingestion_smoke\nlse_ingestion_result.json,F:\quantule_mapper\docs\external_validation\external_data\ingestion_smoke\nlse_ingestion_result.json,.json,3351,2026-07-11T00:38:53,
F:\quantule_mapper\docs,external_validation\external_data\nlse_reduced_v2\commands_run.txt,F:\quantule_mapper\docs\external_validation\external_data\nlse_reduced_v2\commands_run.txt,.txt,654,2026-07-11T00:49:34,
F:\quantule_mapper\docs,external_validation\external_data\nlse_reduced_v2\external_nlse_history.json,F:\quantule_mapper\docs\external_validation\external_data\nlse_reduced_v2\external_nlse_history.json,.json,6511,2026-07-11T00:49:34,
F:\quantule_mapper\docs,external_validation\external_data\nlse_reduced_v2\external_nlse_runtime.json,F:\quantule_mapper\docs\external_validation\external_data\nlse_reduced_v2\external_nlse_runtime.json,.json,223,2026-07-11T00:49:34,
F:\quantule_mapper\docs,external_validation\external_data\nlse_reduced_v2\nlse_adapter_config.json,F:\quantule_mapper\docs\external_validation\external_data\nlse_reduced_v2\nlse_adapter_config.json,.json,286,2026-07-11T00:49:32,
F:\quantule_mapper\docs,external_validation\external_data\nlse_reduced_v2\NLSE_REDUCED_V2_COMPARISON_REPORT.md,F:\quantule_mapper\docs\external_validation\external_data\nlse_reduced_v2\NLSE_REDUCED_V2_COMPARISON_REPORT.md,.md,2189,2026-07-11T00:51:36,
F:\quantule_mapper\docs,external_validation\external_data\nlse_reduced_v2\nlse_reduced_v2_result.json,F:\quantule_mapper\docs\external_validation\external_data\nlse_reduced_v2\nlse_reduced_v2_result.json,.json,3536,2026-07-11T00:49:34,
F:\quantule_mapper\docs,external_validation\external_data\nlse_reduced_v2\run_external_nlse_case.py,F:\quantule_mapper\docs\external_validation\external_data\nlse_reduced_v2\run_external_nlse_case.py,.py,4625,2026-07-11T00:49:32,
F:\quantule_mapper\docs,external_validation\external_data\nlse_reduced_v2\warnings.txt,F:\quantule_mapper\docs\external_validation\external_data\nlse_reduced_v2\warnings.txt,.txt,366,2026-07-11T00:49:34,
F:\quantule_mapper\docs,external_validation\external_data\nlse_reduced_v2\runtime_shims\cupy.py,F:\quantule_mapper\docs\external_validation\external_data\nlse_reduced_v2\runtime_shims\cupy.py,.py,63,2026-07-11T00:49:32,
F:\quantule_mapper\docs,external_validation\external_data\nlse_reduced_v2\runtime_shims\numba.py,F:\quantule_mapper\docs\external_validation\external_data\nlse_reduced_v2\runtime_shims\numba.py,.py,190,2026-07-11T00:49:32,
F:\quantule_mapper\docs,external_validation\external_data\nlse_reduced_v2\runtime_shims\tqdm.py,F:\quantule_mapper\docs\external_validation\external_data\nlse_reduced_v2\runtime_shims\tqdm.py,.py,96,2026-07-11T00:49:32,
F:\quantule_mapper\docs,external_validation\external_data\nlse_reduced_v2\runtime_shims\pyfftw\__init__.py,F:\quantule_mapper\docs\external_validation\external_data\nlse_reduced_v2\runtime_shims\pyfftw\__init__.py,.py,1055,2026-07-11T00:49:32,
F:\quantule_mapper\docs,external_validation\generated_metrics\depth_audit.json,F:\quantule_mapper\docs\external_validation\generated_metrics\depth_audit.json,.json,3407,2026-07-12T01:34:08,
F:\quantule_mapper\docs,external_validation\generated_metrics\manifest.json,F:\quantule_mapper\docs\external_validation\generated_metrics\manifest.json,.json,12918,2026-07-12T01:34:08,
F:\quantule_mapper\docs,external_validation\generated_metrics\protected_diff.txt,F:\quantule_mapper\docs\external_validation\generated_metrics\protected_diff.txt,.txt,0,2026-07-12T01:34:08,
F:\quantule_mapper\docs,external_validation\generated_metrics\v1\read_files.txt,F:\quantule_mapper\docs\external_validation\generated_metrics\v1\read_files.txt,.txt,591,2026-07-12T01:34:08,
F:\quantule_mapper\docs,external_validation\generated_metrics\v1\report.md,F:\quantule_mapper\docs\external_validation\generated_metrics\v1\report.md,.md,5360,2026-07-12T01:34:08,
F:\quantule_mapper\docs,external_validation\generated_metrics\v1\result.json,F:\quantule_mapper\docs\external_validation\generated_metrics\v1\result.json,.json,3133,2026-07-12T01:34:08,
F:\quantule_mapper\docs,external_validation\generated_metrics\v1\warnings.txt,F:\quantule_mapper\docs\external_validation\generated_metrics\v1\warnings.txt,.txt,0,2026-07-12T01:34:08,
F:\quantule_mapper\docs,external_validation\generated_metrics\v2\read_files.txt,F:\quantule_mapper\docs\external_validation\generated_metrics\v2\read_files.txt,.txt,37,2026-07-12T01:34:08,
F:\quantule_mapper\docs,external_validation\generated_metrics\v2\report.md,F:\quantule_mapper\docs\external_validation\generated_metrics\v2\report.md,.md,1633,2026-07-12T01:34:08,
F:\quantule_mapper\docs,external_validation\generated_metrics\v2\result.json,F:\quantule_mapper\docs\external_validation\generated_metrics\v2\result.json,.json,1349,2026-07-12T01:34:08,
F:\quantule_mapper\docs,external_validation\generated_metrics\v2\warnings.txt,F:\quantule_mapper\docs\external_validation\generated_metrics\v2\warnings.txt,.txt,92,2026-07-12T01:34:08,
F:\quantule_mapper\docs,external_validation\generated_metrics\v3\read_files.txt,F:\quantule_mapper\docs\external_validation\generated_metrics\v3\read_files.txt,.txt,38,2026-07-12T01:34:08,
F:\quantule_mapper\docs,external_validation\generated_metrics\v3\report.md,F:\quantule_mapper\docs\external_validation\generated_metrics\v3\report.md,.md,1510,2026-07-12T01:34:08,
F:\quantule_mapper\docs,external_validation\generated_metrics\v3\result.json,F:\quantule_mapper\docs\external_validation\generated_metrics\v3\result.json,.json,1084,2026-07-12T01:34:08,
F:\quantule_mapper\docs,external_validation\generated_metrics\v3\warnings.txt,F:\quantule_mapper\docs\external_validation\generated_metrics\v3\warnings.txt,.txt,0,2026-07-12T01:34:08,
F:\quantule_mapper\docs,external_validation\generated_metrics\v5\read_files.txt,F:\quantule_mapper\docs\external_validation\generated_metrics\v5\read_files.txt,.txt,211,2026-07-12T01:34:08,
F:\quantule_mapper\docs,external_validation\generated_metrics\v5\report.md,F:\quantule_mapper\docs\external_validation\generated_metrics\v5\report.md,.md,5496,2026-07-12T01:34:08,
F:\quantule_mapper\docs,external_validation\generated_metrics\v5\result.json,F:\quantule_mapper\docs\external_validation\generated_metrics\v5\result.json,.json,1821,2026-07-12T01:34:08,
F:\quantule_mapper\docs,external_validation\generated_metrics\v5\warnings.txt,F:\quantule_mapper\docs\external_validation\generated_metrics\v5\warnings.txt,.txt,0,2026-07-12T01:34:08,
F:\quantule_mapper\docs,external_validation\generated_metrics\v6\read_files.txt,F:\quantule_mapper\docs\external_validation\generated_metrics\v6\read_files.txt,.txt,205,2026-07-12T01:34:08,
F:\quantule_mapper\docs,external_validation\generated_metrics\v6\report.md,F:\quantule_mapper\docs\external_validation\generated_metrics\v6\report.md,.md,2167,2026-07-12T01:34:08,
F:\quantule_mapper\docs,external_validation\generated_metrics\v6\result.json,F:\quantule_mapper\docs\external_validation\generated_metrics\v6\result.json,.json,1711,2026-07-12T01:34:08,
F:\quantule_mapper\docs,external_validation\generated_metrics\v6\warnings.txt,F:\quantule_mapper\docs\external_validation\generated_metrics\v6\warnings.txt,.txt,0,2026-07-12T01:34:08,
F:\quantule_mapper\docs,external_validation\generated_metrics\v7\read_files.txt,F:\quantule_mapper\docs\external_validation\generated_metrics\v7\read_files.txt,.txt,181,2026-07-12T01:34:08,
F:\quantule_mapper\docs,external_validation\generated_metrics\v7\report.md,F:\quantule_mapper\docs\external_validation\generated_metrics\v7\report.md,.md,1878,2026-07-12T01:34:08,
F:\quantule_mapper\docs,external_validation\generated_metrics\v7\result.json,F:\quantule_mapper\docs\external_validation\generated_metrics\v7\result.json,.json,2300,2026-07-12T01:34:08,
F:\quantule_mapper\docs,external_validation\generated_metrics\v7\warnings.txt,F:\quantule_mapper\docs\external_validation\generated_metrics\v7\warnings.txt,.txt,0,2026-07-12T01:34:08,
F:\quantule_mapper\docs,gravity_maturity\CLAUDE_HANDOFF_20260715_SUMMARY.json,F:\quantule_mapper\docs\gravity_maturity\CLAUDE_HANDOFF_20260715_SUMMARY.json,.json,4271,2026-07-15T18:28:50,
F:\quantule_mapper\docs,gravity_maturity\CLAUDE_HANDOFF_20260715_TG_B1S_AND_RUNTIME.md,F:\quantule_mapper\docs\gravity_maturity\CLAUDE_HANDOFF_20260715_TG_B1S_AND_RUNTIME.md,.md,10351,2026-07-15T22:34:39,
F:\quantule_mapper\docs,gravity_maturity\CONCEPT_IMPLEMENTATION_AND_GAP_ANALYSIS.md,F:\quantule_mapper\docs\gravity_maturity\CONCEPT_IMPLEMENTATION_AND_GAP_ANALYSIS.md,.md,17826,2026-07-17T20:18:42,
F:\quantule_mapper\docs,gravity_maturity\CONCEPT_IMPLEMENTATION_AND_GAP_ANALYSIS_CODEX_CONTINUATION_20260717.md,F:\quantule_mapper\docs\gravity_maturity\CONCEPT_IMPLEMENTATION_AND_GAP_ANALYSIS_CODEX_CONTINUATION_20260717.md,.md,19046,2026-07-17T20:18:30,
F:\quantule_mapper\docs,gravity_maturity\CX_GPU_FOLLOWUP_SPRINT_REVIEW_20260718.md,F:\quantule_mapper\docs\gravity_maturity\CX_GPU_FOLLOWUP_SPRINT_REVIEW_20260718.md,.md,5863,2026-07-18T08:13:17,
F:\quantule_mapper\docs,gravity_maturity\G0_DOCUMENTATION_INPUTS.md,F:\quantule_mapper\docs\gravity_maturity\G0_DOCUMENTATION_INPUTS.md,.md,993,2026-07-14T10:03:09,
F:\quantule_mapper\docs,gravity_maturity\G0_RESULTS.md,F:\quantule_mapper\docs\gravity_maturity\G0_RESULTS.md,.md,1104,2026-07-14T10:03:09,
F:\quantule_mapper\docs,gravity_maturity\G0_SUMMARY.json,F:\quantule_mapper\docs\gravity_maturity\G0_SUMMARY.json,.json,698,2026-07-14T10:03:09,
F:\quantule_mapper\docs,gravity_maturity\G1_DOCUMENTATION_INPUTS.md,F:\quantule_mapper\docs\gravity_maturity\G1_DOCUMENTATION_INPUTS.md,.md,2336,2026-07-14T10:07:31,
F:\quantule_mapper\docs,gravity_maturity\G1_RESULTS.md,F:\quantule_mapper\docs\gravity_maturity\G1_RESULTS.md,.md,2686,2026-07-14T10:07:31,
F:\quantule_mapper\docs,gravity_maturity\G1_SUMMARY.json,F:\quantule_mapper\docs\gravity_maturity\G1_SUMMARY.json,.json,786,2026-07-14T10:07:31,
F:\quantule_mapper\docs,gravity_maturity\GRAVITY_CURRENT_STATUS.json,F:\quantule_mapper\docs\gravity_maturity\GRAVITY_CURRENT_STATUS.json,.json,3735,2026-07-15T22:34:55,
F:\quantule_mapper\docs,gravity_maturity\GRAVITY_LABEL_LEDGER.md,F:\quantule_mapper\docs\gravity_maturity\GRAVITY_LABEL_LEDGER.md,.md,2397,2026-07-14T10:07:44,
F:\quantule_mapper\docs,gravity_maturity\GRAVITY_RUNTIME_ARCHITECTURE_HARDENING_PLAN.md,F:\quantule_mapper\docs\gravity_maturity\GRAVITY_RUNTIME_ARCHITECTURE_HARDENING_PLAN.md,.md,10289,2026-07-15T17:08:40,
F:\quantule_mapper\docs,gravity_maturity\TG_A_ACTION_AND_SOURCE_AUDIT.md,F:\quantule_mapper\docs\gravity_maturity\TG_A_ACTION_AND_SOURCE_AUDIT.md,.md,1641,2026-07-14T11:41:36,
F:\quantule_mapper\docs,gravity_maturity\TG_A_DOCUMENTATION_INPUTS.md,F:\quantule_mapper\docs\gravity_maturity\TG_A_DOCUMENTATION_INPUTS.md,.md,478,2026-07-14T11:41:36,
F:\quantule_mapper\docs,gravity_maturity\TG_A_MODEL_SPEC.json,F:\quantule_mapper\docs\gravity_maturity\TG_A_MODEL_SPEC.json,.json,2143,2026-07-14T11:41:36,
F:\quantule_mapper\docs,gravity_maturity\TG_A_RESULTS.md,F:\quantule_mapper\docs\gravity_maturity\TG_A_RESULTS.md,.md,1641,2026-07-14T11:41:36,
F:\quantule_mapper\docs,gravity_maturity\TG_A_SUMMARY.json,F:\quantule_mapper\docs\gravity_maturity\TG_A_SUMMARY.json,.json,330,2026-07-14T11:41:36,
F:\quantule_mapper\docs,gravity_maturity\TG_B0_DOCUMENTATION_INPUTS.md,F:\quantule_mapper\docs\gravity_maturity\TG_B0_DOCUMENTATION_INPUTS.md,.md,292,2026-07-14T11:42:06,
F:\quantule_mapper\docs,gravity_maturity\TG_B0_RESULTS.md,F:\quantule_mapper\docs\gravity_maturity\TG_B0_RESULTS.md,.md,1261,2026-07-14T11:42:06,
F:\quantule_mapper\docs,gravity_maturity\TG_B0_SUMMARY.json,F:\quantule_mapper\docs\gravity_maturity\TG_B0_SUMMARY.json,.json,209,2026-07-14T11:42:06,
F:\quantule_mapper\docs,gravity_maturity\TG_B1S_BOX_DEPENDENCE_RESULTS.md,F:\quantule_mapper\docs\gravity_maturity\TG_B1S_BOX_DEPENDENCE_RESULTS.md,.md,5649,2026-07-15T22:37:54,
F:\quantule_mapper\docs,gravity_maturity\TG_B1S_D4_BOX_DISCREPANCY_CODEX_NOTE_20260715.md,F:\quantule_mapper\docs\gravity_maturity\TG_B1S_D4_BOX_DISCREPANCY_CODEX_NOTE_20260715.md,.md,4129,2026-07-15T22:35:10,
F:\quantule_mapper\docs,gravity_maturity\TG_B1S_D4_DOCUMENTATION_INPUTS.md,F:\quantule_mapper\docs\gravity_maturity\TG_B1S_D4_DOCUMENTATION_INPUTS.md,.md,1741,2026-07-15T22:00:39,
F:\quantule_mapper\docs,gravity_maturity\TG_B1S_D4_FINAL_ANALYSIS.md,F:\quantule_mapper\docs\gravity_maturity\TG_B1S_D4_FINAL_ANALYSIS.md,.md,10767,2026-07-15T22:38:24,
F:\quantule_mapper\docs,gravity_maturity\TG_B1S_D4_RESULTS.md,F:\quantule_mapper\docs\gravity_maturity\TG_B1S_D4_RESULTS.md,.md,5408,2026-07-15T22:35:10,
F:\quantule_mapper\docs,gravity_maturity\TG_B1S_D4_SUMMARY.json,F:\quantule_mapper\docs\gravity_maturity\TG_B1S_D4_SUMMARY.json,.json,2880,2026-07-15T22:35:10,
F:\quantule_mapper\docs,gravity_maturity\TG_B1S_DOCUMENTATION_INPUTS.md,F:\quantule_mapper\docs\gravity_maturity\TG_B1S_DOCUMENTATION_INPUTS.md,.md,1185,2026-07-14T14:11:03,
F:\quantule_mapper\docs,gravity_maturity\TG_B1S_D_DOCUMENTATION_INPUTS.md,F:\quantule_mapper\docs\gravity_maturity\TG_B1S_D_DOCUMENTATION_INPUTS.md,.md,2004,2026-07-14T23:55:44,
F:\quantule_mapper\docs,gravity_maturity\TG_B1S_D_RESULTS.md,F:\quantule_mapper\docs\gravity_maturity\TG_B1S_D_RESULTS.md,.md,2430,2026-07-14T23:55:44,
F:\quantule_mapper\docs,gravity_maturity\TG_B1S_D_SUMMARY.json,F:\quantule_mapper\docs\gravity_maturity\TG_B1S_D_SUMMARY.json,.json,1778,2026-07-14T23:55:44,
F:\quantule_mapper\docs,gravity_maturity\TG_B1S_EQUATION_AUDIT_ADDENDUM_20260715.md,F:\quantule_mapper\docs\gravity_maturity\TG_B1S_EQUATION_AUDIT_ADDENDUM_20260715.md,.md,9123,2026-07-15T18:27:58,
F:\quantule_mapper\docs,gravity_maturity\TG_B1S_FC1_AND_RUN_QUEUE_BANKING_NOTE_20260715.md,F:\quantule_mapper\docs\gravity_maturity\TG_B1S_FC1_AND_RUN_QUEUE_BANKING_NOTE_20260715.md,.md,3731,2026-07-15T18:28:50,
F:\quantule_mapper\docs,gravity_maturity\TG_B1S_FREQUENCY_CONTRACT_RESULTS.md,F:\quantule_mapper\docs\gravity_maturity\TG_B1S_FREQUENCY_CONTRACT_RESULTS.md,.md,3348,2026-07-15T18:20:28,
F:\quantule_mapper\docs,gravity_maturity\TG_B1S_LT_DOCUMENTATION_INPUTS.md,F:\quantule_mapper\docs\gravity_maturity\TG_B1S_LT_DOCUMENTATION_INPUTS.md,.md,2018,2026-07-14T18:31:34,
F:\quantule_mapper\docs,gravity_maturity\TG_B1S_LT_RESULTS.md,F:\quantule_mapper\docs\gravity_maturity\TG_B1S_LT_RESULTS.md,.md,2717,2026-07-14T18:31:34,
F:\quantule_mapper\docs,gravity_maturity\TG_B1S_LT_SUMMARY.json,F:\quantule_mapper\docs\gravity_maturity\TG_B1S_LT_SUMMARY.json,.json,1482,2026-07-14T18:32:31,
F:\quantule_mapper\docs,gravity_maturity\TG_B1S_PROPOSED_CHECKS_CATALOG.md,F:\quantule_mapper\docs\gravity_maturity\TG_B1S_PROPOSED_CHECKS_CATALOG.md,.md,5048,2026-07-15T22:16:59,
F:\quantule_mapper\docs,gravity_maturity\TG_B1S_RESULTS.md,F:\quantule_mapper\docs\gravity_maturity\TG_B1S_RESULTS.md,.md,2347,2026-07-14T14:10:54,
F:\quantule_mapper\docs,gravity_maturity\TG_B1S_R_DOCUMENTATION_INPUTS.md,F:\quantule_mapper\docs\gravity_maturity\TG_B1S_R_DOCUMENTATION_INPUTS.md,.md,1092,2026-07-14T15:04:40,
F:\quantule_mapper\docs,gravity_maturity\TG_B1S_R_RESULTS.md,F:\quantule_mapper\docs\gravity_maturity\TG_B1S_R_RESULTS.md,.md,2631,2026-07-14T15:04:13,
F:\quantule_mapper\docs,gravity_maturity\TG_B1S_R_SUMMARY.json,F:\quantule_mapper\docs\gravity_maturity\TG_B1S_R_SUMMARY.json,.json,1547,2026-07-14T15:04:29,
F:\quantule_mapper\docs,gravity_maturity\TG_B1S_SUMMARY.json,F:\quantule_mapper\docs\gravity_maturity\TG_B1S_SUMMARY.json,.json,1263,2026-07-14T14:11:19,
F:\quantule_mapper\docs,gravity_maturity\TG_B1_DOCUMENTATION_INPUTS.md,F:\quantule_mapper\docs\gravity_maturity\TG_B1_DOCUMENTATION_INPUTS.md,.md,624,2026-07-14T12:00:22,
F:\quantule_mapper\docs,gravity_maturity\TG_B1_RESULTS.md,F:\quantule_mapper\docs\gravity_maturity\TG_B1_RESULTS.md,.md,1413,2026-07-14T13:14:45,
F:\quantule_mapper\docs,gravity_maturity\TG_B1_SUMMARY.json,F:\quantule_mapper\docs\gravity_maturity\TG_B1_SUMMARY.json,.json,409,2026-07-14T12:00:22,
F:\quantule_mapper\docs,gravity_maturity\TG_B2_CHARACTERIZATION_RESULTS.md,F:\quantule_mapper\docs\gravity_maturity\TG_B2_CHARACTERIZATION_RESULTS.md,.md,3585,2026-07-18T21:16:35,
F:\quantule_mapper\docs,gravity_maturity\TG_B2_CHARGE_AUDIT_RESULTS.md,F:\quantule_mapper\docs\gravity_maturity\TG_B2_CHARGE_AUDIT_RESULTS.md,.md,4520,2026-07-19T00:55:27,
F:\quantule_mapper\docs,gravity_maturity\TG_B2_MC3_ALIGNMENT_RESULTS.md,F:\quantule_mapper\docs\gravity_maturity\TG_B2_MC3_ALIGNMENT_RESULTS.md,.md,7939,2026-07-18T12:08:15,
F:\quantule_mapper\docs,gravity_maturity\TG_B2_METHOD_ASSESSMENT_AND_DYNAMICAL_PLAN.md,F:\quantule_mapper\docs\gravity_maturity\TG_B2_METHOD_ASSESSMENT_AND_DYNAMICAL_PLAN.md,.md,7731,2026-07-16T00:45:56,
F:\quantule_mapper\docs,gravity_maturity\TG_B2_OVERNIGHT_RESULTS.md,F:\quantule_mapper\docs\gravity_maturity\TG_B2_OVERNIGHT_RESULTS.md,.md,5002,2026-07-16T14:45:00,
F:\quantule_mapper\docs,gravity_maturity\TG_B2_TWO_NODE_FORCE_RESULTS.md,F:\quantule_mapper\docs\gravity_maturity\TG_B2_TWO_NODE_FORCE_RESULTS.md,.md,12220,2026-07-16T14:28:40,
F:\quantule_mapper\docs,gravity_maturity\TG_B3_FOUNDATIONS_DESIGN_CONTRACT.md,F:\quantule_mapper\docs\gravity_maturity\TG_B3_FOUNDATIONS_DESIGN_CONTRACT.md,.md,8055,2026-07-16T15:14:21,
F:\quantule_mapper\docs,gravity_maturity\TG_CONSOLIDATION_AND_VALIDATION_FRAMEWORK.md,F:\quantule_mapper\docs\gravity_maturity\TG_CONSOLIDATION_AND_VALIDATION_FRAMEWORK.md,.md,7170,2026-07-16T15:01:10,
F:\quantule_mapper\docs,gravity_maturity\TG_PROTECTED_REGISTRY.json,F:\quantule_mapper\docs\gravity_maturity\TG_PROTECTED_REGISTRY.json,.json,3235,2026-07-16T15:01:51,
F:\quantule_mapper\docs,gravity_maturity\TG_RECOVERED_CONCEPTS_INTEGRATION_AND_REPRIORITIZATION.md,F:\quantule_mapper\docs\gravity_maturity\TG_RECOVERED_CONCEPTS_INTEGRATION_AND_REPRIORITIZATION.md,.md,11257,2026-07-18T00:04:12,
F:\quantule_mapper\docs,gravity_maturity\TG_SEMANTIC_BASELINE_AND_POSTULATE_AUDIT.md,F:\quantule_mapper\docs\gravity_maturity\TG_SEMANTIC_BASELINE_AND_POSTULATE_AUDIT.md,.md,8403,2026-07-16T15:00:19,
F:\quantule_mapper\docs,gravity_maturity\TG_S_DOCUMENTATION_INPUTS.md,F:\quantule_mapper\docs\gravity_maturity\TG_S_DOCUMENTATION_INPUTS.md,.md,530,2026-07-14T13:36:32,
F:\quantule_mapper\docs,gravity_maturity\TG_S_RESULTS.md,F:\quantule_mapper\docs\gravity_maturity\TG_S_RESULTS.md,.md,1245,2026-07-14T13:36:32,
F:\quantule_mapper\docs,gravity_maturity\TG_S_SUMMARY.json,F:\quantule_mapper\docs\gravity_maturity\TG_S_SUMMARY.json,.json,2033,2026-07-14T13:36:32,
F:\quantule_mapper\docs,gravity_maturity\TG_TOOL_AND_METHOD_AUDIT.md,F:\quantule_mapper\docs\gravity_maturity\TG_TOOL_AND_METHOD_AUDIT.md,.md,1071,2026-07-14T11:41:36,
F:\quantule_mapper\docs,gravity_maturity\TG_TWO_NODE_SIGN_CHAIN_DESIGN_CONTRACT.md,F:\quantule_mapper\docs\gravity_maturity\TG_TWO_NODE_SIGN_CHAIN_DESIGN_CONTRACT.md,.md,7307,2026-07-15T22:42:56,
F:\quantule_mapper\docs,gravity_maturity\TOOL_AND_METHOD_AUDIT.md,F:\quantule_mapper\docs\gravity_maturity\TOOL_AND_METHOD_AUDIT.md,.md,1009,2026-07-14T10:03:09,
F:\quantule_mapper\docs,legacy_colab_variants_pre-deployment_ R&d\adaptive_hunt_orchestrator (3).py,F:\quantule_mapper\docs\legacy_colab_variants_pre-deployment_ R&d\adaptive_hunt_orchestrator (3).py,.py,9536,2025-11-25T13:10:49,
F:\quantule_mapper\docs,legacy_colab_variants_pre-deployment_ R&d\adaptive_hunt_orchestrator (4).py,F:\quantule_mapper\docs\legacy_colab_variants_pre-deployment_ R&d\adaptive_hunt_orchestrator (4).py,.py,5739,2025-11-25T13:12:06,
F:\quantule_mapper\docs,legacy_colab_variants_pre-deployment_ R&d\closed_loop_irer_sim (1).py,F:\quantule_mapper\docs\legacy_colab_variants_pre-deployment_ R&d\closed_loop_irer_sim (1).py,.py,237737,2025-11-25T00:15:39,
F:\quantule_mapper\docs,legacy_colab_variants_pre-deployment_ R&d\final_geo_int_irer_engine.py,F:\quantule_mapper\docs\legacy_colab_variants_pre-deployment_ R&d\final_geo_int_irer_engine.py,.py,72172,2025-11-25T00:20:11,
F:\quantule_mapper\docs,legacy_colab_variants_pre-deployment_ R&d\New Text Document.txt,F:\quantule_mapper\docs\legacy_colab_variants_pre-deployment_ R&d\New Text Document.txt,.txt,10582,2026-02-11T17:02:53,
F:\quantule_mapper\docs,legacy_colab_variants_pre-deployment_ R&d\notebook_categorizer.py,F:\quantule_mapper\docs\legacy_colab_variants_pre-deployment_ R&d\notebook_categorizer.py,.py,10582,2026-02-11T17:03:04,
F:\quantule_mapper\docs,legacy_colab_variants_pre-deployment_ R&d\settings (2).py,F:\quantule_mapper\docs\legacy_colab_variants_pre-deployment_ R&d\settings (2).py,.py,2383,2025-11-24T13:40:48,
F:\quantule_mapper\docs,legacy_colab_variants_pre-deployment_ R&d\validation_pipeline (2).py,F:\quantule_mapper\docs\legacy_colab_variants_pre-deployment_ R&d\validation_pipeline (2).py,.py,6179,2025-11-24T13:40:47,
F:\quantule_mapper\docs,past_variants\lower_dimension\4d simulation v12.txt,F:\quantule_mapper\docs\past_variants\lower_dimension\4d simulation v12.txt,.txt,7437,2025-08-16T13:41:58,
F:\quantule_mapper\docs,past_variants\lower_dimension\analyze_data_v4.py,F:\quantule_mapper\docs\past_variants\lower_dimension\analyze_data_v4.py,.py,23730,2025-08-11T14:08:48,
F:\quantule_mapper\docs,past_variants\lower_dimension\mapper.py,F:\quantule_mapper\docs\past_variants\lower_dimension\mapper.py,.py,8253,2025-08-25T04:33:30,
F:\quantule_mapper\docs,past_variants\lower_dimension\rho_1d_adaptive_hunt_for_k=2_(drive_&_path_fix).py,F:\quantule_mapper\docs\past_variants\lower_dimension\rho_1d_adaptive_hunt_for_k=2_(drive_&_path_fix).py,.py,83781,2025-06-27T02:24:24,
F:\quantule_mapper\docs,past_variants\lower_dimension\utils.py,F:\quantule_mapper\docs\past_variants\lower_dimension\utils.py,.py,1046,2025-08-25T04:33:30,
F:\quantule_mapper\docs,superpowers\plans\2026-06-23-collapse-runaway-diagnostic.md,F:\quantule_mapper\docs\superpowers\plans\2026-06-23-collapse-runaway-diagnostic.md,.md,5843,2026-06-23T14:51:25,
F:\quantule_mapper\docs,theory_synthesis\IRER_MATHEMATICAL_PROOFS_AND_IDENTITIES.md,F:\quantule_mapper\docs\theory_synthesis\IRER_MATHEMATICAL_PROOFS_AND_IDENTITIES.md,.md,10431,2026-07-10T18:30:58,
F:\quantule_mapper\docs,theory_synthesis\IRER_NUMERICAL_MODEL_AND_MATHS_TRACEBACK.md,F:\quantule_mapper\docs\theory_synthesis\IRER_NUMERICAL_MODEL_AND_MATHS_TRACEBACK.md,.md,8417,2026-07-12T18:49:19,
F:\quantule_mapper\docs,theory_synthesis\IRER_SIMULATION_RESULTS_AND_THEORY_STATUS.md,F:\quantule_mapper\docs\theory_synthesis\IRER_SIMULATION_RESULTS_AND_THEORY_STATUS.md,.md,10073,2026-07-12T20:27:42,
F:\quantule_mapper\docs,theory_synthesis\IRER_TEMPORAL_GEOMETRIC_FEEDBACK_LOOP.md,F:\quantule_mapper\docs\theory_synthesis\IRER_TEMPORAL_GEOMETRIC_FEEDBACK_LOOP.md,.md,21157,2026-07-14T11:21:16,
F:\quantule_mapper\docs,theory_synthesis\IRER_THEORY_AND_CONCEPT_TRANSLATION.md,F:\quantule_mapper\docs\theory_synthesis\IRER_THEORY_AND_CONCEPT_TRANSLATION.md,.md,13391,2026-07-12T21:07:33,
F:\quantule_mapper\docs,theory_synthesis\QUANTULE_MAPPER_ARCHITECTURE_AND_DESIGN_PATTERNS.md,F:\quantule_mapper\docs\theory_synthesis\QUANTULE_MAPPER_ARCHITECTURE_AND_DESIGN_PATTERNS.md,.md,7477,2026-07-10T18:31:46,
F:\quantule_mapper\docs,theory_synthesis\README.md,F:\quantule_mapper\docs\theory_synthesis\README.md,.md,5393,2026-07-14T10:54:35,
F:\quantule_mapper\docs,theory_synthesis\expanded_declaration\00_EXPANDED_DECLARATION_MASTER.md,F:\quantule_mapper\docs\theory_synthesis\expanded_declaration\00_EXPANDED_DECLARATION_MASTER.md,.md,4486,2026-07-16T18:29:56,
F:\quantule_mapper\docs,theory_synthesis\expanded_declaration\09_MISSING_CONCEPTS_AND_ADDENDA.md,F:\quantule_mapper\docs\theory_synthesis\expanded_declaration\09_MISSING_CONCEPTS_AND_ADDENDA.md,.md,6628,2026-07-16T18:29:56,
F:\quantule_mapper\docs,theory_synthesis\expanded_declaration\11_PHASE1_DELTA_REPORT.md,F:\quantule_mapper\docs\theory_synthesis\expanded_declaration\11_PHASE1_DELTA_REPORT.md,.md,9964,2026-07-16T18:29:56,
F:\quantule_mapper\docs,theory_synthesis\expanded_declaration\PRELIMINARY_CONCEPT_SYNOPSIS_NOT_ARCHIVALLY_COMPLETE.md,F:\quantule_mapper\docs\theory_synthesis\expanded_declaration\PRELIMINARY_CONCEPT_SYNOPSIS_NOT_ARCHIVALLY_COMPLETE.md,.md,54871,2026-07-16T19:37:56,
F:\quantule_mapper\docs,theory_synthesis\expanded_declaration\README.md,F:\quantule_mapper\docs\theory_synthesis\expanded_declaration\README.md,.md,5222,2026-07-16T20:31:51,
F:\quantule_mapper\docs,theory_synthesis\expanded_declaration\01_FOUNDATIONAL_DOMAIN_AND_DYNAMICS\00_READER_ORIENTATION.md,F:\quantule_mapper\docs\theory_synthesis\expanded_declaration\01_FOUNDATIONAL_DOMAIN_AND_DYNAMICS\00_READER_ORIENTATION.md,.md,4786,2026-07-16T19:42:53,
F:\quantule_mapper\docs,theory_synthesis\expanded_declaration\01_FOUNDATIONAL_DOMAIN_AND_DYNAMICS\01_CANONICAL_EXPOSITION.md,F:\quantule_mapper\docs\theory_synthesis\expanded_declaration\01_FOUNDATIONAL_DOMAIN_AND_DYNAMICS\01_CANONICAL_EXPOSITION.md,.md,14068,2026-07-16T19:46:04,
F:\quantule_mapper\docs,theory_synthesis\expanded_declaration\01_FOUNDATIONAL_DOMAIN_AND_DYNAMICS\02_ORIGINAL_FORMULATIONS.md,F:\quantule_mapper\docs\theory_synthesis\expanded_declaration\01_FOUNDATIONAL_DOMAIN_AND_DYNAMICS\02_ORIGINAL_FORMULATIONS.md,.md,23154,2026-07-16T19:42:53,
F:\quantule_mapper\docs,theory_synthesis\expanded_declaration\01_FOUNDATIONAL_DOMAIN_AND_DYNAMICS\03_DEVELOPMENTAL_DIALOGUES.md,F:\quantule_mapper\docs\theory_synthesis\expanded_declaration\01_FOUNDATIONAL_DOMAIN_AND_DYNAMICS\03_DEVELOPMENTAL_DIALOGUES.md,.md,27927,2026-07-16T19:42:53,
F:\quantule_mapper\docs,theory_synthesis\expanded_declaration\01_FOUNDATIONAL_DOMAIN_AND_DYNAMICS\04_FORMAL_TRANSLATIONS_AND_AUTHOR_RESPONSES.md,F:\quantule_mapper\docs\theory_synthesis\expanded_declaration\01_FOUNDATIONAL_DOMAIN_AND_DYNAMICS\04_FORMAL_TRANSLATIONS_AND_AUTHOR_RESPONSES.md,.md,14000,2026-07-16T19:42:53,
F:\quantule_mapper\docs,theory_synthesis\expanded_declaration\01_FOUNDATIONAL_DOMAIN_AND_DYNAMICS\05_REVISIONS_ALTERNATIVES_AND_ABANDONED_BRANCHES.md,F:\quantule_mapper\docs\theory_synthesis\expanded_declaration\01_FOUNDATIONAL_DOMAIN_AND_DYNAMICS\05_REVISIONS_ALTERNATIVES_AND_ABANDONED_BRANCHES.md,.md,6743,2026-07-16T19:46:04,
F:\quantule_mapper\docs,theory_synthesis\expanded_declaration\01_FOUNDATIONAL_DOMAIN_AND_DYNAMICS\06_APPLICATIONS_TESTS_AND_CURRENT_STATUS.md,F:\quantule_mapper\docs\theory_synthesis\expanded_declaration\01_FOUNDATIONAL_DOMAIN_AND_DYNAMICS\06_APPLICATIONS_TESTS_AND_CURRENT_STATUS.md,.md,6884,2026-07-16T19:46:04,
F:\quantule_mapper\docs,theory_synthesis\expanded_declaration\01_FOUNDATIONAL_DOMAIN_AND_DYNAMICS\07_EMERGENT_PROPERTIES_AND_UNRESOLVED_IMPLICATIONS.md,F:\quantule_mapper\docs\theory_synthesis\expanded_declaration\01_FOUNDATIONAL_DOMAIN_AND_DYNAMICS\07_EMERGENT_PROPERTIES_AND_UNRESOLVED_IMPLICATIONS.md,.md,6598,2026-07-16T19:46:04,
F:\quantule_mapper\docs,theory_synthesis\expanded_declaration\01_FOUNDATIONAL_DOMAIN_AND_DYNAMICS\08_COMPLETE_SOURCE_COVERAGE_REGISTER.md,F:\quantule_mapper\docs\theory_synthesis\expanded_declaration\01_FOUNDATIONAL_DOMAIN_AND_DYNAMICS\08_COMPLETE_SOURCE_COVERAGE_REGISTER.md,.md,16805,2026-07-16T19:47:38,
F:\quantule_mapper\docs,theory_synthesis\expanded_declaration\01_FOUNDATIONAL_DOMAIN_AND_DYNAMICS\09_GLOSSARY_AND_CONCEPT_DEPENDENCIES.md,F:\quantule_mapper\docs\theory_synthesis\expanded_declaration\01_FOUNDATIONAL_DOMAIN_AND_DYNAMICS\09_GLOSSARY_AND_CONCEPT_DEPENDENCIES.md,.md,5363,2026-07-16T19:46:04,
F:\quantule_mapper\docs,theory_synthesis\expanded_declaration\01_FOUNDATIONAL_DOMAIN_AND_DYNAMICS\10_ARCHIVAL_SUFFICIENCY_AUDIT.md,F:\quantule_mapper\docs\theory_synthesis\expanded_declaration\01_FOUNDATIONAL_DOMAIN_AND_DYNAMICS\10_ARCHIVAL_SUFFICIENCY_AUDIT.md,.md,4062,2026-07-16T19:46:04,
F:\quantule_mapper\docs,theory_synthesis\irer_archive\00_ARCHIVE_MASTER.md,F:\quantule_mapper\docs\theory_synthesis\irer_archive\00_ARCHIVE_MASTER.md,.md,6660,2026-07-17T18:41:53,
F:\quantule_mapper\docs,theory_synthesis\irer_archive\00_CORPUS_COVERAGE_REGISTER.md,F:\quantule_mapper\docs\theory_synthesis\irer_archive\00_CORPUS_COVERAGE_REGISTER.md,.md,59223,2026-07-17T18:37:23,
F:\quantule_mapper\docs,theory_synthesis\irer_archive\00_V9_CITATION_RESOLUTION.md,F:\quantule_mapper\docs\theory_synthesis\irer_archive\00_V9_CITATION_RESOLUTION.md,.md,9548,2026-07-16T22:01:51,
F:\quantule_mapper\docs,theory_synthesis\irer_archive\CROSSMAP_CONCEPTS_VS_RESULTS.md,F:\quantule_mapper\docs\theory_synthesis\irer_archive\CROSSMAP_CONCEPTS_VS_RESULTS.md,.md,20119,2026-07-17T23:59:07,
F:\quantule_mapper\docs,theory_synthesis\irer_archive\_triage.json,F:\quantule_mapper\docs\theory_synthesis\irer_archive\_triage.json,.json,159904,2026-07-16T21:59:20,
F:\quantule_mapper\docs,theory_synthesis\irer_archive\_work_queue.md,F:\quantule_mapper\docs\theory_synthesis\irer_archive\_work_queue.md,.md,23073,2026-07-16T22:02:06,
F:\quantule_mapper\docs,theory_synthesis\irer_archive\conversations\2025-05\D20250514_191601_irer-theory-expansion.md,F:\quantule_mapper\docs\theory_synthesis\irer_archive\conversations\2025-05\D20250514_191601_irer-theory-expansion.md,.md,84616,2026-07-17T08:36:41,
F:\quantule_mapper\docs,theory_synthesis\irer_archive\conversations\2025-05\D20250515_220619_iqg-equation-modeling.md,F:\quantule_mapper\docs\theory_synthesis\irer_archive\conversations\2025-05\D20250515_220619_iqg-equation-modeling.md,.md,24334,2026-07-17T08:38:52,
F:\quantule_mapper\docs,theory_synthesis\irer_archive\conversations\2025-05\D20250515_232133_prime-indexed-frequency-calculation.md,F:\quantule_mapper\docs\theory_synthesis\irer_archive\conversations\2025-05\D20250515_232133_prime-indexed-frequency-calculation.md,.md,29217,2026-07-17T13:38:44,
F:\quantule_mapper\docs,theory_synthesis\irer_archive\conversations\2025-05\D20250516_010307_code-debugging-request.md,F:\quantule_mapper\docs\theory_synthesis\irer_archive\conversations\2025-05\D20250516_010307_code-debugging-request.md,.md,36200,2026-07-17T13:42:14,
F:\quantule_mapper\docs,theory_synthesis\irer_archive\conversations\2025-05\D20250516_010414_code-debugging-and-fixing.md,F:\quantule_mapper\docs\theory_synthesis\irer_archive\conversations\2025-05\D20250516_010414_code-debugging-and-fixing.md,.md,10190,2026-07-17T13:43:27,
F:\quantule_mapper\docs,theory_synthesis\irer_archive\conversations\2025-05\D20250516_011140_code-expansion-request.md,F:\quantule_mapper\docs\theory_synthesis\irer_archive\conversations\2025-05\D20250516_011140_code-expansion-request.md,.md,49874,2026-07-17T18:31:23,
F:\quantule_mapper\docs,theory_synthesis\irer_archive\conversations\2025-05\D20250516_030512_irer-simulation-pipeline-summary.md,F:\quantule_mapper\docs\theory_synthesis\irer_archive\conversations\2025-05\D20250516_030512_irer-simulation-pipeline-summary.md,.md,22214,2026-07-17T13:46:27,
F:\quantule_mapper\docs,theory_synthesis\irer_archive\conversations\2025-05\D20250517_121423_irer-theory-documentation-guide.md,F:\quantule_mapper\docs\theory_synthesis\irer_archive\conversations\2025-05\D20250517_121423_irer-theory-documentation-guide.md,.md,25707,2026-07-17T08:30:29,
F:\quantule_mapper\docs,theory_synthesis\irer_archive\conversations\2025-05\D20250517_135856_irer-fundamental-forces-development.md,F:\quantule_mapper\docs\theory_synthesis\irer_archive\conversations\2025-05\D20250517_135856_irer-fundamental-forces-development.md,.md,63422,2026-07-16T22:01:25,
F:\quantule_mapper\docs,theory_synthesis\irer_archive\conversations\2025-05\D20250518_073443_splash-enabled-irer-simulation-results.md,F:\quantule_mapper\docs\theory_synthesis\irer_archive\conversations\2025-05\D20250518_073443_splash-enabled-irer-simulation-results.md,.md,31874,2026-07-17T08:36:35,
F:\quantule_mapper\docs,theory_synthesis\irer_archive\conversations\2025-05\D20250518_081202_declaration-of-irer-provenance.part1.md,F:\quantule_mapper\docs\theory_synthesis\irer_archive\conversations\2025-05\D20250518_081202_declaration-of-irer-provenance.part1.md,.md,154295,2026-07-17T01:13:30,
F:\quantule_mapper\docs,theory_synthesis\irer_archive\conversations\2025-05\D20250518_081202_declaration-of-irer-provenance.part2.md,F:\quantule_mapper\docs\theory_synthesis\irer_archive\conversations\2025-05\D20250518_081202_declaration-of-irer-provenance.part2.md,.md,486837,2026-07-17T13:29:05,
F:\quantule_mapper\docs,theory_synthesis\irer_archive\conversations\2025-05\D20250518_081202_declaration-of-irer-provenance.part3.md,F:\quantule_mapper\docs\theory_synthesis\irer_archive\conversations\2025-05\D20250518_081202_declaration-of-irer-provenance.part3.md,.md,347460,2026-07-17T08:23:08,
F:\quantule_mapper\docs,theory_synthesis\irer_archive\conversations\2025-05\D20250518_091613_phase-field-informational-resonance.md,F:\quantule_mapper\docs\theory_synthesis\irer_archive\conversations\2025-05\D20250518_091613_phase-field-informational-resonance.md,.md,132450,2026-07-16T22:01:27,
F:\quantule_mapper\docs,theory_synthesis\irer_archive\conversations\2025-05\D20250518_224554_quantules-and-payan-states.md,F:\quantule_mapper\docs\theory_synthesis\irer_archive\conversations\2025-05\D20250518_224554_quantules-and-payan-states.md,.md,28188,2026-07-17T08:32:52,
F:\quantule_mapper\docs,theory_synthesis\irer_archive\conversations\2025-05\D20250519_105705_irer-simulation-guide.md,F:\quantule_mapper\docs\theory_synthesis\irer_archive\conversations\2025-05\D20250519_105705_irer-simulation-guide.md,.md,52689,2026-07-17T18:35:49,
F:\quantule_mapper\docs,theory_synthesis\irer_archive\conversations\2025-05\D20250521_012015_irer-theory-reference-integration.md,F:\quantule_mapper\docs\theory_synthesis\irer_archive\conversations\2025-05\D20250521_012015_irer-theory-reference-integration.md,.md,76444,2026-07-17T13:44:04,
F:\quantule_mapper\docs,theory_synthesis\irer_archive\conversations\2025-05\_WORKORDER_D20250518_081202.md,F:\quantule_mapper\docs\theory_synthesis\irer_archive\conversations\2025-05\_WORKORDER_D20250518_081202.md,.md,8298,2026-07-16T20:56:36,
F:\quantule_mapper\docs,theory_synthesis\irer_archive\declaration_v10\DELTA_REPORT_V9_TO_V10.md,F:\quantule_mapper\docs\theory_synthesis\irer_archive\declaration_v10\DELTA_REPORT_V9_TO_V10.md,.md,18010,2026-07-17T18:26:42,
F:\quantule_mapper\docs,theory_synthesis\irer_archive\tools\triage.py,F:\quantule_mapper\docs\theory_synthesis\irer_archive\tools\triage.py,.py,14416,2026-07-16T20:30:10,
F:\quantule_mapper\docs,theory_synthesis\provenance_transcript_extraction\01_EXTRACTION_PROTOCOL.md,F:\quantule_mapper\docs\theory_synthesis\provenance_transcript_extraction\01_EXTRACTION_PROTOCOL.md,.md,4595,2026-07-16T16:45:41,
F:\quantule_mapper\docs,theory_synthesis\provenance_transcript_extraction\02_ORIGINAL_THEORISING_AND_CONCEPT_EXPLORATION.md,F:\quantule_mapper\docs\theory_synthesis\provenance_transcript_extraction\02_ORIGINAL_THEORISING_AND_CONCEPT_EXPLORATION.md,.md,9292,2026-07-16T16:45:41,
F:\quantule_mapper\docs,theory_synthesis\provenance_transcript_extraction\03_REVISIONS_OF_EXISTING_IRER_CONCEPTS.md,F:\quantule_mapper\docs\theory_synthesis\provenance_transcript_extraction\03_REVISIONS_OF_EXISTING_IRER_CONCEPTS.md,.md,7128,2026-07-16T16:45:41,
F:\quantule_mapper\docs,theory_synthesis\provenance_transcript_extraction\04_PROPOSED_METHODS_FOR_APPLICATION.md,F:\quantule_mapper\docs\theory_synthesis\provenance_transcript_extraction\04_PROPOSED_METHODS_FOR_APPLICATION.md,.md,6885,2026-07-16T16:45:41,
F:\quantule_mapper\docs,theory_synthesis\provenance_transcript_extraction\05_AI_CONTEXT_AND_ALETHEIA_DEVELOPMENT.md,F:\quantule_mapper\docs\theory_synthesis\provenance_transcript_extraction\05_AI_CONTEXT_AND_ALETHEIA_DEVELOPMENT.md,.md,4167,2026-07-16T16:45:41,
F:\quantule_mapper\docs,theory_synthesis\provenance_transcript_extraction\06_IRER_CONCEPT_CONSOLIDATION.md,F:\quantule_mapper\docs\theory_synthesis\provenance_transcript_extraction\06_IRER_CONCEPT_CONSOLIDATION.md,.md,7125,2026-07-16T16:45:41,
F:\quantule_mapper\docs,theory_synthesis\provenance_transcript_extraction\07_UPDATED_DECLARATION_OF_PROVENANCE_DRAFT.md,F:\quantule_mapper\docs\theory_synthesis\provenance_transcript_extraction\07_UPDATED_DECLARATION_OF_PROVENANCE_DRAFT.md,.md,8526,2026-07-16T16:45:41,
F:\quantule_mapper\docs,theory_synthesis\provenance_transcript_extraction\README.md,F:\quantule_mapper\docs\theory_synthesis\provenance_transcript_extraction\README.md,.md,3737,2026-07-16T20:31:47,
F:\quantule_mapper\docs,theory_synthesis\provenance_transcript_extraction\phase1_ais_pif_indifference_fmia\00_SOURCE_COVERAGE_MANIFEST.md,F:\quantule_mapper\docs\theory_synthesis\provenance_transcript_extraction\phase1_ais_pif_indifference_fmia\00_SOURCE_COVERAGE_MANIFEST.md,.md,7578,2026-07-16T17:35:27,
F:\quantule_mapper\docs,theory_synthesis\provenance_transcript_extraction\phase1_ais_pif_indifference_fmia\01_PASSAGE_LEDGER.md,F:\quantule_mapper\docs\theory_synthesis\provenance_transcript_extraction\phase1_ais_pif_indifference_fmia\01_PASSAGE_LEDGER.md,.md,59808,2026-07-16T17:53:49,
F:\quantule_mapper\docs,theory_synthesis\provenance_transcript_extraction\phase1_ais_pif_indifference_fmia\02_CHRONOLOGICAL_REASONING_TRACE.md,F:\quantule_mapper\docs\theory_synthesis\provenance_transcript_extraction\phase1_ais_pif_indifference_fmia\02_CHRONOLOGICAL_REASONING_TRACE.md,.md,6552,2026-07-16T17:38:02,
F:\quantule_mapper\docs,theory_synthesis\provenance_transcript_extraction\phase1_ais_pif_indifference_fmia\03_ATTRIBUTION_ANALYSIS.md,F:\quantule_mapper\docs\theory_synthesis\provenance_transcript_extraction\phase1_ais_pif_indifference_fmia\03_ATTRIBUTION_ANALYSIS.md,.md,3671,2026-07-16T17:08:53,
F:\quantule_mapper\docs,theory_synthesis\provenance_transcript_extraction\phase1_ais_pif_indifference_fmia\04_CONCEPT_EVOLUTION_SYNTHESIS.md,F:\quantule_mapper\docs\theory_synthesis\provenance_transcript_extraction\phase1_ais_pif_indifference_fmia\04_CONCEPT_EVOLUTION_SYNTHESIS.md,.md,7282,2026-07-16T17:38:17,
F:\quantule_mapper\docs,theory_synthesis\provenance_transcript_extraction\phase1_ais_pif_indifference_fmia\05_UNRESOLVED_PROVENANCE_AMBIGUITIES.md,F:\quantule_mapper\docs\theory_synthesis\provenance_transcript_extraction\phase1_ais_pif_indifference_fmia\05_UNRESOLVED_PROVENANCE_AMBIGUITIES.md,.md,3971,2026-07-16T17:54:11,
F:\quantule_mapper\docs,theory_synthesis\provenance_transcript_extraction\phase1_ais_pif_indifference_fmia\06_FIVE_CLAIM_VERIFICATION_MATRIX.md,F:\quantule_mapper\docs\theory_synthesis\provenance_transcript_extraction\phase1_ais_pif_indifference_fmia\06_FIVE_CLAIM_VERIFICATION_MATRIX.md,.md,3006,2026-07-16T17:37:01,
F:\quantule_mapper\docs,theory_synthesis\provenance_transcript_extraction\phase1_ais_pif_indifference_fmia\README.md,F:\quantule_mapper\docs\theory_synthesis\provenance_transcript_extraction\phase1_ais_pif_indifference_fmia\README.md,.md,2448,2026-07-16T17:53:49,
F:\quantule_mapper\docs,transcripts\20250515_220732_IQG Master Equation Solver.txt,F:\quantule_mapper\docs\transcripts\20250515_220732_IQG Master Equation Solver.txt,.txt,4270,2026-02-13T03:07:22,
F:\quantule_mapper\docs,transcripts\2025_August.txt,F:\quantule_mapper\docs\transcripts\2025_August.txt,.txt,6023012,2026-01-13T01:14:00,
F:\quantule_mapper\docs,transcripts\2025_December.txt,F:\quantule_mapper\docs\transcripts\2025_December.txt,.txt,3118743,2026-01-13T01:14:01,
F:\quantule_mapper\docs,transcripts\2025_July.txt,F:\quantule_mapper\docs\transcripts\2025_July.txt,.txt,4287990,2026-01-13T01:13:59,
F:\quantule_mapper\docs,transcripts\2025_June.txt,F:\quantule_mapper\docs\transcripts\2025_June.txt,.txt,7728442,2026-01-13T01:13:59,
F:\quantule_mapper\docs,transcripts\2025_May.txt,F:\quantule_mapper\docs\transcripts\2025_May.txt,.txt,7135337,2026-01-13T01:13:59,
F:\quantule_mapper\docs,transcripts\2025_November.txt,F:\quantule_mapper\docs\transcripts\2025_November.txt,.txt,13396352,2026-01-13T01:14:00,
F:\quantule_mapper\docs,transcripts\2025_October.txt,F:\quantule_mapper\docs\transcripts\2025_October.txt,.txt,4196530,2026-01-13T01:14:00,
F:\quantule_mapper\docs,transcripts\2025_September.txt,F:\quantule_mapper\docs\transcripts\2025_September.txt,.txt,16979061,2026-01-13T01:14:00,
F:\quantule_mapper\docs,transcripts\2026_January.txt,F:\quantule_mapper\docs\transcripts\2026_January.txt,.txt,999593,2026-01-13T01:14:01,
F:\quantule_mapper\docs,transcripts\4d simulation v8.txt,F:\quantule_mapper\docs\transcripts\4d simulation v8.txt,.txt,2701,2026-02-20T14:42:18,
F:\quantule_mapper\docs,transcripts\A Methodology for Engineering a Substrate-Aware Knowledge System 0.14.txt,F:\quantule_mapper\docs\transcripts\A Methodology for Engineering a Substrate-Aware Knowledge System 0.14.txt,.txt,37144,2026-02-20T13:25:56,
F:\quantule_mapper\docs,transcripts\A Unified Architecture for Simulating Emergent Reality_ An Analysis of the IRER Computational Framework.txt,F:\quantule_mapper\docs\transcripts\A Unified Architecture for Simulating Emergent Reality_ An Analysis of the IRER Computational Framework.txt,.txt,39869,2026-02-13T11:49:42,
F:\quantule_mapper\docs,transcripts\Aletheia_ Substrate-Aware Evolution Blueprint_.txt,F:\quantule_mapper\docs\transcripts\Aletheia_ Substrate-Aware Evolution Blueprint_.txt,.txt,37340,2026-02-20T13:26:27,
F:\quantule_mapper\docs,transcripts\Assessing Reasoning as Informational Tension Minimisation.txt,F:\quantule_mapper\docs\transcripts\Assessing Reasoning as Informational Tension Minimisation.txt,.txt,32082,2026-02-13T03:09:21,
F:\quantule_mapper\docs,transcripts\ASTE + Analysis module compiled.txt,F:\quantule_mapper\docs\transcripts\ASTE + Analysis module compiled.txt,.txt,107063,2026-02-20T13:45:42,
F:\quantule_mapper\docs,transcripts\Aste Hunter_ Stabilizing Field Dynamics.txt,F:\quantule_mapper\docs\transcripts\Aste Hunter_ Stabilizing Field Dynamics.txt,.txt,28186,2026-02-20T08:28:53,
F:\quantule_mapper\docs,transcripts\ASTE Pipeline_ Code Breakdown.txt,F:\quantule_mapper\docs\transcripts\ASTE Pipeline_ Code Breakdown.txt,.txt,51800,2026-02-20T08:17:54,
F:\quantule_mapper\docs,transcripts\Category_A_Golden_Standards.txt,F:\quantule_mapper\docs\transcripts\Category_A_Golden_Standards.txt,.txt,2808612,2026-02-11T17:03:29,
F:\quantule_mapper\docs,transcripts\Category_B_Friction_Points.txt,F:\quantule_mapper\docs\transcripts\Category_B_Friction_Points.txt,.txt,6278470,2026-02-11T17:03:29,
F:\quantule_mapper\docs,transcripts\Category_B_Friction_Points_Sec_1.txt,F:\quantule_mapper\docs\transcripts\Category_B_Friction_Points_Sec_1.txt,.txt,3079903,2026-02-11T17:09:00,
F:\quantule_mapper\docs,transcripts\Category_B_Friction_Points_Sec_2.txt,F:\quantule_mapper\docs\transcripts\Category_B_Friction_Points_Sec_2.txt,.txt,3198916,2026-02-11T17:08:52,
F:\quantule_mapper\docs,transcripts\Category_C_Dynamic_Orchestration.txt,F:\quantule_mapper\docs\transcripts\Category_C_Dynamic_Orchestration.txt,.txt,3177395,2026-02-11T17:03:29,
F:\quantule_mapper\docs,transcripts\Category_D_Specialized_Modules.txt,F:\quantule_mapper\docs\transcripts\Category_D_Specialized_Modules.txt,.txt,1443386,2026-02-11T17:03:29,
F:\quantule_mapper\docs,transcripts\claud_4_node_detection.txt,F:\quantule_mapper\docs\transcripts\claud_4_node_detection.txt,.txt,74603,2026-06-23T10:11:05,
F:\quantule_mapper\docs,transcripts\claud_quantule_stack_finalisation.txt,F:\quantule_mapper\docs\transcripts\claud_quantule_stack_finalisation.txt,.txt,301353,2026-06-21T12:22:25,
F:\quantule_mapper\docs,transcripts\codex - provenance re-write attempt.txt,F:\quantule_mapper\docs\transcripts\codex - provenance re-write attempt.txt,.txt,297293,2026-07-16T20:05:21,
F:\quantule_mapper\docs,transcripts\codex_claud_recent_transcripts.txt,F:\quantule_mapper\docs\transcripts\codex_claud_recent_transcripts.txt,.txt,78746,2026-07-17T18:45:29,
F:\quantule_mapper\docs,transcripts\codex_continuation_secondary_review.txt,F:\quantule_mapper\docs\transcripts\codex_continuation_secondary_review.txt,.txt,25701,2026-06-24T09:48:30,
F:\quantule_mapper\docs,transcripts\codex_continuation_secondary_review_SECONDARY.txt,F:\quantule_mapper\docs\transcripts\codex_continuation_secondary_review_SECONDARY.txt,.txt,48183,2026-06-24T16:41:20,
F:\quantule_mapper\docs,transcripts\codex_gravity_probe_to_dual_substrate.txt,F:\quantule_mapper\docs\transcripts\codex_gravity_probe_to_dual_substrate.txt,.txt,478346,2026-07-15T17:11:32,
F:\quantule_mapper\docs,transcripts\consolidated final specificaitons  (2).txt,F:\quantule_mapper\docs\transcripts\consolidated final specificaitons  (2).txt,.txt,55332,2026-02-13T00:07:01,
F:\quantule_mapper\docs,transcripts\Copy of Declaration of Intellectual Provenance v9.txt,F:\quantule_mapper\docs\transcripts\Copy of Declaration of Intellectual Provenance v9.txt,.txt,388103,2026-02-13T03:27:52,
F:\quantule_mapper\docs,transcripts\Deriving S-NCGL Master Equation Axiomatically.txt,F:\quantule_mapper\docs\transcripts\Deriving S-NCGL Master Equation Axiomatically.txt,.txt,37272,2026-02-13T03:09:32,
F:\quantule_mapper\docs,transcripts\Development transcript.txt,F:\quantule_mapper\docs\transcripts\Development transcript.txt,.txt,839550,2026-02-24T13:06:22,
F:\quantule_mapper\docs,transcripts\Development transcript.yaml,F:\quantule_mapper\docs\transcripts\Development transcript.yaml,.yaml,839550,2026-02-24T13:06:35,
F:\quantule_mapper\docs,transcripts\Enhancing Aste Hunter Stability Metrics.txt,F:\quantule_mapper\docs\transcripts\Enhancing Aste Hunter Stability Metrics.txt,.txt,85838,2026-02-20T08:28:49,
F:\quantule_mapper\docs,transcripts\figuring out the math v2.txt,F:\quantule_mapper\docs\transcripts\figuring out the math v2.txt,.txt,110060,2026-02-20T14:56:02,
F:\quantule_mapper\docs,transcripts\figuring out the math.txt,F:\quantule_mapper\docs\transcripts\figuring out the math.txt,.txt,164752,2026-02-20T11:57:15,
F:\quantule_mapper\docs,transcripts\Finalizing IRER's Coupled PDE System.txt,F:\quantule_mapper\docs\transcripts\Finalizing IRER's Coupled PDE System.txt,.txt,186980,2026-02-13T11:55:44,
F:\quantule_mapper\docs,transcripts\golden_ncgl_hunter_run_id=1.py,F:\quantule_mapper\docs\transcripts\golden_ncgl_hunter_run_id=1.py,.py,84280,2026-02-20T03:13:08,
F:\quantule_mapper\docs,transcripts\IRER Formalization and Website Design.txt,F:\quantule_mapper\docs\transcripts\IRER Formalization and Website Design.txt,.txt,43273,2026-02-13T11:49:16,
F:\quantule_mapper\docs,transcripts\IRER Framework Validation and Synthesis_.txt,F:\quantule_mapper\docs\transcripts\IRER Framework Validation and Synthesis_.txt,.txt,52861,2026-02-20T00:40:26,
F:\quantule_mapper\docs,transcripts\IRER Math Formalization & Website Design.txt,F:\quantule_mapper\docs\transcripts\IRER Math Formalization & Website Design.txt,.txt,38198,2026-02-13T03:09:43,
F:\quantule_mapper\docs,transcripts\IRER Quantum Compendium Generation.txt,F:\quantule_mapper\docs\transcripts\IRER Quantum Compendium Generation.txt,.txt,60364,2026-02-13T11:49:56,
F:\quantule_mapper\docs,transcripts\IRER Theory_ Math vs. Ontology (1).txt,F:\quantule_mapper\docs\transcripts\IRER Theory_ Math vs. Ontology (1).txt,.txt,34917,2026-02-19T23:33:05,
F:\quantule_mapper\docs,transcripts\IRER Theory_ Math vs. Ontology.txt,F:\quantule_mapper\docs\transcripts\IRER Theory_ Math vs. Ontology.txt,.txt,74401,2026-02-20T11:40:08,
F:\quantule_mapper\docs,transcripts\IRER V11.0 HPC-SDG Code Generation.txt,F:\quantule_mapper\docs\transcripts\IRER V11.0 HPC-SDG Code Generation.txt,.txt,41194,2026-02-13T11:49:26,
F:\quantule_mapper\docs,transcripts\IRER Validation and Lattice Design_.txt,F:\quantule_mapper\docs\transcripts\IRER Validation and Lattice Design_.txt,.txt,48283,2026-02-20T00:40:48,
F:\quantule_mapper\docs,"transcripts\IRER_ Coupled Physics, Geometry, and Validation.txt","F:\quantule_mapper\docs\transcripts\IRER_ Coupled Physics, Geometry, and Validation.txt",.txt,170082,2026-02-13T11:50:10,
F:\quantule_mapper\docs,transcripts\IRER_ Engineering Emergent Gravity.txt,F:\quantule_mapper\docs\transcripts\IRER_ Engineering Emergent Gravity.txt,.txt,37564,2026-02-13T03:13:15,
F:\quantule_mapper\docs,transcripts\IRER_ Validation and Comparative Analysis.txt,F:\quantule_mapper\docs\transcripts\IRER_ Validation and Comparative Analysis.txt,.txt,57247,2026-02-20T00:37:28,
F:\quantule_mapper\docs,transcripts\Physics-Grounded AI Cognitive Synthesis.txt,F:\quantule_mapper\docs\transcripts\Physics-Grounded AI Cognitive Synthesis.txt,.txt,34944,2026-02-20T13:27:13,
F:\quantule_mapper\docs,transcripts\Project Gap Assessment_ Physics to Engineering.txt,F:\quantule_mapper\docs\transcripts\Project Gap Assessment_ Physics to Engineering.txt,.txt,51123,2026-02-13T03:09:39,
F:\quantule_mapper\docs,transcripts\Qθ and Qν Quantule Analysis_.txt,F:\quantule_mapper\docs\transcripts\Qθ and Qν Quantule Analysis_.txt,.txt,49721,2026-02-20T00:40:43,
F:\quantule_mapper\docs,transcripts\Refining IRER Theory_ Evidence and Validation.txt,F:\quantule_mapper\docs\transcripts\Refining IRER Theory_ Evidence and Validation.txt,.txt,61106,2026-02-20T00:37:53,
F:\quantule_mapper\docs,transcripts\Simulating Emergent Gravity and Co-evolution.txt,F:\quantule_mapper\docs\transcripts\Simulating Emergent Gravity and Co-evolution.txt,.txt,37571,2026-02-14T22:35:19,
F:\quantule_mapper\docs,transcripts\Simulating Emergent Gravity_ Milestones.txt,F:\quantule_mapper\docs\transcripts\Simulating Emergent Gravity_ Milestones.txt,.txt,42847,2026-02-13T11:55:24,
F:\quantule_mapper\docs,transcripts\Solving Emergent Gravity's Core Problem.txt,F:\quantule_mapper\docs\transcripts\Solving Emergent Gravity's Core Problem.txt,.txt,38630,2026-02-13T03:13:10,
F:\quantule_mapper\docs,transcripts\Stabilizing Dynamic Spacetime Simulations.txt,F:\quantule_mapper\docs\transcripts\Stabilizing Dynamic Spacetime Simulations.txt,.txt,20780,2026-02-13T11:55:10,
