run_dir,idx,label,ic_seed,K,target_initial_mass,dx_weighted_target_mass,klass,n_mid,n_fin,late_slope,er_fin,er_max,core_fin,diagnostic_label,compactness_max,core_radius_min,high_k_fraction_max,selection_slug,selection_reason,param_D,param_eta,param_rho_vac,param_omega0,param_a_coupling,param_s,param_f,param_a
CORE_SAT_HUNT_20260624_094432,0,rand,20260619,1,500.0,4.521122685185186,LATE_BLOWUP_REJECT,0,0,nan,nan,nan,0.0,,,,,,,4.6502,0.0984,0.2906,0.8025,3.9369,-0.4355,0.4486,0.2799
CORE_SAT_HUNT_20260624_094432,1,rand,20260619,1,500.0,4.521122685185186,LATE_BLOWUP_REJECT,0,0,nan,nan,nan,0.0,,,,,,,2.4146,0.0416,0.2658,1.198,0.1119,0.6439,0.2332,0.4006
CORE_SAT_HUNT_20260624_094432,2,rand,20260619,1,500.0,4.521122685185186,LATE_BLOWUP_REJECT,0,0,0.019985666884283854,53.407161964555534,53.407161964555534,0.0,,,,,,,4.7617,0.1471,1.3586,1.4398,0.6044,0.97,-0.388,0.3935
CORE_SAT_HUNT_20260624_094432,3,rand,20260619,1,500.0,4.521122685185186,NEAR_SATURATED_BOUND_STATE,2,2,0.0003155949212953307,2.029637513947436,2.029637513947436,1.5817310491269114,,,,,,,4.449,0.1136,0.9557,1.0003,3.6862,0.4609,-0.1931,0.3247
CORE_SAT_HUNT_20260624_094432,4,rand,20260619,1,500.0,4.521122685185186,TRUE_SATURATED_BOUND_STATE,2,2,6.86053638654615e-05,0.6981210276082583,0.9000040019308505,0.3836396565645271,,,,,,,3.3827,-0.0031,0.3385,1.7092,1.6545,-0.6062,-0.0102,0.3739
CORE_SAT_HUNT_20260624_094432,5,rand,20260619,1,500.0,4.521122685185186,LATE_BLOWUP_REJECT,0,0,0.0037103807278332773,12.749464247719288,12.749464247719288,0.0,,,,,,,1.7337,0.1189,1.912,1.0162,3.3099,0.2847,-0.0924,0.3083
CORE_SAT_HUNT_20260624_094432,6,rand,20260619,1,500.0,4.521122685185186,LATE_BLOWUP_REJECT,0,0,nan,nan,nan,0.0,,,,,,,1.3389,0.0236,0.2243,0.9751,1.7381,-0.8983,0.3993,0.3247
CORE_SAT_HUNT_20260624_094432,7,rand,20260619,1,500.0,4.521122685185186,SPIN_DOWN_REJECT,0,0,-5.8999786600634924e-05,0.2378478129661093,0.9363449441929625,0.0,,,,,,,1.0274,0.0358,0.7309,1.1828,1.6726,-0.987,-0.4856,0.3455
CORE_SAT_HUNT_20260624_094432,8,rand,20260619,2,500.0,4.521122685185186,LATE_BLOWUP_REJECT,0,0,nan,nan,nan,0.0,,,,,,,1.3913,0.1417,0.8556,1.0556,2.1688,0.8277,0.4352,0.3049
CORE_SAT_HUNT_20260624_094432,9,rand,20260619,2,500.0,4.521122685185186,LATE_BLOWUP_REJECT,0,0,0.000852082239874568,3.662374555481614,3.662374555481614,0.0,,,,,,,2.9313,0.0022,0.2748,1.3235,1.3484,0.7715,-0.1253,0.3825
CORE_SAT_HUNT_20260624_094432,10,rand,20260619,2,500.0,4.521122685185186,TRUE_SATURATED_BOUND_STATE,2,2,-3.9040538350654046e-05,0.7072749711855257,0.9765690618558367,1.0186642669676638,,,,,,,0.1227,0.0944,1.0499,0.3503,1.3435,-0.0994,-0.2822,0.3811
CORE_SAT_HUNT_20260624_094432,11,rand,20260619,2,500.0,4.521122685185186,LATE_BLOWUP_REJECT,0,0,nan,nan,nan,0.0,,,,,,,1.5328,0.0924,1.6819,0.0393,3.5145,0.9756,0.3115,0.3137
CORE_SAT_HUNT_20260624_094432,12,rand,20260619,2,500.0,4.521122685185186,LATE_BLOWUP_REJECT,0,0,0.0007996469023823928,4.188634387121075,4.188634387121075,0.0,,,,,,,0.9418,-0.0019,0.8044,0.3331,2.0403,-0.7214,0.2929,0.4625
CORE_SAT_HUNT_20260624_094432,13,rand,20260619,2,500.0,4.521122685185186,TRUE_SATURATED_BOUND_STATE,1,1,-8.22115785883676e-05,0.5999577834394487,0.9765329003914186,0.5512755690669995,,,,,,,1.2976,0.0576,0.9926,1.7952,3.7466,-0.4704,-0.3442,0.4349
CORE_SAT_HUNT_20260624_094432,14,rand,20260619,2,500.0,4.521122685185186,SPIN_DOWN_REJECT,0,0,-2.7245149758279773e-05,0.003278821200550487,0.975490154156586,0.0,,,,,,,3.7422,0.1368,0.9801,1.9729,0.8226,-0.5291,0.2037,0.4107
CORE_SAT_HUNT_20260624_094432,15,rand,20260619,2,500.0,4.521122685185186,SPIN_DOWN_REJECT,0,0,-3.547432168513616e-05,0.004082401005128266,0.9756854420593392,0.0,,,,,,,1.9315,0.1472,1.8687,1.4434,1.741,-0.9269,0.4729,0.4763
CORE_SAT_HUNT_20260624_094432,16,rand,20260619,3,500.0,4.521122685185186,LATE_BLOWUP_REJECT,0,0,nan,nan,nan,0.0,,,,,,,0.6578,0.1351,0.7307,1.0273,0.3925,0.8463,0.0151,0.2696
CORE_SAT_HUNT_20260624_094432,17,rand,20260619,3,500.0,4.521122685185186,TRANSIENT_GROWER_REJECT,3,2,0.00037660396782007054,2.3818533427204507,2.3818533427204507,3.098794990284778,,,,,,,4.7121,0.0535,0.6185,0.431,1.0316,0.4148,-0.0907,0.4013
CORE_SAT_HUNT_20260624_094432,18,rand,20260619,3,500.0,4.521122685185186,LATE_BLOWUP_REJECT,0,0,0.0005926519197101656,3.4627749601440803,3.4627749601440803,0.0,,,,,,,3.7966,-0.0046,1.3392,0.0801,1.6713,-0.2628,-0.3651,0.3874
CORE_SAT_HUNT_20260624_094432,19,rand,20260619,3,500.0,4.521122685185186,SPIN_DOWN_REJECT,0,0,-3.26754999890616e-05,0.006380637693011291,0.9789327947441808,0.0,,,,,,,2.5465,0.1186,1.9421,0.7852,0.3442,-0.7727,-0.2728,0.2723
CORE_SAT_HUNT_20260624_094432,20,rand,20260619,3,500.0,4.521122685185186,LATE_BLOWUP_REJECT,0,0,nan,nan,nan,0.0,,,,,,,4.1698,0.1351,0.1088,0.1524,3.3319,-0.6765,-0.2401,0.4947
CORE_SAT_HUNT_20260624_094432,21,rand,20260619,3,500.0,4.521122685185186,LATE_BLOWUP_REJECT,0,0,nan,nan,nan,0.0,,,,,,,0.3185,0.1275,0.0949,1.7965,2.3725,0.7185,0.0354,0.3666
CORE_SAT_HUNT_20260624_094432,22,rand,20260619,3,500.0,4.521122685185186,TRANSIENT_GROWER_REJECT,2,2,0.00039507289221301614,2.5057463253920833,2.5057463253920833,0.7546683204461891,,,,,,,1.9358,-0.0095,0.4171,0.0618,1.3387,-0.0036,-0.4374,0.2803
CORE_SAT_HUNT_20260624_094432,23,rand,20260619,3,500.0,4.521122685185186,TRUE_SATURATED_BOUND_STATE,2,2,9.351890144156864e-05,1.5916459260648919,1.5916459260648919,0.6978722342464843,,,,,,,3.6315,0.0453,0.4399,0.1967,3.5886,0.4339,0.0903,0.4456
CORE_SAT_HUNT_20260624_094432,24,rand,20260619,4,500.0,4.521122685185186,SPIN_DOWN_REJECT,0,0,-0.00012863935760823163,0.19212505162420573,0.9865120253026253,0.0,,,,,,,4.5847,0.0357,0.476,1.5411,3.2902,-0.3276,0.2478,0.2151
CORE_SAT_HUNT_20260624_094432,25,rand,20260619,4,500.0,4.521122685185186,SPIN_DOWN_REJECT,3,3,-0.00010015667130863571,0.4417775058893839,0.9867108192056264,0.695937726412704,,,,,,,2.8861,0.0663,1.5523,0.6541,3.9815,-0.6166,0.1484,0.4728
CORE_SAT_HUNT_20260624_094432,26,rand,20260619,4,500.0,4.521122685185186,SPIN_DOWN_REJECT,2,3,-0.00012151696876669481,0.37561910949880445,0.9867034474960669,0.1950678862672247,,,,,,,2.8891,0.0405,1.2143,0.2693,1.9369,-0.7098,-0.3974,0.3209
CORE_SAT_HUNT_20260624_094432,27,rand,20260619,4,500.0,4.521122685185186,SPIN_DOWN_REJECT,0,0,-0.0001328104871032822,0.06552067501418872,0.9864974437120507,0.0,,,,,,,4.894,0.0854,1.4922,0.8073,2.5562,-0.6036,0.3037,0.4947
CORE_SAT_HUNT_20260624_094432,28,rand,20260619,4,500.0,4.521122685185186,LATE_BLOWUP_REJECT,0,0,0.004630336313795023,11.465219663742216,11.465219663742216,0.0,,,,,,,2.5129,0.143,1.2867,1.4353,2.7576,0.8063,-0.28,0.3954
CORE_SAT_HUNT_20260624_094432,29,rand,20260619,4,500.0,4.521122685185186,LATE_BLOWUP_REJECT,0,0,0.007333261276985827,20.50775929057814,20.50775929057814,0.0,,,,,,,3.2507,-0.0076,0.6972,1.5149,1.7809,0.4821,-0.1835,0.3436
CORE_SAT_HUNT_20260624_094432,30,rand,20260619,4,500.0,4.521122685185186,LATE_BLOWUP_REJECT,0,0,0.10366222826704938,245.7568372654176,245.7568372654176,0.0,,,,,,,3.5236,0.0316,1.5358,1.8442,2.3997,0.7859,-0.2009,0.435
CORE_SAT_HUNT_20260624_094432,31,rand,20260619,4,500.0,4.521122685185186,NEAR_SATURATED_BOUND_STATE,2,2,0.0002734923036743605,2.0820770155077475,2.0820770155077475,0.4401082784600942,,,,,,,0.1263,0.0089,0.5416,0.6704,3.6821,-0.975,-0.0481,0.4348
CORE_SAT_HUNT_20260624_094432,32,rand,20260619,6,500.0,4.521122685185186,SPIN_DOWN_REJECT,0,0,-0.00012097350917242777,0.09711467690096012,0.990523990339241,0.0,,,,,,,3.6201,0.0597,1.3871,0.9716,1.9495,-0.325,0.1255,0.3158
CORE_SAT_HUNT_20260624_094432,33,rand,20260619,6,500.0,4.521122685185186,NEAR_SATURATED_BOUND_STATE,5,5,0.00017548686091425534,1.5425276675450834,1.5425276675450834,0.5396519355072111,,,,,,,0.5405,0.025,1.8819,0.4033,3.1001,-0.5226,-0.423,0.4041
CORE_SAT_HUNT_20260624_094432,34,rand,20260619,6,500.0,4.521122685185186,SPIN_DOWN_REJECT,0,0,-7.704796257434424e-05,0.024789016204903366,0.9903103724784337,0.0,,,,,,,2.4793,0.0948,1.6947,1.5954,2.3827,-0.1985,-0.0183,0.4605
CORE_SAT_HUNT_20260624_094432,35,rand,20260619,6,500.0,4.521122685185186,SPIN_DOWN_REJECT,0,0,-4.940501026898153e-05,0.011672636965341232,0.9900929661973703,0.0,,,,,,,1.6429,0.1112,1.3843,1.3101,0.7999,0.8171,-0.2596,0.238
CORE_SAT_HUNT_20260624_094432,36,rand,20260619,6,500.0,4.521122685185186,SPIN_DOWN_REJECT,0,0,-4.2323723773215014e-05,0.008742894872265712,0.9899476150584892,0.0,,,,,,,0.8961,0.1222,1.7495,0.5101,3.7872,-0.824,0.0883,0.3133
CORE_SAT_HUNT_20260624_094432,37,rand,20260619,6,500.0,4.521122685185186,SPIN_DOWN_REJECT,0,0,-0.000135714107031745,0.18959609411191009,0.9906154476770348,0.0,,,,,,,1.4389,0.0583,0.2294,0.1067,1.8186,-0.5295,-0.4999,0.4318
CORE_SAT_HUNT_20260624_094432,38,rand,20260619,6,500.0,4.521122685185186,SPIN_DOWN_REJECT,0,0,-9.104241953543638e-05,0.07485523862422333,0.9902172421140196,0.0,,,,,,,1.4801,0.0528,0.2011,1.1763,0.158,-0.676,-0.1883,0.2053
CORE_SAT_HUNT_20260624_094432,39,rand,20260619,6,500.0,4.521122685185186,SPIN_DOWN_REJECT,0,0,-4.076016535847115e-05,0.008827223786658943,0.989953727974346,0.0,,,,,,,3.7816,0.1105,0.9914,1.4103,3.6089,0.2202,0.0261,0.2183
CORE_SAT_HUNT_20260624_100311,0,rand,20260619,1,800.0,7.233796296296298,LATE_BLOWUP_REJECT,0,0,nan,nan,nan,0.0,,,,,,,4.6502,0.0984,0.2906,0.8025,3.9369,-0.4355,0.4486,0.2799
CORE_SAT_HUNT_20260624_100311,1,rand,20260619,1,800.0,7.233796296296298,LATE_BLOWUP_REJECT,0,0,nan,nan,nan,0.0,,,,,,,2.4146,0.0416,0.2658,1.198,0.1119,0.6439,0.2332,0.4006
CORE_SAT_HUNT_20260624_100311,2,rand,20260619,1,800.0,7.233796296296298,LATE_BLOWUP_REJECT,0,0,0.014653451827524672,40.15780026228105,40.15780026228105,0.0,,,,,,,4.7617,0.1471,1.3586,1.4398,0.6044,0.97,-0.388,0.3935
CORE_SAT_HUNT_20260624_100311,3,rand,20260619,1,800.0,7.233796296296298,LATE_BLOWUP_REJECT,0,0,nan,nan,nan,0.0,,,,,,,4.449,0.1136,0.9557,1.0003,3.6862,0.4609,-0.1931,0.3247
CORE_SAT_HUNT_20260624_100311,4,rand,20260619,1,800.0,7.233796296296298,LATE_BLOWUP_REJECT,0,0,nan,nan,nan,0.0,,,,,,,3.3827,-0.0031,0.3385,1.7092,1.6545,-0.6062,-0.0102,0.3739
CORE_SAT_HUNT_20260624_100311,5,rand,20260619,1,800.0,7.233796296296298,LATE_BLOWUP_REJECT,0,0,0.003129539671834469,11.013168816555172,11.013168816555172,0.0,,,,,,,1.7337,0.1189,1.912,1.0162,3.3099,0.2847,-0.0924,0.3083
CORE_SAT_HUNT_20260624_100311,6,rand,20260619,1,800.0,7.233796296296298,LATE_BLOWUP_REJECT,0,0,nan,nan,nan,0.0,,,,,,,1.3389,0.0236,0.2243,0.9751,1.7381,-0.8983,0.3993,0.3247
CORE_SAT_HUNT_20260624_100311,7,rand,20260619,1,800.0,7.233796296296298,SPIN_DOWN_REJECT,0,0,-4.5030610243346836e-05,0.18848863585903594,0.9161801661665814,0.0,,,,,,,1.0274,0.0358,0.7309,1.1828,1.6726,-0.987,-0.4856,0.3455
CORE_SAT_HUNT_20260624_100311,8,rand,20260619,2,800.0,7.233796296296298,LATE_BLOWUP_REJECT,0,0,nan,nan,nan,0.0,,,,,,,1.3913,0.1417,0.8556,1.0556,2.1688,0.8277,0.4352,0.3049
CORE_SAT_HUNT_20260624_100311,9,rand,20260619,2,800.0,7.233796296296298,LATE_BLOWUP_REJECT,0,0,0.0007044238765985234,3.2104456582609875,3.2104456582609875,0.0,,,,,,,2.9313,0.0022,0.2748,1.3235,1.3484,0.7715,-0.1253,0.3825
CORE_SAT_HUNT_20260624_100311,10,rand,20260619,2,800.0,7.233796296296298,TRUE_SATURATED_BOUND_STATE,1,2,-2.5199857219061194e-05,0.8189134438340346,0.9765375451463143,0.9195053170003795,,,,,,,0.1227,0.0944,1.0499,0.3503,1.3435,-0.0994,-0.2822,0.3811
CORE_SAT_HUNT_20260624_100311,11,rand,20260619,2,800.0,7.233796296296298,LATE_BLOWUP_REJECT,0,0,nan,nan,nan,0.0,,,,,,,1.5328,0.0924,1.6819,0.0393,3.5145,0.9756,0.3115,0.3137
CORE_SAT_HUNT_20260624_100311,12,rand,20260619,2,800.0,7.233796296296298,LATE_BLOWUP_REJECT,0,0,0.0005571486592354679,3.360997591523028,3.360997591523028,0.0,,,,,,,0.9418,-0.0019,0.8044,0.3331,2.0403,-0.7214,0.2929,0.4625
CORE_SAT_HUNT_20260624_100311,13,rand,20260619,2,800.0,7.233796296296298,TRUE_SATURATED_BOUND_STATE,1,1,-5.229198614434524e-05,0.6381450684081721,0.9757770051394659,0.549530731782874,,,,,,,1.2976,0.0576,0.9926,1.7952,3.7466,-0.4704,-0.3442,0.4349
CORE_SAT_HUNT_20260624_100311,14,rand,20260619,2,800.0,7.233796296296298,SPIN_DOWN_REJECT,0,0,-3.180944008869865e-05,0.003862903013103614,0.9753728170346441,0.0,,,,,,,3.7422,0.1368,0.9801,1.9729,0.8226,-0.5291,0.2037,0.4107
CORE_SAT_HUNT_20260624_100311,15,rand,20260619,2,800.0,7.233796296296298,SPIN_DOWN_REJECT,0,0,-4.199122141415988e-05,0.005112701465388599,0.9756276641560837,0.0,,,,,,,1.9315,0.1472,1.8687,1.4434,1.741,-0.9269,0.4729,0.4763
CORE_SAT_HUNT_20260624_100311,16,rand,20260619,3,800.0,7.233796296296298,LATE_BLOWUP_REJECT,0,0,nan,nan,nan,0.0,,,,,,,0.6578,0.1351,0.7307,1.0273,0.3925,0.8463,0.0151,0.2696
CORE_SAT_HUNT_20260624_100311,17,rand,20260619,3,800.0,7.233796296296298,LATE_BLOWUP_REJECT,0,0,0.0010950359831603358,5.028108316614819,5.028108316614819,0.0,,,,,,,4.7121,0.0535,0.6185,0.431,1.0316,0.4148,-0.0907,0.4013
CORE_SAT_HUNT_20260624_100311,18,rand,20260619,3,800.0,7.233796296296298,TRANSIENT_GROWER_REJECT,2,2,0.0004094492286320033,2.8075455406710703,2.8075455406710703,0.7632680291654489,,,,,,,3.7966,-0.0046,1.3392,0.0801,1.6713,-0.2628,-0.3651,0.3874
CORE_SAT_HUNT_20260624_100311,19,rand,20260619,3,800.0,7.233796296296298,SPIN_DOWN_REJECT,0,0,-3.157195145738747e-05,0.006214809625509509,0.9782551057691911,0.0,,,,,,,2.5465,0.1186,1.9421,0.7852,0.3442,-0.7727,-0.2728,0.2723
CORE_SAT_HUNT_20260624_100311,20,rand,20260619,3,800.0,7.233796296296298,LATE_BLOWUP_REJECT,0,0,nan,nan,nan,0.0,,,,,,,4.1698,0.1351,0.1088,0.1524,3.3319,-0.6765,-0.2401,0.4947
CORE_SAT_HUNT_20260624_100311,21,rand,20260619,3,800.0,7.233796296296298,LATE_BLOWUP_REJECT,0,0,nan,nan,nan,0.0,,,,,,,0.3185,0.1275,0.0949,1.7965,2.3725,0.7185,0.0354,0.3666
CORE_SAT_HUNT_20260624_100311,22,rand,20260619,3,800.0,7.233796296296298,NEAR_SATURATED_BOUND_STATE,2,2,0.00027400284581453427,2.0737422546735957,2.0737422546735957,0.7727148543852255,,,,,,,1.9358,-0.0095,0.4171,0.0618,1.3387,-0.0036,-0.4374,0.2803
CORE_SAT_HUNT_20260624_100311,23,rand,20260619,3,800.0,7.233796296296298,TRUE_SATURATED_BOUND_STATE,2,2,9.156450753987617e-05,1.501775185586253,1.501775185586253,0.7237446577887052,,,,,,,3.6315,0.0453,0.4399,0.1967,3.5886,0.4339,0.0903,0.4456
CORE_SAT_HUNT_20260624_100311,24,rand,20260619,4,800.0,7.233796296296298,SPIN_DOWN_REJECT,0,0,-0.00012939564894643443,0.21953777474996425,0.986088906468799,0.0,,,,,,,4.5847,0.0357,0.476,1.5411,3.2902,-0.3276,0.2478,0.2151
CORE_SAT_HUNT_20260624_100311,25,rand,20260619,4,800.0,7.233796296296298,TRUE_SATURATED_BOUND_STATE,3,3,-2.52427589578589e-05,0.8422566953337323,0.9868544963825694,0.8076581538737784,,,,,,,2.8861,0.0663,1.5523,0.6541,3.9815,-0.6166,0.1484,0.4728
CORE_SAT_HUNT_20260624_100311,26,rand,20260619,4,800.0,7.233796296296298,SPIN_DOWN_REJECT,2,2,-0.00010541244180072715,0.4003843259146958,0.9865384506322415,0.21997656021591525,,,,,,,2.8891,0.0405,1.2143,0.2693,1.9369,-0.7098,-0.3974,0.3209
CORE_SAT_HUNT_20260624_100311,27,rand,20260619,4,800.0,7.233796296296298,SPIN_DOWN_REJECT,3,2,-0.0001269579304037128,0.3755476884317965,0.9866876084464935,0.9914939161917318,,,,,,,4.894,0.0854,1.4922,0.8073,2.5562,-0.6036,0.3037,0.4947
CORE_SAT_HUNT_20260624_100311,28,rand,20260619,4,800.0,7.233796296296298,LATE_BLOWUP_REJECT,0,0,0.009508833363365084,26.23805592890964,26.23805592890964,0.0,,,,,,,2.5129,0.143,1.2867,1.4353,2.7576,0.8063,-0.28,0.3954
CORE_SAT_HUNT_20260624_100311,29,rand,20260619,4,800.0,7.233796296296298,LATE_BLOWUP_REJECT,0,0,0.006359337889440416,19.272092008110945,19.272092008110945,0.0,,,,,,,3.2507,-0.0076,0.6972,1.5149,1.7809,0.4821,-0.1835,0.3436
CORE_SAT_HUNT_20260624_100311,30,rand,20260619,4,800.0,7.233796296296298,LATE_BLOWUP_REJECT,0,0,0.08447849165765836,211.95440742586834,211.95440742586834,0.0,,,,,,,3.5236,0.0316,1.5358,1.8442,2.3997,0.7859,-0.2009,0.435
CORE_SAT_HUNT_20260624_100311,31,rand,20260619,4,800.0,7.233796296296298,NEAR_SATURATED_BOUND_STATE,2,2,0.00019323093722037736,1.78144680431375,1.78144680431375,0.4680281913413134,,,,,,,0.1263,0.0089,0.5416,0.6704,3.6821,-0.975,-0.0481,0.4348
CORE_SAT_HUNT_20260624_100311,32,rand,20260619,6,800.0,7.233796296296298,SPIN_DOWN_REJECT,0,0,-0.0001465672249661234,0.14060998848555445,0.9906312403361629,0.0,,,,,,,3.6201,0.0597,1.3871,0.9716,1.9495,-0.325,0.1255,0.3158
CORE_SAT_HUNT_20260624_100311,33,rand,20260619,6,800.0,7.233796296296298,NEAR_SATURATED_BOUND_STATE,5,5,0.00016891424898783883,1.6794335625332506,1.6794335625332506,0.5141522369688688,,,,,,,0.5405,0.025,1.8819,0.4033,3.1001,-0.5226,-0.423,0.4041
CORE_SAT_HUNT_20260624_100311,34,rand,20260619,6,800.0,7.233796296296298,SPIN_DOWN_REJECT,0,0,-0.00014906105626330874,0.0711915891030204,0.9905185462983627,0.0,,,,,,,2.4793,0.0948,1.6947,1.5954,2.3827,-0.1985,-0.0183,0.4605
CORE_SAT_HUNT_20260624_100311,35,rand,20260619,6,800.0,7.233796296296298,LATE_BLOWUP_REJECT,0,0,0.011696897632784845,28.066650268008985,28.066650268008985,0.0,,,,,,,1.6429,0.1112,1.3843,1.3101,0.7999,0.8171,-0.2596,0.238
CORE_SAT_HUNT_20260624_100311,36,rand,20260619,6,800.0,7.233796296296298,SPIN_DOWN_REJECT,0,0,-4.583447811705472e-05,0.0096265641727426,0.9899629379044854,0.0,,,,,,,0.8961,0.1222,1.7495,0.5101,3.7872,-0.824,0.0883,0.3133
CORE_SAT_HUNT_20260624_100311,37,rand,20260619,6,800.0,7.233796296296298,SPIN_DOWN_REJECT,0,0,-0.0001298886291339265,0.23759230212967095,0.9904049968126312,0.0,,,,,,,1.4389,0.0583,0.2294,0.1067,1.8186,-0.5295,-0.4999,0.4318
CORE_SAT_HUNT_20260624_100311,38,rand,20260619,6,800.0,7.233796296296298,SPIN_DOWN_REJECT,0,0,-9.105126100230646e-05,0.07535045473581227,0.9901492119952268,0.0,,,,,,,1.4801,0.0528,0.2011,1.1763,0.158,-0.676,-0.1883,0.2053
CORE_SAT_HUNT_20260624_100311,39,rand,20260619,6,800.0,7.233796296296298,SPIN_DOWN_REJECT,0,0,-4.741422659611892e-05,0.010201501399812603,0.9901114893977622,0.0,,,,,,,3.7816,0.1105,0.9914,1.4103,3.6089,0.2202,0.0261,0.2183
CORE_SAT_HUNT_20260624_102149,0,rand,20260619,1,1000.0,9.042245370370372,LATE_BLOWUP_REJECT,0,0,nan,nan,nan,0.0,,,,,,,4.6502,0.0984,0.2906,0.8025,3.9369,-0.4355,0.4486,0.2799
CORE_SAT_HUNT_20260624_102149,1,rand,20260619,1,1000.0,9.042245370370372,LATE_BLOWUP_REJECT,0,0,nan,nan,nan,0.0,,,,,,,2.4146,0.0416,0.2658,1.198,0.1119,0.6439,0.2332,0.4006
CORE_SAT_HUNT_20260624_102149,2,rand,20260619,1,1000.0,9.042245370370372,LATE_BLOWUP_REJECT,0,0,0.01247539506831416,34.57467398162427,34.57467398162427,0.0,,,,,,,4.7617,0.1471,1.3586,1.4398,0.6044,0.97,-0.388,0.3935
CORE_SAT_HUNT_20260624_102149,3,rand,20260619,1,1000.0,9.042245370370372,LATE_BLOWUP_REJECT,0,0,nan,nan,nan,0.0,,,,,,,4.449,0.1136,0.9557,1.0003,3.6862,0.4609,-0.1931,0.3247
CORE_SAT_HUNT_20260624_102149,4,rand,20260619,1,1000.0,9.042245370370372,LATE_BLOWUP_REJECT,0,0,nan,nan,nan,0.0,,,,,,,3.3827,-0.0031,0.3385,1.7092,1.6545,-0.6062,-0.0102,0.3739
CORE_SAT_HUNT_20260624_102149,5,rand,20260619,1,1000.0,9.042245370370372,LATE_BLOWUP_REJECT,0,0,0.0027011025127801234,9.711222155928198,9.711222155928198,0.0,,,,,,,1.7337,0.1189,1.912,1.0162,3.3099,0.2847,-0.0924,0.3083
CORE_SAT_HUNT_20260624_102149,6,rand,20260619,1,1000.0,9.042245370370372,LATE_BLOWUP_REJECT,0,0,nan,nan,nan,0.0,,,,,,,1.3389,0.0236,0.2243,0.9751,1.7381,-0.8983,0.3993,0.3247
CORE_SAT_HUNT_20260624_102149,7,rand,20260619,1,1000.0,9.042245370370372,SPIN_DOWN_REJECT,0,0,-3.9289152437994264e-05,0.16680257195015707,0.8967014822424416,0.0,,,,,,,1.0274,0.0358,0.7309,1.1828,1.6726,-0.987,-0.4856,0.3455
CORE_SAT_HUNT_20260624_102149,8,rand,20260619,2,1000.0,9.042245370370372,LATE_BLOWUP_REJECT,0,0,nan,nan,nan,0.0,,,,,,,1.3913,0.1417,0.8556,1.0556,2.1688,0.8277,0.4352,0.3049
CORE_SAT_HUNT_20260624_102149,9,rand,20260619,2,1000.0,9.042245370370372,TRANSIENT_GROWER_REJECT,1,2,0.0006301919440459794,2.9360439689986104,2.9360439689986104,1.4134889688480088,,,,,,,2.9313,0.0022,0.2748,1.3235,1.3484,0.7715,-0.1253,0.3825
CORE_SAT_HUNT_20260624_102149,10,rand,20260619,2,1000.0,9.042245370370372,TRUE_SATURATED_BOUND_STATE,1,1,-1.4870658240115136e-05,0.8296369649542903,0.9762033831895688,0.9261682787730259,,,,,,,0.1227,0.0944,1.0499,0.3503,1.3435,-0.0994,-0.2822,0.3811
CORE_SAT_HUNT_20260624_102149,11,rand,20260619,2,1000.0,9.042245370370372,LATE_BLOWUP_REJECT,0,0,nan,nan,nan,0.0,,,,,,,1.5328,0.0924,1.6819,0.0393,3.5145,0.9756,0.3115,0.3137
CORE_SAT_HUNT_20260624_102149,12,rand,20260619,2,1000.0,9.042245370370372,TRANSIENT_GROWER_REJECT,1,1,0.0004695004508493918,2.993992894320365,2.993992894320365,1.4051089309709084,,,,,,,0.9418,-0.0019,0.8044,0.3331,2.0403,-0.7214,0.2929,0.4625
CORE_SAT_HUNT_20260624_102149,13,rand,20260619,2,1000.0,9.042245370370372,TRUE_SATURATED_BOUND_STATE,1,1,-4.416922680451771e-05,0.61690823044168,0.9744166060591285,0.546803770129984,,,,,,,1.2976,0.0576,0.9926,1.7952,3.7466,-0.4704,-0.3442,0.4349
CORE_SAT_HUNT_20260624_102149,14,rand,20260619,2,1000.0,9.042245370370372,SPIN_DOWN_REJECT,0,0,-3.415593830930173e-05,0.004194395529522552,0.9752417605999445,0.0,,,,,,,3.7422,0.1368,0.9801,1.9729,0.8226,-0.5291,0.2037,0.4107
CORE_SAT_HUNT_20260624_102149,15,rand,20260619,2,1000.0,9.042245370370372,SPIN_DOWN_REJECT,0,0,-4.459508170275089e-05,0.005644992516974769,0.9756393539091783,0.0,,,,,,,1.9315,0.1472,1.8687,1.4434,1.741,-0.9269,0.4729,0.4763
CORE_SAT_HUNT_20260624_102149,16,rand,20260619,3,1000.0,9.042245370370372,LATE_BLOWUP_REJECT,0,0,nan,nan,nan,0.0,,,,,,,0.6578,0.1351,0.7307,1.0273,0.3925,0.8463,0.0151,0.2696
CORE_SAT_HUNT_20260624_102149,17,rand,20260619,3,1000.0,9.042245370370372,LATE_BLOWUP_REJECT,0,0,0.0011190837855994977,5.504331268378195,5.504331268378195,0.0,,,,,,,4.7121,0.0535,0.6185,0.431,1.0316,0.4148,-0.0907,0.4013
CORE_SAT_HUNT_20260624_102149,18,rand,20260619,3,1000.0,9.042245370370372,NEAR_SATURATED_BOUND_STATE,2,2,0.0003381232037457098,2.4929917865690485,2.4929917865690485,0.7652901982212756,,,,,,,3.7966,-0.0046,1.3392,0.0801,1.6713,-0.2628,-0.3651,0.3874
CORE_SAT_HUNT_20260624_102149,19,rand,20260619,3,1000.0,9.042245370370372,SPIN_DOWN_REJECT,0,0,-3.0463840641381937e-05,0.00603048409141559,0.9775106871145001,0.0,,,,,,,2.5465,0.1186,1.9421,0.7852,0.3442,-0.7727,-0.2728,0.2723
CORE_SAT_HUNT_20260624_102149,20,rand,20260619,3,1000.0,9.042245370370372,LATE_BLOWUP_REJECT,0,0,nan,nan,nan,0.0,,,,,,,4.1698,0.1351,0.1088,0.1524,3.3319,-0.6765,-0.2401,0.4947
CORE_SAT_HUNT_20260624_102149,21,rand,20260619,3,1000.0,9.042245370370372,LATE_BLOWUP_REJECT,0,0,nan,nan,nan,0.0,,,,,,,0.3185,0.1275,0.0949,1.7965,2.3725,0.7185,0.0354,0.3666
CORE_SAT_HUNT_20260624_102149,22,rand,20260619,3,1000.0,9.042245370370372,NEAR_SATURATED_BOUND_STATE,2,2,0.000226063298143193,1.8602972191170801,1.8602972191170801,0.7796114318584765,,,,,,,1.9358,-0.0095,0.4171,0.0618,1.3387,-0.0036,-0.4374,0.2803
CORE_SAT_HUNT_20260624_102149,23,rand,20260619,3,1000.0,9.042245370370372,LATE_BLOWUP_REJECT,0,0,nan,nan,nan,0.0,,,,,,,3.6315,0.0453,0.4399,0.1967,3.5886,0.4339,0.0903,0.4456
CORE_SAT_HUNT_20260624_102149,24,rand,20260619,4,1000.0,9.042245370370372,SPIN_DOWN_REJECT,0,0,-0.00012489736627261384,0.2301215933144118,0.9845670702286958,0.0,,,,,,,4.5847,0.0357,0.476,1.5411,3.2902,-0.3276,0.2478,0.2151
CORE_SAT_HUNT_20260624_102149,25,rand,20260619,4,1000.0,9.042245370370372,TRUE_SATURATED_BOUND_STATE,3,3,-9.375569830295352e-06,0.9400289653319572,0.9868970307775459,0.8107427238584736,,,,,,,2.8861,0.0663,1.5523,0.6541,3.9815,-0.6166,0.1484,0.4728
CORE_SAT_HUNT_20260624_102149,26,rand,20260619,4,1000.0,9.042245370370372,SPIN_DOWN_REJECT,2,2,-9.681268694580283e-05,0.39395757407270227,0.9862877111863809,0.22347738069701267,,,,,,,2.8891,0.0405,1.2143,0.2693,1.9369,-0.7098,-0.3974,0.3209
CORE_SAT_HUNT_20260624_102149,27,rand,20260619,4,1000.0,9.042245370370372,TRUE_SATURATED_BOUND_STATE,3,2,1.621524347461673e-05,0.8942467077641019,0.9867800908187463,2.355902736110253,,,,,,,4.894,0.0854,1.4922,0.8073,2.5562,-0.6036,0.3037,0.4947
CORE_SAT_HUNT_20260624_102149,28,rand,20260619,4,1000.0,9.042245370370372,LATE_BLOWUP_REJECT,0,0,0.009461732157624872,27.162746687409022,27.162746687409022,0.0,,,,,,,2.5129,0.143,1.2867,1.4353,2.7576,0.8063,-0.28,0.3954
CORE_SAT_HUNT_20260624_102149,29,rand,20260619,4,1000.0,9.042245370370372,LATE_BLOWUP_REJECT,0,0,0.005788153114701481,18.01200441306144,18.01200441306144,0.0,,,,,,,3.2507,-0.0076,0.6972,1.5149,1.7809,0.4821,-0.1835,0.3436
CORE_SAT_HUNT_20260624_102149,30,rand,20260619,4,1000.0,9.042245370370372,LATE_BLOWUP_REJECT,0,0,0.07330699143676496,188.77167754741535,188.77167754741535,0.0,,,,,,,3.5236,0.0316,1.5358,1.8442,2.3997,0.7859,-0.2009,0.435
CORE_SAT_HUNT_20260624_102149,31,rand,20260619,4,1000.0,9.042245370370372,NEAR_SATURATED_BOUND_STATE,2,2,0.00015862172704137107,1.6125731065427271,1.6125731065427271,0.47405615060251644,,,,,,,0.1263,0.0089,0.5416,0.6704,3.6821,-0.975,-0.0481,0.4348
CORE_SAT_HUNT_20260624_102149,32,rand,20260619,6,1000.0,9.042245370370372,SPIN_DOWN_REJECT,0,0,-0.00015754174403422044,0.19387874297530408,0.9906897855188529,0.0,,,,,,,3.6201,0.0597,1.3871,0.9716,1.9495,-0.325,0.1255,0.3158
CORE_SAT_HUNT_20260624_102149,33,rand,20260619,6,1000.0,9.042245370370372,NEAR_SATURATED_BOUND_STATE,5,4,0.000150733009223005,1.6445375868552565,1.6445375868552565,0.5259380930765442,INCONCLUSIVE_FAILURE_TRACE,30.192429941560288,14.437051174891744,0.009012010443838299,best_k6_near_threshold_near_candidate,Best K=6 near-threshold NEAR case; 4-node distributed candidate close to the TRUE band.,0.5405,0.025,1.8819,0.4033,3.1001,-0.5226,-0.423,0.4041
CORE_SAT_HUNT_20260624_102149,34,rand,20260619,6,1000.0,9.042245370370372,TRUE_SATURATED_BOUND_STATE,5,4,8.774666850143044e-05,0.9385744003409894,0.9906463102760752,1.6565078690920092,,,,,,,2.4793,0.0948,1.6947,1.5954,2.3827,-0.1985,-0.0183,0.4605
CORE_SAT_HUNT_20260624_102149,35,rand,20260619,6,1000.0,9.042245370370372,LATE_BLOWUP_REJECT,0,0,0.01764455159797388,46.24855797237391,46.24855797237391,0.0,,,,,,,1.6429,0.1112,1.3843,1.3101,0.7999,0.8171,-0.2596,0.238
CORE_SAT_HUNT_20260624_102149,36,rand,20260619,6,1000.0,9.042245370370372,SPIN_DOWN_REJECT,0,0,-4.731477915119195e-05,0.010046671929629086,0.9899351316608664,0.0,,,,,,,0.8961,0.1222,1.7495,0.5101,3.7872,-0.824,0.0883,0.3133
CORE_SAT_HUNT_20260624_102149,37,rand,20260619,6,1000.0,9.042245370370372,SPIN_DOWN_REJECT,0,0,-0.0001228871193919172,0.2525144871266008,0.9899299020050984,0.0,,,,,,,1.4389,0.0583,0.2294,0.1067,1.8186,-0.5295,-0.4999,0.4318
CORE_SAT_HUNT_20260624_102149,38,rand,20260619,6,1000.0,9.042245370370372,SPIN_DOWN_REJECT,0,0,-9.013697946884017e-05,0.07514952574691341,0.9900680583624759,0.0,,,,,,,1.4801,0.0528,0.2011,1.1763,0.158,-0.676,-0.1883,0.2053
CORE_SAT_HUNT_20260624_102149,39,rand,20260619,6,1000.0,9.042245370370372,SPIN_DOWN_REJECT,0,0,-5.672505008036932e-05,0.012061532922464707,0.9902267527298595,0.0,,,,,,,3.7816,0.1105,0.9914,1.4103,3.6089,0.2202,0.0261,0.2183
CORE_SAT_HUNT_20260624_104037,0,rand,20260619,1,1200.0,10.850694444444446,LATE_BLOWUP_REJECT,0,0,nan,nan,nan,0.0,,,,,,,4.6502,0.0984,0.2906,0.8025,3.9369,-0.4355,0.4486,0.2799
CORE_SAT_HUNT_20260624_104037,1,rand,20260619,1,1200.0,10.850694444444446,LATE_BLOWUP_REJECT,0,0,nan,nan,nan,0.0,,,,,,,2.4146,0.0416,0.2658,1.198,0.1119,0.6439,0.2332,0.4006
CORE_SAT_HUNT_20260624_104037,2,rand,20260619,1,1200.0,10.850694444444446,LATE_BLOWUP_REJECT,0,0,0.010893075023105376,30.426875068541023,30.426875068541023,0.0,,,,,,,4.7617,0.1471,1.3586,1.4398,0.6044,0.97,-0.388,0.3935
CORE_SAT_HUNT_20260624_104037,3,rand,20260619,1,1200.0,10.850694444444446,LATE_BLOWUP_REJECT,0,0,nan,nan,nan,0.0,,,,,,,4.449,0.1136,0.9557,1.0003,3.6862,0.4609,-0.1931,0.3247
CORE_SAT_HUNT_20260624_104037,4,rand,20260619,1,1200.0,10.850694444444446,LATE_BLOWUP_REJECT,0,0,nan,nan,nan,0.0,,,,,,,3.3827,-0.0031,0.3385,1.7092,1.6545,-0.6062,-0.0102,0.3739
CORE_SAT_HUNT_20260624_104037,5,rand,20260619,1,1200.0,10.850694444444446,LATE_BLOWUP_REJECT,0,0,0.0023940085909777307,8.711710929010762,8.711710929010762,0.0,,,,,,,1.7337,0.1189,1.912,1.0162,3.3099,0.2847,-0.0924,0.3083
CORE_SAT_HUNT_20260624_104037,6,rand,20260619,1,1200.0,10.850694444444446,LATE_BLOWUP_REJECT,0,0,nan,nan,nan,0.0,,,,,,,1.3389,0.0236,0.2243,0.9751,1.7381,-0.8983,0.3993,0.3247
CORE_SAT_HUNT_20260624_104037,7,rand,20260619,1,1200.0,10.850694444444446,SPIN_DOWN_REJECT,0,0,-3.503578116052683e-05,0.15025297424573278,0.8719768377527203,0.0,,,,,,,1.0274,0.0358,0.7309,1.1828,1.6726,-0.987,-0.4856,0.3455
CORE_SAT_HUNT_20260624_104037,8,rand,20260619,2,1200.0,10.850694444444446,LATE_BLOWUP_REJECT,0,0,nan,nan,nan,0.0,,,,,,,1.3913,0.1417,0.8556,1.0556,2.1688,0.8277,0.4352,0.3049
CORE_SAT_HUNT_20260624_104037,9,rand,20260619,2,1200.0,10.850694444444446,TRANSIENT_GROWER_REJECT,1,2,0.0005703226956757788,2.705212055705133,2.705212055705133,1.4568602989214354,,,,,,,2.9313,0.0022,0.2748,1.3235,1.3484,0.7715,-0.1253,0.3825
CORE_SAT_HUNT_20260624_104037,10,rand,20260619,2,1200.0,10.850694444444446,TRUE_SATURATED_BOUND_STATE,1,1,-5.94304216552488e-06,0.8312853846082174,0.9755591073589428,0.8953700828788774,,,,,,,0.1227,0.0944,1.0499,0.3503,1.3435,-0.0994,-0.2822,0.3811
CORE_SAT_HUNT_20260624_104037,11,rand,20260619,2,1200.0,10.850694444444446,LATE_BLOWUP_REJECT,0,0,nan,nan,nan,0.0,,,,,,,1.5328,0.0924,1.6819,0.0393,3.5145,0.9756,0.3115,0.3137
CORE_SAT_HUNT_20260624_104037,12,rand,20260619,2,1200.0,10.850694444444446,TRANSIENT_GROWER_REJECT,1,1,0.00041031843245570396,2.708537035599931,2.708537035599931,1.446705152444518,,,,,,,0.9418,-0.0019,0.8044,0.3331,2.0403,-0.7214,0.2929,0.4625
CORE_SAT_HUNT_20260624_104037,13,rand,20260619,2,1200.0,10.850694444444446,TRUE_SATURATED_BOUND_STATE,1,1,-3.8958936287142986e-05,0.587552805696076,0.9715211975487347,0.5450315804130722,,,,,,,1.2976,0.0576,0.9926,1.7952,3.7466,-0.4704,-0.3442,0.4349
CORE_SAT_HUNT_20260624_104037,14,rand,20260619,2,1200.0,10.850694444444446,SPIN_DOWN_REJECT,0,0,-3.6057316649755506e-05,0.004488262180956179,0.975115050684649,0.0,,,,,,,3.7422,0.1368,0.9801,1.9729,0.8226,-0.5291,0.2037,0.4107
CORE_SAT_HUNT_20260624_104037,15,rand,20260619,2,1200.0,10.850694444444446,LATE_BLOWUP_REJECT,0,0,nan,nan,nan,0.0,,,,,,,1.9315,0.1472,1.8687,1.4434,1.741,-0.9269,0.4729,0.4763
CORE_SAT_HUNT_20260624_104037,16,rand,20260619,3,1200.0,10.850694444444446,LATE_BLOWUP_REJECT,0,0,nan,nan,nan,0.0,,,,,,,0.6578,0.1351,0.7307,1.0273,0.3925,0.8463,0.0151,0.2696
CORE_SAT_HUNT_20260624_104037,17,rand,20260619,3,1200.0,10.850694444444446,LATE_BLOWUP_REJECT,0,0,0.0011191463016378357,5.663823569466791,5.663823569466791,0.0,,,,,,,4.7121,0.0535,0.6185,0.431,1.0316,0.4148,-0.0907,0.4013
CORE_SAT_HUNT_20260624_104037,18,rand,20260619,3,1200.0,10.850694444444446,NEAR_SATURATED_BOUND_STATE,2,2,0.0002876425638025968,2.249845537829313,2.249845537829313,0.770632775829994,,,,,,,3.7966,-0.0046,1.3392,0.0801,1.6713,-0.2628,-0.3651,0.3874
CORE_SAT_HUNT_20260624_104037,19,rand,20260619,3,1200.0,10.850694444444446,SPIN_DOWN_REJECT,0,0,-2.929081806143867e-05,0.00582849033546272,0.9765092033542793,0.0,,,,,,,2.5465,0.1186,1.9421,0.7852,0.3442,-0.7727,-0.2728,0.2723
CORE_SAT_HUNT_20260624_104037,20,rand,20260619,3,1200.0,10.850694444444446,LATE_BLOWUP_REJECT,0,0,nan,nan,nan,0.0,,,,,,,4.1698,0.1351,0.1088,0.1524,3.3319,-0.6765,-0.2401,0.4947
CORE_SAT_HUNT_20260624_104037,21,rand,20260619,3,1200.0,10.850694444444446,LATE_BLOWUP_REJECT,0,0,nan,nan,nan,0.0,,,,,,,0.3185,0.1275,0.0949,1.7965,2.3725,0.7185,0.0354,0.3666
CORE_SAT_HUNT_20260624_104037,22,rand,20260619,3,1200.0,10.850694444444446,NEAR_SATURATED_BOUND_STATE,2,2,0.00019322330606181846,1.6913084508200165,1.6913084508200165,0.7883954952420849,,,,,,,1.9358,-0.0095,0.4171,0.0618,1.3387,-0.0036,-0.4374,0.2803
CORE_SAT_HUNT_20260624_104037,23,rand,20260619,3,1200.0,10.850694444444446,LATE_BLOWUP_REJECT,0,0,nan,nan,nan,0.0,,,,,,,3.6315,0.0453,0.4399,0.1967,3.5886,0.4339,0.0903,0.4456
CORE_SAT_HUNT_20260624_104037,24,rand,20260619,4,1200.0,10.850694444444446,SPIN_DOWN_REJECT,0,0,-0.00011900162431160795,0.23566598829916033,0.9804799515860553,0.0,,,,,,,4.5847,0.0357,0.476,1.5411,3.2902,-0.3276,0.2478,0.2151
CORE_SAT_HUNT_20260624_104037,25,rand,20260619,4,1200.0,10.850694444444446,TRUE_SATURATED_BOUND_STATE,2,2,-3.591646088610943e-07,0.9816355009648625,0.9869011347303536,0.8206410584171867,,,,,,,2.8861,0.0663,1.5523,0.6541,3.9815,-0.6166,0.1484,0.4728
CORE_SAT_HUNT_20260624_104037,26,rand,20260619,4,1200.0,10.850694444444446,SPIN_DOWN_REJECT,2,2,-8.957436175618617e-05,0.38174616924231086,0.9859107697979304,0.22505772468469512,,,,,,,2.8891,0.0405,1.2143,0.2693,1.9369,-0.7098,-0.3974,0.3209
CORE_SAT_HUNT_20260624_104037,27,rand,20260619,4,1200.0,10.850694444444446,NEAR_SATURATED_BOUND_STATE,3,3,0.00015859578241101562,1.4209016629680284,1.4209016629680284,3.0627252246545793,,,,,,,4.894,0.0854,1.4922,0.8073,2.5562,-0.6036,0.3037,0.4947
CORE_SAT_HUNT_20260624_104037,28,rand,20260619,4,1200.0,10.850694444444446,LATE_BLOWUP_REJECT,0,0,0.009029746887081875,26.630216309168112,26.630216309168112,0.0,,,,,,,2.5129,0.143,1.2867,1.4353,2.7576,0.8063,-0.28,0.3954
CORE_SAT_HUNT_20260624_104037,29,rand,20260619,4,1200.0,10.850694444444446,LATE_BLOWUP_REJECT,0,0,0.005315497866752539,16.785542463903955,16.785542463903955,0.0,,,,,,,3.2507,-0.0076,0.6972,1.5149,1.7809,0.4821,-0.1835,0.3436
CORE_SAT_HUNT_20260624_104037,30,rand,20260619,4,1200.0,10.850694444444446,LATE_BLOWUP_REJECT,0,0,0.06453619349913019,169.1421369354227,169.1421369354227,0.0,,,,,,,3.5236,0.0316,1.5358,1.8442,2.3997,0.7859,-0.2009,0.435
CORE_SAT_HUNT_20260624_104037,31,rand,20260619,4,1200.0,10.850694444444446,TRUE_SATURATED_BOUND_STATE,2,2,0.00013490255978941022,1.4746738045527177,1.4746738045527177,0.47485145289180536,,,,,,,0.1263,0.0089,0.5416,0.6704,3.6821,-0.975,-0.0481,0.4348
CORE_SAT_HUNT_20260624_104037,32,rand,20260619,6,1200.0,10.850694444444446,SPIN_DOWN_REJECT,0,0,-0.0001553682107714768,0.2727194940839133,0.9907388077382047,0.0,,,,,,,3.6201,0.0597,1.3871,0.9716,1.9495,-0.325,0.1255,0.3158
CORE_SAT_HUNT_20260624_104037,33,rand,20260619,6,1200.0,10.850694444444446,TRUE_SATURATED_BOUND_STATE,4,4,0.0001367243803400998,1.5889754716471882,1.5889754716471882,0.5170496802022657,,,,,,,0.5405,0.025,1.8819,0.4033,3.1001,-0.5226,-0.423,0.4041
CORE_SAT_HUNT_20260624_104037,34,rand,20260619,6,1200.0,10.850694444444446,TRANSIENT_GROWER_REJECT,5,5,0.0003705977386871296,1.8935337038377338,1.8935337038377338,1.7569783037301314,,,,,,,2.4793,0.0948,1.6947,1.5954,2.3827,-0.1985,-0.0183,0.4605
CORE_SAT_HUNT_20260624_104037,35,rand,20260619,6,1200.0,10.850694444444446,LATE_BLOWUP_REJECT,0,0,0.018334274312015664,50.46647524441358,50.46647524441358,0.0,,,,,,,1.6429,0.1112,1.3843,1.3101,0.7999,0.8171,-0.2596,0.238
CORE_SAT_HUNT_20260624_104037,36,rand,20260619,6,1200.0,10.850694444444446,SPIN_DOWN_REJECT,0,0,-4.81651906662631e-05,0.010329117624662553,0.9898777496402893,0.0,,,,,,,0.8961,0.1222,1.7495,0.5101,3.7872,-0.824,0.0883,0.3133
CORE_SAT_HUNT_20260624_104037,37,rand,20260619,6,1200.0,10.850694444444446,SPIN_DOWN_REJECT,0,0,-0.00011583387213329265,0.259402677477682,0.9889909282511076,0.0,,,,,,,1.4389,0.0583,0.2294,0.1067,1.8186,-0.5295,-0.4999,0.4318
CORE_SAT_HUNT_20260624_104037,38,rand,20260619,6,1200.0,10.850694444444446,SPIN_DOWN_REJECT,0,0,-8.868462361844785e-05,0.07455883685821475,0.9899550680318244,0.0,,,,,,,1.4801,0.0528,0.2011,1.1763,0.158,-0.676,-0.1883,0.2053
CORE_SAT_HUNT_20260624_104037,39,rand,20260619,6,1200.0,10.850694444444446,SPIN_DOWN_REJECT,0,0,-9.981287925548629e-05,0.02074060551108498,0.9903493262926456,0.0,,,,,,,3.7816,0.1105,0.9914,1.4103,3.6089,0.2202,0.0261,0.2183
CORE_SAT_HUNT_20260624_111044,0,rand,20260619,1,1600.0,14.467592592592595,LATE_BLOWUP_REJECT,0,0,nan,nan,nan,0.0,,,,,,,4.6502,0.0984,0.2906,0.8025,3.9369,-0.4355,0.4486,0.2799
CORE_SAT_HUNT_20260624_111044,1,rand,20260619,1,1600.0,14.467592592592595,LATE_BLOWUP_REJECT,0,0,nan,nan,nan,0.0,,,,,,,2.4146,0.0416,0.2658,1.198,0.1119,0.6439,0.2332,0.4006
CORE_SAT_HUNT_20260624_111044,2,rand,20260619,1,1600.0,14.467592592592595,LATE_BLOWUP_REJECT,0,0,0.008735560799955492,24.701455188349257,24.701455188349257,0.0,,,,,,,4.7617,0.1471,1.3586,1.4398,0.6044,0.97,-0.388,0.3935
CORE_SAT_HUNT_20260624_111044,3,rand,20260619,1,1600.0,14.467592592592595,LATE_BLOWUP_REJECT,0,0,nan,nan,nan,0.0,,,,,,,4.449,0.1136,0.9557,1.0003,3.6862,0.4609,-0.1931,0.3247
CORE_SAT_HUNT_20260624_111044,4,rand,20260619,1,1600.0,14.467592592592595,LATE_BLOWUP_REJECT,0,0,nan,nan,nan,0.0,,,,,,,3.3827,-0.0031,0.3385,1.7092,1.6545,-0.6062,-0.0102,0.3739
CORE_SAT_HUNT_20260624_111044,5,rand,20260619,1,1600.0,14.467592592592595,LATE_BLOWUP_REJECT,0,0,nan,nan,nan,0.0,,,,,,,1.7337,0.1189,1.912,1.0162,3.3099,0.2847,-0.0924,0.3083
CORE_SAT_HUNT_20260624_111044,6,rand,20260619,1,1600.0,14.467592592592595,LATE_BLOWUP_REJECT,0,0,nan,nan,nan,0.0,,,,,,,1.3389,0.0236,0.2243,0.9751,1.7381,-0.8983,0.3993,0.3247
CORE_SAT_HUNT_20260624_111044,7,rand,20260619,1,1600.0,14.467592592592595,SPIN_DOWN_REJECT,0,0,-2.910350149583802e-05,0.12650294076108515,0.7949191938415908,0.0,,,,,,,1.0274,0.0358,0.7309,1.1828,1.6726,-0.987,-0.4856,0.3455
CORE_SAT_HUNT_20260624_111044,8,rand,20260619,2,1600.0,14.467592592592595,LATE_BLOWUP_REJECT,0,0,nan,nan,nan,0.0,,,,,,,1.3913,0.1417,0.8556,1.0556,2.1688,0.8277,0.4352,0.3049
CORE_SAT_HUNT_20260624_111044,9,rand,20260619,2,1600.0,14.467592592592595,TRANSIENT_GROWER_REJECT,1,2,0.00048305050226385665,2.3459711675408133,2.3459711675408133,1.5208299637688862,,,,,,,2.9313,0.0022,0.2748,1.3235,1.3484,0.7715,-0.1253,0.3825
CORE_SAT_HUNT_20260624_111044,10,rand,20260619,2,1600.0,14.467592592592595,TRUE_SATURATED_BOUND_STATE,1,1,-8.600622228048761e-06,0.7699606087219619,0.973168316660672,0.9924252839576373,,,,,,,0.1227,0.0944,1.0499,0.3503,1.3435,-0.0994,-0.2822,0.3811
CORE_SAT_HUNT_20260624_111044,11,rand,20260619,2,1600.0,14.467592592592595,LATE_BLOWUP_REJECT,0,0,nan,nan,nan,0.0,,,,,,,1.5328,0.0924,1.6819,0.0393,3.5145,0.9756,0.3115,0.3137
CORE_SAT_HUNT_20260624_111044,12,rand,20260619,2,1600.0,14.467592592592595,NEAR_SATURATED_BOUND_STATE,1,1,0.00032713463180927805,2.28561074991971,2.28561074991971,1.505944861200118,,,,,,,0.9418,-0.0019,0.8044,0.3331,2.0403,-0.7214,0.2929,0.4625
CORE_SAT_HUNT_20260624_111044,13,rand,20260619,2,1600.0,14.467592592592595,TRUE_SATURATED_BOUND_STATE,1,1,-3.211926795379375e-05,0.5288016306386785,0.9450122272573326,0.5435771415181306,,,,,,,1.2976,0.0576,0.9926,1.7952,3.7466,-0.4704,-0.3442,0.4349
CORE_SAT_HUNT_20260624_111044,14,rand,20260619,2,1600.0,14.467592592592595,SPIN_DOWN_REJECT,0,0,-3.899747515119415e-05,0.005007832483173443,0.9750353844095421,0.0,,,,,,,3.7422,0.1368,0.9801,1.9729,0.8226,-0.5291,0.2037,0.4107
CORE_SAT_HUNT_20260624_111044,15,rand,20260619,2,1600.0,14.467592592592595,LATE_BLOWUP_REJECT,0,0,nan,nan,nan,0.0,,,,,,,1.9315,0.1472,1.8687,1.4434,1.741,-0.9269,0.4729,0.4763
CORE_SAT_HUNT_20260624_111044,16,rand,20260619,3,1600.0,14.467592592592595,LATE_BLOWUP_REJECT,0,0,nan,nan,nan,0.0,,,,,,,0.6578,0.1351,0.7307,1.0273,0.3925,0.8463,0.0151,0.2696
CORE_SAT_HUNT_20260624_111044,17,rand,20260619,3,1600.0,14.467592592592595,LATE_BLOWUP_REJECT,0,0,0.0010509213026795156,5.529470828538964,5.529470828538964,0.0,,,,,,,4.7121,0.0535,0.6185,0.431,1.0316,0.4148,-0.0907,0.4013
CORE_SAT_HUNT_20260624_111044,18,rand,20260619,3,1600.0,14.467592592592595,NEAR_SATURATED_BOUND_STATE,2,2,0.0002255010129216205,1.8983461898322544,1.8983461898322544,0.7731577658436293,,,,,,,3.7966,-0.0046,1.3392,0.0801,1.6713,-0.2628,-0.3651,0.3874
CORE_SAT_HUNT_20260624_111044,19,rand,20260619,3,1600.0,14.467592592592595,SPIN_DOWN_REJECT,0,0,-2.7031651700607476e-05,0.00542670121201476,0.9736752036058763,0.0,,,,,,,2.5465,0.1186,1.9421,0.7852,0.3442,-0.7727,-0.2728,0.2723
CORE_SAT_HUNT_20260624_111044,20,rand,20260619,3,1600.0,14.467592592592595,LATE_BLOWUP_REJECT,0,0,nan,nan,nan,0.0,,,,,,,4.1698,0.1351,0.1088,0.1524,3.3319,-0.6765,-0.2401,0.4947
CORE_SAT_HUNT_20260624_111044,21,rand,20260619,3,1600.0,14.467592592592595,LATE_BLOWUP_REJECT,0,0,nan,nan,nan,0.0,,,,,,,0.3185,0.1275,0.0949,1.7965,2.3725,0.7185,0.0354,0.3666
CORE_SAT_HUNT_20260624_111044,22,rand,20260619,3,1600.0,14.467592592592595,NEAR_SATURATED_BOUND_STATE,2,2,0.00015057661909870587,1.439173279095247,1.439173279095247,0.7981838532017362,,,,,,,1.9358,-0.0095,0.4171,0.0618,1.3387,-0.0036,-0.4374,0.2803
CORE_SAT_HUNT_20260624_111044,23,rand,20260619,3,1600.0,14.467592592592595,LATE_BLOWUP_REJECT,0,0,nan,nan,nan,0.0,,,,,,,3.6315,0.0453,0.4399,0.1967,3.5886,0.4339,0.0903,0.4456
CORE_SAT_HUNT_20260624_111044,24,rand,20260619,4,1600.0,14.467592592592595,SPIN_DOWN_REJECT,0,0,-0.00010683458740648526,0.2371305459513556,0.9497854950159217,0.0,,,,,,,4.5847,0.0357,0.476,1.5411,3.2902,-0.3276,0.2478,0.2151
CORE_SAT_HUNT_20260624_111044,25,rand,20260619,4,1600.0,14.467592592592595,TRUE_SATURATED_BOUND_STATE,2,2,9.60897357871508e-06,0.99150690349415,0.99150690349415,0.823631145963236,,,,,,,2.8861,0.0663,1.5523,0.6541,3.9815,-0.6166,0.1484,0.4728
CORE_SAT_HUNT_20260624_111044,26,rand,20260619,4,1600.0,14.467592592592595,SPIN_DOWN_REJECT,2,2,-7.818360930742997e-05,0.35311941691971427,0.9847330592959017,0.22743133861145085,,,,,,,2.8891,0.0405,1.2143,0.2693,1.9369,-0.7098,-0.3974,0.3209
CORE_SAT_HUNT_20260624_111044,27,rand,20260619,4,1600.0,14.467592592592595,NEAR_SATURATED_BOUND_STATE,3,2,0.0002865662680292956,2.089200030175874,2.089200030175874,3.7007670720706254,,,,,,,4.894,0.0854,1.4922,0.8073,2.5562,-0.6036,0.3037,0.4947
CORE_SAT_HUNT_20260624_111044,28,rand,20260619,4,1600.0,14.467592592592595,LATE_BLOWUP_REJECT,0,0,0.008156101063260557,24.79641340522993,24.79641340522993,0.0,,,,,,,2.5129,0.143,1.2867,1.4353,2.7576,0.8063,-0.28,0.3954
CORE_SAT_HUNT_20260624_111044,29,rand,20260619,4,1600.0,14.467592592592595,LATE_BLOWUP_REJECT,0,0,0.004553286689358651,14.659030977019533,14.659030977019533,0.0,,,,,,,3.2507,-0.0076,0.6972,1.5149,1.7809,0.4821,-0.1835,0.3436
CORE_SAT_HUNT_20260624_111044,30,rand,20260619,4,1600.0,14.467592592592595,LATE_BLOWUP_REJECT,0,0,0.05209336259377388,139.41433629453894,139.41433629453894,0.0,,,,,,,3.5236,0.0316,1.5358,1.8442,2.3997,0.7859,-0.2009,0.435
CORE_SAT_HUNT_20260624_111044,31,rand,20260619,4,1600.0,14.467592592592595,TRUE_SATURATED_BOUND_STATE,2,2,0.00010464236449381685,1.2643401868210202,1.2643401868210202,0.4441797978061084,,,,,,,0.1263,0.0089,0.5416,0.6704,3.6821,-0.975,-0.0481,0.4348
CORE_SAT_HUNT_20260624_111044,32,rand,20260619,6,1600.0,14.467592592592595,SPIN_DOWN_REJECT,5,5,-0.0001258227281775238,0.4580857691683602,0.990811034040503,0.8750272386647269,,,,,,,3.6201,0.0597,1.3871,0.9716,1.9495,-0.325,0.1255,0.3158
CORE_SAT_HUNT_20260624_111044,33,rand,20260619,6,1600.0,14.467592592592595,TRUE_SATURATED_BOUND_STATE,4,4,0.00011447644356739923,1.4612834042107894,1.4612834042107894,0.554987587062302,,,,,,,0.5405,0.025,1.8819,0.4033,3.1001,-0.5226,-0.423,0.4041
CORE_SAT_HUNT_20260624_111044,34,rand,20260619,6,1600.0,14.467592592592595,TRANSIENT_GROWER_REJECT,5,6,0.0006021964845314246,2.8543780705866997,2.8543780705866997,1.7713958807326489,,,,,,,2.4793,0.0948,1.6947,1.5954,2.3827,-0.1985,-0.0183,0.4605
CORE_SAT_HUNT_20260624_111044,35,rand,20260619,6,1600.0,14.467592592592595,LATE_BLOWUP_REJECT,0,0,0.01716173039426295,49.73793118006806,49.73793118006806,0.0,,,,,,,1.6429,0.1112,1.3843,1.3101,0.7999,0.8171,-0.2596,0.238
CORE_SAT_HUNT_20260624_111044,36,rand,20260619,6,1600.0,14.467592592592595,SPIN_DOWN_REJECT,0,0,-4.850283208692682e-05,0.010570919431073791,0.9896771921555845,0.0,,,,,,,0.8961,0.1222,1.7495,0.5101,3.7872,-0.824,0.0883,0.3133
CORE_SAT_HUNT_20260624_111044,37,rand,20260619,6,1600.0,14.467592592592595,SPIN_DOWN_REJECT,0,0,-0.00010325577655259421,0.26117923865468173,0.9849141899495167,0.0,,,,,,,1.4389,0.0583,0.2294,0.1067,1.8186,-0.5295,-0.4999,0.4318
CORE_SAT_HUNT_20260624_111044,38,rand,20260619,6,1600.0,14.467592592592595,SPIN_DOWN_REJECT,0,0,-8.488954800961756e-05,0.07258856293432578,0.9896256902023205,0.0,,,,,,,1.4801,0.0528,0.2011,1.1763,0.158,-0.676,-0.1883,0.2053
CORE_SAT_HUNT_20260624_111044,39,rand,20260619,6,1600.0,14.467592592592595,SPIN_DOWN_REJECT,0,0,-0.0001563291440741802,0.28535362684619037,0.990610109438399,0.0,,,,,,,3.7816,0.1105,0.9914,1.4103,3.6089,0.2202,0.0261,0.2183
CORE_SAT_HUNT_20260624_112918,0,rand,20260619,1,2050.293702,18.53925873480903,LATE_BLOWUP_REJECT,0,0,nan,nan,nan,0.0,,,,,,,4.6502,0.0984,0.2906,0.8025,3.9369,-0.4355,0.4486,0.2799
CORE_SAT_HUNT_20260624_112918,1,rand,20260619,1,2050.293702,18.53925873480903,LATE_BLOWUP_REJECT,0,0,nan,nan,nan,0.0,,,,,,,2.4146,0.0416,0.2658,1.198,0.1119,0.6439,0.2332,0.4006
CORE_SAT_HUNT_20260624_112918,2,rand,20260619,1,2050.293702,18.53925873480903,LATE_BLOWUP_REJECT,0,0,0.007186230286703532,20.535166166538378,20.535166166538378,0.0,,,,,,,4.7617,0.1471,1.3586,1.4398,0.6044,0.97,-0.388,0.3935
CORE_SAT_HUNT_20260624_112918,3,rand,20260619,1,2050.293702,18.53925873480903,LATE_BLOWUP_REJECT,0,0,nan,nan,nan,0.0,,,,,,,4.449,0.1136,0.9557,1.0003,3.6862,0.4609,-0.1931,0.3247
CORE_SAT_HUNT_20260624_112918,4,rand,20260619,1,2050.293702,18.53925873480903,LATE_BLOWUP_REJECT,0,0,nan,nan,nan,0.0,,,,,,,3.3827,-0.0031,0.3385,1.7092,1.6545,-0.6062,-0.0102,0.3739
CORE_SAT_HUNT_20260624_112918,5,rand,20260619,1,2050.293702,18.53925873480903,LATE_BLOWUP_REJECT,0,0,nan,nan,nan,0.0,,,,,,,1.7337,0.1189,1.912,1.0162,3.3099,0.2847,-0.0924,0.3083
CORE_SAT_HUNT_20260624_112918,6,rand,20260619,1,2050.293702,18.53925873480903,LATE_BLOWUP_REJECT,0,0,nan,nan,nan,0.0,,,,,,,1.3389,0.0236,0.2243,0.9751,1.7381,-0.8983,0.3993,0.3247
CORE_SAT_HUNT_20260624_112918,7,rand,20260619,1,2050.293702,18.53925873480903,LATE_BLOWUP_REJECT,0,0,nan,nan,nan,0.0,,,,,,,1.0274,0.0358,0.7309,1.1828,1.6726,-0.987,-0.4856,0.3455
CORE_SAT_HUNT_20260624_112918,8,rand,20260619,2,2050.293702,18.53925873480903,LATE_BLOWUP_REJECT,0,0,nan,nan,nan,0.0,,,,,,,1.3913,0.1417,0.8556,1.0556,2.1688,0.8277,0.4352,0.3049
CORE_SAT_HUNT_20260624_112918,9,rand,20260619,2,2050.293702,18.53925873480903,TRANSIENT_GROWER_REJECT,1,2,0.00041523528019344095,2.050068834119767,2.050068834119767,1.5713236978833973,,,,,,,2.9313,0.0022,0.2748,1.3235,1.3484,0.7715,-0.1253,0.3825
CORE_SAT_HUNT_20260624_112918,10,rand,20260619,2,2050.293702,18.53925873480903,TRUE_SATURATED_BOUND_STATE,1,1,-7.66336965713852e-06,0.7001058314984837,0.968472028339256,0.9623185723391426,,,,,,,0.1227,0.0944,1.0499,0.3503,1.3435,-0.0994,-0.2822,0.3811
CORE_SAT_HUNT_20260624_112918,11,rand,20260619,2,2050.293702,18.53925873480903,LATE_BLOWUP_REJECT,0,0,nan,nan,nan,0.0,,,,,,,1.5328,0.0924,1.6819,0.0393,3.5145,0.9756,0.3115,0.3137
CORE_SAT_HUNT_20260624_112918,12,rand,20260619,2,2050.293702,18.53925873480903,NEAR_SATURATED_BOUND_STATE,1,1,0.00026610373393231104,1.9629608169278545,1.9629608169278545,1.5613897781502248,,,,,,,0.9418,-0.0019,0.8044,0.3331,2.0403,-0.7214,0.2929,0.4625
CORE_SAT_HUNT_20260624_112918,13,rand,20260619,2,2050.293702,18.53925873480903,LATE_BLOWUP_REJECT,0,0,nan,nan,nan,0.0,,,,,,,1.2976,0.0576,0.9926,1.7952,3.7466,-0.4704,-0.3442,0.4349
CORE_SAT_HUNT_20260624_112918,14,rand,20260619,2,2050.293702,18.53925873480903,LATE_BLOWUP_REJECT,0,0,nan,nan,nan,0.0,,,,,,,3.7422,0.1368,0.9801,1.9729,0.8226,-0.5291,0.2037,0.4107
CORE_SAT_HUNT_20260624_112918,15,rand,20260619,2,2050.293702,18.53925873480903,LATE_BLOWUP_REJECT,0,0,nan,nan,nan,0.0,,,,,,,1.9315,0.1472,1.8687,1.4434,1.741,-0.9269,0.4729,0.4763
CORE_SAT_HUNT_20260624_112918,16,rand,20260619,3,2050.293702,18.53925873480903,LATE_BLOWUP_REJECT,0,0,nan,nan,nan,0.0,,,,,,,0.6578,0.1351,0.7307,1.0273,0.3925,0.8463,0.0151,0.2696
CORE_SAT_HUNT_20260624_112918,17,rand,20260619,3,2050.293702,18.53925873480903,LATE_BLOWUP_REJECT,0,0,0.0009551563425644284,5.217026268956314,5.217026268956314,0.0,,,,,,,4.7121,0.0535,0.6185,0.431,1.0316,0.4148,-0.0907,0.4013
CORE_SAT_HUNT_20260624_112918,18,rand,20260619,3,2050.293702,18.53925873480903,NEAR_SATURATED_BOUND_STATE,2,2,0.00018249877066524607,1.6234721752066468,1.6234721752066468,0.8040065113328395,,,,,,,3.7966,-0.0046,1.3392,0.0801,1.6713,-0.2628,-0.3651,0.3874
CORE_SAT_HUNT_20260624_112918,19,rand,20260619,3,2050.293702,18.53925873480903,SPIN_DOWN_REJECT,0,0,-2.4793759777882906e-05,0.0050164819005027415,0.9690829258595296,0.0,,,,,,,2.5465,0.1186,1.9421,0.7852,0.3442,-0.7727,-0.2728,0.2723
CORE_SAT_HUNT_20260624_112918,20,rand,20260619,3,2050.293702,18.53925873480903,LATE_BLOWUP_REJECT,0,0,nan,nan,nan,0.0,,,,,,,4.1698,0.1351,0.1088,0.1524,3.3319,-0.6765,-0.2401,0.4947
CORE_SAT_HUNT_20260624_112918,21,rand,20260619,3,2050.293702,18.53925873480903,LATE_BLOWUP_REJECT,0,0,nan,nan,nan,0.0,,,,,,,0.3185,0.1275,0.0949,1.7965,2.3725,0.7185,0.0354,0.3666
CORE_SAT_HUNT_20260624_112918,22,rand,20260619,3,2050.293702,18.53925873480903,TRUE_SATURATED_BOUND_STATE,2,2,0.00012000200400858229,1.2395599636856693,1.2395599636856693,0.8032551625075002,,,,,,,1.9358,-0.0095,0.4171,0.0618,1.3387,-0.0036,-0.4374,0.2803
CORE_SAT_HUNT_20260624_112918,23,rand,20260619,3,2050.293702,18.53925873480903,LATE_BLOWUP_REJECT,0,0,nan,nan,nan,0.0,,,,,,,3.6315,0.0453,0.4399,0.1967,3.5886,0.4339,0.0903,0.4456
CORE_SAT_HUNT_20260624_112918,24,rand,20260619,4,2050.293702,18.53925873480903,LATE_BLOWUP_REJECT,0,0,nan,nan,nan,0.0,,,,,,,4.5847,0.0357,0.476,1.5411,3.2902,-0.3276,0.2478,0.2151
CORE_SAT_HUNT_20260624_112918,25,rand,20260619,4,2050.293702,18.53925873480903,TRUE_SATURATED_BOUND_STATE,2,2,1.19233926337926e-05,0.9525148889193613,0.986542365996439,0.8203735904818404,,,,,,,2.8861,0.0663,1.5523,0.6541,3.9815,-0.6166,0.1484,0.4728
CORE_SAT_HUNT_20260624_112918,26,rand,20260619,4,2050.293702,18.53925873480903,SPIN_DOWN_REJECT,2,2,-6.874039527241449e-05,0.32252554058842486,0.982642198557832,0.22860998720704367,,,,,,,2.8891,0.0405,1.2143,0.2693,1.9369,-0.7098,-0.3974,0.3209
CORE_SAT_HUNT_20260624_112918,27,rand,20260619,4,2050.293702,18.53925873480903,TRANSIENT_GROWER_REJECT,2,2,0.00040571766440144347,2.563603431148007,2.563603431148007,4.065924634661624,,,,,,,4.894,0.0854,1.4922,0.8073,2.5562,-0.6036,0.3037,0.4947
CORE_SAT_HUNT_20260624_112918,28,rand,20260619,4,2050.293702,18.53925873480903,LATE_BLOWUP_REJECT,0,0,0.0071178879387775755,22.154907795487997,22.154907795487997,0.0,,,,,,,2.5129,0.143,1.2867,1.4353,2.7576,0.8063,-0.28,0.3954
CORE_SAT_HUNT_20260624_112918,29,rand,20260619,4,2050.293702,18.53925873480903,LATE_BLOWUP_REJECT,0,0,0.0039248792207523505,12.85337248704086,12.85337248704086,0.0,,,,,,,3.2507,-0.0076,0.6972,1.5149,1.7809,0.4821,-0.1835,0.3436
CORE_SAT_HUNT_20260624_112918,30,rand,20260619,4,2050.293702,18.53925873480903,LATE_BLOWUP_REJECT,0,0,0.04289439920028884,116.44931825307302,116.44931825307302,0.0,,,,,,,3.5236,0.0316,1.5358,1.8442,2.3997,0.7859,-0.2009,0.435
CORE_SAT_HUNT_20260624_112918,31,rand,20260619,4,2050.293702,18.53925873480903,LATE_BLOWUP_REJECT,0,0,nan,nan,nan,0.0,,,,,,,0.1263,0.0089,0.5416,0.6704,3.6821,-0.975,-0.0481,0.4348
CORE_SAT_HUNT_20260624_112918,32,rand,20260619,6,2050.293702,18.53925873480903,TRUE_SATURATED_BOUND_STATE,5,5,-9.12991641670209e-05,0.6240549617100312,0.9908563701549324,1.1908418649810906,SATURATED_BOUND_STATE,45.257892465811,9.107120323430633,0.009012010443838299,best_k6_distributed_true_high_mass,High-mass K=6 stable 5-node branch; closest feb-adjacent distributed TRUE with n_mid==n_fin.,3.6201,0.0597,1.3871,0.9716,1.9495,-0.325,0.1255,0.3158
CORE_SAT_HUNT_20260624_112918,33,rand,20260619,6,2050.293702,18.53925873480903,TRUE_SATURATED_BOUND_STATE,4,4,9.333874128140267e-05,1.3247953825168362,1.3247953825168362,0.5601252334191861,,,,,,,0.5405,0.025,1.8819,0.4033,3.1001,-0.5226,-0.423,0.4041
CORE_SAT_HUNT_20260624_112918,34,rand,20260619,6,2050.293702,18.53925873480903,LATE_BLOWUP_REJECT,0,0,0.0007082058833783563,3.2965128331228213,3.2965128331228213,0.0,,,,,,,2.4793,0.0948,1.6947,1.5954,2.3827,-0.1985,-0.0183,0.4605
CORE_SAT_HUNT_20260624_112918,35,rand,20260619,6,2050.293702,18.53925873480903,LATE_BLOWUP_REJECT,0,0,0.015188597781679932,45.52787077576473,45.52787077576473,0.0,,,,,,,1.6429,0.1112,1.3843,1.3101,0.7999,0.8171,-0.2596,0.238
CORE_SAT_HUNT_20260624_112918,36,rand,20260619,6,2050.293702,18.53925873480903,SPIN_DOWN_REJECT,0,0,-4.763867949169119e-05,0.010521262135686826,0.9893207430453098,0.0,,,,,,,0.8961,0.1222,1.7495,0.5101,3.7872,-0.824,0.0883,0.3133
CORE_SAT_HUNT_20260624_112918,37,rand,20260619,6,2050.293702,18.53925873480903,SPIN_DOWN_REJECT,0,0,-9.18641977499961e-05,0.2545700908561302,0.9755207099298515,0.0,,,,,,,1.4389,0.0583,0.2294,0.1067,1.8186,-0.5295,-0.4999,0.4318
CORE_SAT_HUNT_20260624_112918,38,rand,20260619,6,2050.293702,18.53925873480903,SPIN_DOWN_REJECT,0,0,-8.01743962091224e-05,0.06976172892784997,0.9890764326280765,0.0,,,,,,,1.4801,0.0528,0.2011,1.1763,0.158,-0.676,-0.1883,0.2053
CORE_SAT_HUNT_20260624_112918,39,rand,20260619,6,2050.293702,18.53925873480903,TRUE_SATURATED_BOUND_STATE,5,4,-8.984650083144295e-05,0.6914552079194658,0.9919782267744326,1.5794535199879567,,,,,,,3.7816,0.1105,0.9914,1.4103,3.6089,0.2202,0.0261,0.2183
CORE_SAT_HUNT_20260624_114744,0,rand,20260620,1,500.0,4.521122685185186,LATE_BLOWUP_REJECT,0,0,nan,nan,nan,0.0,,,,,,,4.6502,0.0984,0.2906,0.8025,3.9369,-0.4355,0.4486,0.2799
CORE_SAT_HUNT_20260624_114744,1,rand,20260620,1,500.0,4.521122685185186,LATE_BLOWUP_REJECT,0,0,nan,nan,nan,0.0,,,,,,,2.4146,0.0416,0.2658,1.198,0.1119,0.6439,0.2332,0.4006
CORE_SAT_HUNT_20260624_114744,2,rand,20260620,1,500.0,4.521122685185186,LATE_BLOWUP_REJECT,0,0,0.018906380705641535,50.03289342427285,50.03289342427285,0.0,,,,,,,4.7617,0.1471,1.3586,1.4398,0.6044,0.97,-0.388,0.3935
CORE_SAT_HUNT_20260624_114744,3,rand,20260620,1,500.0,4.521122685185186,LATE_BLOWUP_REJECT,0,0,nan,nan,nan,0.0,,,,,,,4.449,0.1136,0.9557,1.0003,3.6862,0.4609,-0.1931,0.3247
CORE_SAT_HUNT_20260624_114744,4,rand,20260620,1,500.0,4.521122685185186,TRUE_SATURATED_BOUND_STATE,2,2,4.680718638584341e-05,0.5357266900744055,0.7716589851420459,0.3454751645246084,,,,,,,3.3827,-0.0031,0.3385,1.7092,1.6545,-0.6062,-0.0102,0.3739
CORE_SAT_HUNT_20260624_114744,5,rand,20260620,1,500.0,4.521122685185186,LATE_BLOWUP_REJECT,0,0,0.0036476245268464063,12.212529662936687,12.212529662936687,0.0,,,,,,,1.7337,0.1189,1.912,1.0162,3.3099,0.2847,-0.0924,0.3083
CORE_SAT_HUNT_20260624_114744,6,rand,20260620,1,500.0,4.521122685185186,LATE_BLOWUP_REJECT,0,0,nan,nan,nan,0.0,,,,,,,1.3389,0.0236,0.2243,0.9751,1.7381,-0.8983,0.3993,0.3247
CORE_SAT_HUNT_20260624_114744,7,rand,20260620,1,500.0,4.521122685185186,SPIN_DOWN_REJECT,0,0,-5.23746427178496e-05,0.19370773673708308,0.901128907415352,0.0,,,,,,,1.0274,0.0358,0.7309,1.1828,1.6726,-0.987,-0.4856,0.3455
CORE_SAT_HUNT_20260624_114744,8,rand,20260620,2,500.0,4.521122685185186,LATE_BLOWUP_REJECT,0,0,nan,nan,nan,0.0,,,,,,,1.3913,0.1417,0.8556,1.0556,2.1688,0.8277,0.4352,0.3049
CORE_SAT_HUNT_20260624_114744,9,rand,20260620,2,500.0,4.521122685185186,TRANSIENT_GROWER_REJECT,2,3,0.0005086021335659882,2.5349240587719652,2.5349240587719652,1.1234103602107088,,,,,,,2.9313,0.0022,0.2748,1.3235,1.3484,0.7715,-0.1253,0.3825
CORE_SAT_HUNT_20260624_114744,10,rand,20260620,2,500.0,4.521122685185186,TRUE_SATURATED_BOUND_STATE,2,2,-2.543015356755218e-05,0.7591402274129294,0.9704039453932184,0.8939592080483119,,,,,,,0.1227,0.0944,1.0499,0.3503,1.3435,-0.0994,-0.2822,0.3811
CORE_SAT_HUNT_20260624_114744,11,rand,20260620,2,500.0,4.521122685185186,LATE_BLOWUP_REJECT,0,0,nan,nan,nan,0.0,,,,,,,1.5328,0.0924,1.6819,0.0393,3.5145,0.9756,0.3115,0.3137
CORE_SAT_HUNT_20260624_114744,12,rand,20260620,2,500.0,4.521122685185186,LATE_BLOWUP_REJECT,0,0,0.0006724975337427951,3.6919166186751506,3.6919166186751506,0.0,,,,,,,0.9418,-0.0019,0.8044,0.3331,2.0403,-0.7214,0.2929,0.4625
CORE_SAT_HUNT_20260624_114744,13,rand,20260620,2,500.0,4.521122685185186,TRUE_SATURATED_BOUND_STATE,3,3,-8.488561473549589e-05,0.5476306237231844,0.9701776370680124,0.5562355275726022,,,,,,,1.2976,0.0576,0.9926,1.7952,3.7466,-0.4704,-0.3442,0.4349
CORE_SAT_HUNT_20260624_114744,14,rand,20260620,2,500.0,4.521122685185186,SPIN_DOWN_REJECT,0,0,-2.558991917227083e-05,0.002933618234660864,0.9691252199861683,0.0,,,,,,,3.7422,0.1368,0.9801,1.9729,0.8226,-0.5291,0.2037,0.4107
CORE_SAT_HUNT_20260624_114744,15,rand,20260620,2,500.0,4.521122685185186,SPIN_DOWN_REJECT,0,0,-3.53625450974442e-05,0.004046244055517748,0.9694433155304062,0.0,,,,,,,1.9315,0.1472,1.8687,1.4434,1.741,-0.9269,0.4729,0.4763
CORE_SAT_HUNT_20260624_114744,16,rand,20260620,3,500.0,4.521122685185186,LATE_BLOWUP_REJECT,0,0,nan,nan,nan,0.0,,,,,,,0.6578,0.1351,0.7307,1.0273,0.3925,0.8463,0.0151,0.2696
CORE_SAT_HUNT_20260624_114744,17,rand,20260620,3,500.0,4.521122685185186,TRANSIENT_GROWER_REJECT,3,2,0.0003913835576075767,2.6187729507980757,2.6187729507980757,2.8411214081373877,,,,,,,4.7121,0.0535,0.6185,0.431,1.0316,0.4148,-0.0907,0.4013
CORE_SAT_HUNT_20260624_114744,18,rand,20260620,3,500.0,4.521122685185186,LATE_BLOWUP_REJECT,0,0,0.0005970154593469283,3.4830799141987514,3.4830799141987514,0.0,,,,,,,3.7966,-0.0046,1.3392,0.0801,1.6713,-0.2628,-0.3651,0.3874
CORE_SAT_HUNT_20260624_114744,19,rand,20260620,3,500.0,4.521122685185186,SPIN_DOWN_REJECT,0,0,-3.371322277631862e-05,0.006571241916037339,0.9805340904067155,0.0,,,,,,,2.5465,0.1186,1.9421,0.7852,0.3442,-0.7727,-0.2728,0.2723
CORE_SAT_HUNT_20260624_114744,20,rand,20260620,3,500.0,4.521122685185186,LATE_BLOWUP_REJECT,0,0,nan,nan,nan,0.0,,,,,,,4.1698,0.1351,0.1088,0.1524,3.3319,-0.6765,-0.2401,0.4947
CORE_SAT_HUNT_20260624_114744,21,rand,20260620,3,500.0,4.521122685185186,LATE_BLOWUP_REJECT,0,0,nan,nan,nan,0.0,,,,,,,0.3185,0.1275,0.0949,1.7965,2.3725,0.7185,0.0354,0.3666
CORE_SAT_HUNT_20260624_114744,22,rand,20260620,3,500.0,4.521122685185186,TRANSIENT_GROWER_REJECT,3,3,0.00039090374407855106,2.54755439863446,2.54755439863446,0.7506636758921792,,,,,,,1.9358,-0.0095,0.4171,0.0618,1.3387,-0.0036,-0.4374,0.2803
CORE_SAT_HUNT_20260624_114744,23,rand,20260620,3,500.0,4.521122685185186,TRUE_SATURATED_BOUND_STATE,3,3,7.786209700578916e-05,1.5688116386774429,1.5688116386774429,0.6936061249990594,,,,,,,3.6315,0.0453,0.4399,0.1967,3.5886,0.4339,0.0903,0.4456
CORE_SAT_HUNT_20260624_114744,24,rand,20260620,4,500.0,4.521122685185186,SPIN_DOWN_REJECT,0,0,-0.00012810402878109416,0.1692544669639681,0.9860812238342893,0.0,,,,,,,4.5847,0.0357,0.476,1.5411,3.2902,-0.3276,0.2478,0.2151
CORE_SAT_HUNT_20260624_114744,25,rand,20260620,4,500.0,4.521122685185186,SPIN_DOWN_REJECT,4,4,-9.418790069949307e-05,0.45568753425609637,0.9862850229277957,0.704104841506433,,,,,,,2.8861,0.0663,1.5523,0.6541,3.9815,-0.6166,0.1484,0.4728
CORE_SAT_HUNT_20260624_114744,26,rand,20260620,4,500.0,4.521122685185186,SPIN_DOWN_REJECT,4,4,-0.00012146846348848092,0.3668088600413335,0.9862757904016054,0.19688923419311805,,,,,,,2.8891,0.0405,1.2143,0.2693,1.9369,-0.7098,-0.3974,0.3209
CORE_SAT_HUNT_20260624_114744,27,rand,20260620,4,500.0,4.521122685185186,SPIN_DOWN_REJECT,0,0,-0.0001339777090187069,0.06524268765071556,0.9860691238417493,0.0,,,,,,,4.894,0.0854,1.4922,0.8073,2.5562,-0.6036,0.3037,0.4947
CORE_SAT_HUNT_20260624_114744,28,rand,20260620,4,500.0,4.521122685185186,LATE_BLOWUP_REJECT,0,0,0.005240236106978028,13.306198042336012,13.306198042336012,0.0,,,,,,,2.5129,0.143,1.2867,1.4353,2.7576,0.8063,-0.28,0.3954
CORE_SAT_HUNT_20260624_114744,29,rand,20260620,4,500.0,4.521122685185186,LATE_BLOWUP_REJECT,0,0,0.006637274111774587,18.68578792675661,18.68578792675661,0.0,,,,,,,3.2507,-0.0076,0.6972,1.5149,1.7809,0.4821,-0.1835,0.3436
CORE_SAT_HUNT_20260624_114744,30,rand,20260620,4,500.0,4.521122685185186,LATE_BLOWUP_REJECT,0,0,0.1346195808081031,312.03672150310507,312.03672150310507,0.0,,,,,,,3.5236,0.0316,1.5358,1.8442,2.3997,0.7859,-0.2009,0.435
CORE_SAT_HUNT_20260624_114744,31,rand,20260620,4,500.0,4.521122685185186,NEAR_SATURATED_BOUND_STATE,4,4,0.00025758142440666227,2.01884002838468,2.01884002838468,0.44018897684849473,,,,,,,0.1263,0.0089,0.5416,0.6704,3.6821,-0.975,-0.0481,0.4348
CORE_SAT_HUNT_20260624_114744,32,rand,20260620,6,500.0,4.521122685185186,SPIN_DOWN_REJECT,0,0,-0.00012051086896897169,0.09406492353461646,0.9894025755514436,0.0,,,,,,,3.6201,0.0597,1.3871,0.9716,1.9495,-0.325,0.1255,0.3158
CORE_SAT_HUNT_20260624_114744,33,rand,20260620,6,500.0,4.521122685185186,NEAR_SATURATED_BOUND_STATE,6,6,0.00016573459268931826,1.5384318431768393,1.5384318431768393,0.5557705877820991,,,,,,,0.5405,0.025,1.8819,0.4033,3.1001,-0.5226,-0.423,0.4041
CORE_SAT_HUNT_20260624_114744,34,rand,20260620,6,500.0,4.521122685185186,SPIN_DOWN_REJECT,0,0,-7.777332640135305e-05,0.024326558585004827,0.9891968245714787,0.0,,,,,,,2.4793,0.0948,1.6947,1.5954,2.3827,-0.1985,-0.0183,0.4605
CORE_SAT_HUNT_20260624_114744,35,rand,20260620,6,500.0,4.521122685185186,SPIN_DOWN_REJECT,0,0,-4.9721903519455664e-05,0.011548550614055656,0.9889875873845791,0.0,,,,,,,1.6429,0.1112,1.3843,1.3101,0.7999,0.8171,-0.2596,0.238
CORE_SAT_HUNT_20260624_114744,36,rand,20260620,6,500.0,4.521122685185186,SPIN_DOWN_REJECT,0,0,-4.2420047577486815e-05,0.008739447598105762,0.9888331496792554,0.0,,,,,,,0.8961,0.1222,1.7495,0.5101,3.7872,-0.824,0.0883,0.3133
CORE_SAT_HUNT_20260624_114744,37,rand,20260620,6,500.0,4.521122685185186,SPIN_DOWN_REJECT,0,0,-0.00013394338286165522,0.1893857677831824,0.9894763219717425,0.0,,,,,,,1.4389,0.0583,0.2294,0.1067,1.8186,-0.5295,-0.4999,0.4318
CORE_SAT_HUNT_20260624_114744,38,rand,20260620,6,500.0,4.521122685185186,SPIN_DOWN_REJECT,0,0,-8.684814485578379e-05,0.06775944264519158,0.9890514277091808,0.0,,,,,,,1.4801,0.0528,0.2011,1.1763,0.158,-0.676,-0.1883,0.2053
CORE_SAT_HUNT_20260624_114744,39,rand,20260620,6,500.0,4.521122685185186,SPIN_DOWN_REJECT,0,0,-3.9619486467391585e-05,0.008297182954680654,0.9888312235469878,0.0,,,,,,,3.7816,0.1105,0.9914,1.4103,3.6089,0.2202,0.0261,0.2183
CORE_SAT_HUNT_20260624_120642,0,rand,20260620,1,800.0,7.233796296296298,LATE_BLOWUP_REJECT,0,0,nan,nan,nan,0.0,,,,,,,4.6502,0.0984,0.2906,0.8025,3.9369,-0.4355,0.4486,0.2799
CORE_SAT_HUNT_20260624_120642,1,rand,20260620,1,800.0,7.233796296296298,LATE_BLOWUP_REJECT,0,0,nan,nan,nan,0.0,,,,,,,2.4146,0.0416,0.2658,1.198,0.1119,0.6439,0.2332,0.4006
CORE_SAT_HUNT_20260624_120642,2,rand,20260620,1,800.0,7.233796296296298,LATE_BLOWUP_REJECT,0,0,0.013786285682255149,37.33922617632399,37.33922617632399,0.0,,,,,,,4.7617,0.1471,1.3586,1.4398,0.6044,0.97,-0.388,0.3935
CORE_SAT_HUNT_20260624_120642,3,rand,20260620,1,800.0,7.233796296296298,LATE_BLOWUP_REJECT,0,0,nan,nan,nan,0.0,,,,,,,4.449,0.1136,0.9557,1.0003,3.6862,0.4609,-0.1931,0.3247
CORE_SAT_HUNT_20260624_120642,4,rand,20260620,1,800.0,7.233796296296298,LATE_BLOWUP_REJECT,0,0,nan,nan,nan,0.0,,,,,,,3.3827,-0.0031,0.3385,1.7092,1.6545,-0.6062,-0.0102,0.3739
CORE_SAT_HUNT_20260624_120642,5,rand,20260620,1,800.0,7.233796296296298,LATE_BLOWUP_REJECT,0,0,0.0027614746105556194,9.567702231500082,9.567702231500082,0.0,,,,,,,1.7337,0.1189,1.912,1.0162,3.3099,0.2847,-0.0924,0.3083
CORE_SAT_HUNT_20260624_120642,6,rand,20260620,1,800.0,7.233796296296298,LATE_BLOWUP_REJECT,0,0,nan,nan,nan,0.0,,,,,,,1.3389,0.0236,0.2243,0.9751,1.7381,-0.8983,0.3993,0.3247
CORE_SAT_HUNT_20260624_120642,7,rand,20260620,1,800.0,7.233796296296298,SPIN_DOWN_REJECT,0,0,-3.9883265661029746e-05,0.15334351572911137,0.8622715092211203,0.0,,,,,,,1.0274,0.0358,0.7309,1.1828,1.6726,-0.987,-0.4856,0.3455
CORE_SAT_HUNT_20260624_120642,8,rand,20260620,2,800.0,7.233796296296298,LATE_BLOWUP_REJECT,0,0,nan,nan,nan,0.0,,,,,,,1.3913,0.1417,0.8556,1.0556,2.1688,0.8277,0.4352,0.3049
CORE_SAT_HUNT_20260624_120642,9,rand,20260620,2,800.0,7.233796296296298,TRANSIENT_GROWER_REJECT,2,3,0.0004542087751658106,2.2649828142167174,2.2649828142167174,1.2423403726770281,,,,,,,2.9313,0.0022,0.2748,1.3235,1.3484,0.7715,-0.1253,0.3825
CORE_SAT_HUNT_20260624_120642,10,rand,20260620,2,800.0,7.233796296296298,TRUE_SATURATED_BOUND_STATE,2,2,-2.4752929168478805e-05,0.78076197173729,0.9701086082590306,0.9041602439619763,,,,,,,0.1227,0.0944,1.0499,0.3503,1.3435,-0.0994,-0.2822,0.3811
CORE_SAT_HUNT_20260624_120642,11,rand,20260620,2,800.0,7.233796296296298,LATE_BLOWUP_REJECT,0,0,nan,nan,nan,0.0,,,,,,,1.5328,0.0924,1.6819,0.0393,3.5145,0.9756,0.3115,0.3137
CORE_SAT_HUNT_20260624_120642,12,rand,20260620,2,800.0,7.233796296296298,TRANSIENT_GROWER_REJECT,2,2,0.000481187868516043,2.9739288017258168,2.9739288017258168,1.352146723264891,,,,,,,0.9418,-0.0019,0.8044,0.3331,2.0403,-0.7214,0.2929,0.4625
CORE_SAT_HUNT_20260624_120642,13,rand,20260620,2,800.0,7.233796296296298,TRUE_SATURATED_BOUND_STATE,3,3,-6.440198971743242e-05,0.537928890318661,0.9686155189846553,0.5508588562518554,,,,,,,1.2976,0.0576,0.9926,1.7952,3.7466,-0.4704,-0.3442,0.4349
CORE_SAT_HUNT_20260624_120642,14,rand,20260620,2,800.0,7.233796296296298,SPIN_DOWN_REJECT,0,0,-2.9179174614212493e-05,0.0033835268335861853,0.9688592747269815,0.0,,,,,,,3.7422,0.1368,0.9801,1.9729,0.8226,-0.5291,0.2037,0.4107
CORE_SAT_HUNT_20260624_120642,15,rand,20260620,2,800.0,7.233796296296298,SPIN_DOWN_REJECT,0,0,-4.0664905103024093e-05,0.00496283169663329,0.9693857183755727,0.0,,,,,,,1.9315,0.1472,1.8687,1.4434,1.741,-0.9269,0.4729,0.4763
CORE_SAT_HUNT_20260624_120642,16,rand,20260620,3,800.0,7.233796296296298,LATE_BLOWUP_REJECT,0,0,nan,nan,nan,0.0,,,,,,,0.6578,0.1351,0.7307,1.0273,0.3925,0.8463,0.0151,0.2696
CORE_SAT_HUNT_20260624_120642,17,rand,20260620,3,800.0,7.233796296296298,LATE_BLOWUP_REJECT,0,0,0.0007300129136896418,4.240778631012403,4.240778631012403,0.0,,,,,,,4.7121,0.0535,0.6185,0.431,1.0316,0.4148,-0.0907,0.4013
CORE_SAT_HUNT_20260624_120642,18,rand,20260620,3,800.0,7.233796296296298,TRANSIENT_GROWER_REJECT,3,3,0.00043822694411448315,2.885953359331263,2.885953359331263,0.7617958193231938,,,,,,,3.7966,-0.0046,1.3392,0.0801,1.6713,-0.2628,-0.3651,0.3874
CORE_SAT_HUNT_20260624_120642,19,rand,20260620,3,800.0,7.233796296296298,SPIN_DOWN_REJECT,0,0,-3.262487144470056e-05,0.006400532339078701,0.9799500117273618,0.0,,,,,,,2.5465,0.1186,1.9421,0.7852,0.3442,-0.7727,-0.2728,0.2723
CORE_SAT_HUNT_20260624_120642,20,rand,20260620,3,800.0,7.233796296296298,LATE_BLOWUP_REJECT,0,0,nan,nan,nan,0.0,,,,,,,4.1698,0.1351,0.1088,0.1524,3.3319,-0.6765,-0.2401,0.4947
CORE_SAT_HUNT_20260624_120642,21,rand,20260620,3,800.0,7.233796296296298,LATE_BLOWUP_REJECT,0,0,nan,nan,nan,0.0,,,,,,,0.3185,0.1275,0.0949,1.7965,2.3725,0.7185,0.0354,0.3666
CORE_SAT_HUNT_20260624_120642,22,rand,20260620,3,800.0,7.233796296296298,NEAR_SATURATED_BOUND_STATE,3,3,0.0002862718202541967,2.1364660199670795,2.1364660199670795,0.7644294500107501,,,,,,,1.9358,-0.0095,0.4171,0.0618,1.3387,-0.0036,-0.4374,0.2803
CORE_SAT_HUNT_20260624_120642,23,rand,20260620,3,800.0,7.233796296296298,TRUE_SATURATED_BOUND_STATE,3,3,9.043280518787432e-05,1.493185958347251,1.493185958347251,0.7167172623709586,,,,,,,3.6315,0.0453,0.4399,0.1967,3.5886,0.4339,0.0903,0.4456
CORE_SAT_HUNT_20260624_120642,24,rand,20260620,4,800.0,7.233796296296298,SPIN_DOWN_REJECT,0,0,-0.00012927741223562448,0.1867884801630859,0.9856332922878787,0.0,,,,,,,4.5847,0.0357,0.476,1.5411,3.2902,-0.3276,0.2478,0.2151
CORE_SAT_HUNT_20260624_120642,25,rand,20260620,4,800.0,7.233796296296298,TRUE_SATURATED_BOUND_STATE,4,4,-4.198977089123281e-05,0.7837820221639916,0.9864216583053143,0.8169120658546094,,,,,,,2.8861,0.0663,1.5523,0.6541,3.9815,-0.6166,0.1484,0.4728
CORE_SAT_HUNT_20260624_120642,26,rand,20260620,4,800.0,7.233796296296298,SPIN_DOWN_REJECT,4,4,-0.00010665614179500695,0.3851014950854726,0.9860936411010063,0.22156702555147537,,,,,,,2.8891,0.0405,1.2143,0.2693,1.9369,-0.7098,-0.3974,0.3209
CORE_SAT_HUNT_20260624_120642,27,rand,20260620,4,800.0,7.233796296296298,SPIN_DOWN_REJECT,4,3,-0.00013395656890128303,0.35400648155926795,0.9862554917281277,0.8834982362383809,,,,,,,4.894,0.0854,1.4922,0.8073,2.5562,-0.6036,0.3037,0.4947
CORE_SAT_HUNT_20260624_120642,28,rand,20260620,4,800.0,7.233796296296298,LATE_BLOWUP_REJECT,0,0,0.01009663889274303,27.506632553332164,27.506632553332164,0.0,,,,,,,2.5129,0.143,1.2867,1.4353,2.7576,0.8063,-0.28,0.3954
CORE_SAT_HUNT_20260624_120642,29,rand,20260620,4,800.0,7.233796296296298,LATE_BLOWUP_REJECT,0,0,0.00618635083661148,18.23054298798516,18.23054298798516,0.0,,,,,,,3.2507,-0.0076,0.6972,1.5149,1.7809,0.4821,-0.1835,0.3436
CORE_SAT_HUNT_20260624_120642,30,rand,20260620,4,800.0,7.233796296296298,LATE_BLOWUP_REJECT,0,0,0.11644100961154907,277.4019923614427,277.4019923614427,0.0,,,,,,,3.5236,0.0316,1.5358,1.8442,2.3997,0.7859,-0.2009,0.435
CORE_SAT_HUNT_20260624_120642,31,rand,20260620,4,800.0,7.233796296296298,NEAR_SATURATED_BOUND_STATE,4,4,0.0001897091578837657,1.7483751926149358,1.7483751926149358,0.49077020870124655,,,,,,,0.1263,0.0089,0.5416,0.6704,3.6821,-0.975,-0.0481,0.4348
CORE_SAT_HUNT_20260624_120642,32,rand,20260620,6,800.0,7.233796296296298,SPIN_DOWN_REJECT,0,0,-0.0001468573339856099,0.13951871459827944,0.9895101667943598,0.0,,,,,,,3.6201,0.0597,1.3871,0.9716,1.9495,-0.325,0.1255,0.3158
CORE_SAT_HUNT_20260624_120642,33,rand,20260620,6,800.0,7.233796296296298,NEAR_SATURATED_BOUND_STATE,6,6,0.00015588999426664163,1.6324994870765064,1.6324994870765064,0.5174970263562902,,,,,,,0.5405,0.025,1.8819,0.4033,3.1001,-0.5226,-0.423,0.4041
CORE_SAT_HUNT_20260624_120642,34,rand,20260620,6,800.0,7.233796296296298,SPIN_DOWN_REJECT,0,0,-0.00015494863915887594,0.12429527703889567,0.9894123616833476,0.0,,,,,,,2.4793,0.0948,1.6947,1.5954,2.3827,-0.1985,-0.0183,0.4605
CORE_SAT_HUNT_20260624_120642,35,rand,20260620,6,800.0,7.233796296296298,LATE_BLOWUP_REJECT,0,0,0.01412814051363858,35.197683377229666,35.197683377229666,0.0,,,,,,,1.6429,0.1112,1.3843,1.3101,0.7999,0.8171,-0.2596,0.238
CORE_SAT_HUNT_20260624_120642,36,rand,20260620,6,800.0,7.233796296296298,SPIN_DOWN_REJECT,0,0,-4.581463077638931e-05,0.009605925844645737,0.9888368172963489,0.0,,,,,,,0.8961,0.1222,1.7495,0.5101,3.7872,-0.824,0.0883,0.3133
CORE_SAT_HUNT_20260624_120642,37,rand,20260620,6,800.0,7.233796296296298,SPIN_DOWN_REJECT,0,0,-0.00012692958614348064,0.22784864499216717,0.9891274043238948,0.0,,,,,,,1.4389,0.0583,0.2294,0.1067,1.8186,-0.5295,-0.4999,0.4318
CORE_SAT_HUNT_20260624_120642,38,rand,20260620,6,800.0,7.233796296296298,SPIN_DOWN_REJECT,0,0,-8.621146849343538e-05,0.06734549912388818,0.9889634982116513,0.0,,,,,,,1.4801,0.0528,0.2011,1.1763,0.158,-0.676,-0.1883,0.2053
CORE_SAT_HUNT_20260624_120642,39,rand,20260620,6,800.0,7.233796296296298,SPIN_DOWN_REJECT,0,0,-4.7028784883753474e-05,0.009750812112624617,0.9890001332057478,0.0,,,,,,,3.7816,0.1105,0.9914,1.4103,3.6089,0.2202,0.0261,0.2183
CORE_SAT_HUNT_20260624_122538,0,rand,20260620,1,1000.0,9.042245370370372,LATE_BLOWUP_REJECT,0,0,nan,nan,nan,0.0,,,,,,,4.6502,0.0984,0.2906,0.8025,3.9369,-0.4355,0.4486,0.2799
CORE_SAT_HUNT_20260624_122538,1,rand,20260620,1,1000.0,9.042245370370372,LATE_BLOWUP_REJECT,0,0,nan,nan,nan,0.0,,,,,,,2.4146,0.0416,0.2658,1.198,0.1119,0.6439,0.2332,0.4006
CORE_SAT_HUNT_20260624_122538,2,rand,20260620,1,1000.0,9.042245370370372,LATE_BLOWUP_REJECT,0,0,0.01173398935657644,32.10865090371963,32.10865090371963,0.0,,,,,,,4.7617,0.1471,1.3586,1.4398,0.6044,0.97,-0.388,0.3935
CORE_SAT_HUNT_20260624_122538,3,rand,20260620,1,1000.0,9.042245370370372,LATE_BLOWUP_REJECT,0,0,nan,nan,nan,0.0,,,,,,,4.449,0.1136,0.9557,1.0003,3.6862,0.4609,-0.1931,0.3247
CORE_SAT_HUNT_20260624_122538,4,rand,20260620,1,1000.0,9.042245370370372,LATE_BLOWUP_REJECT,0,0,nan,nan,nan,0.0,,,,,,,3.3827,-0.0031,0.3385,1.7092,1.6545,-0.6062,-0.0102,0.3739
CORE_SAT_HUNT_20260624_122538,5,rand,20260620,1,1000.0,9.042245370370372,LATE_BLOWUP_REJECT,0,0,0.0024032507221229266,8.46756856203671,8.46756856203671,0.0,,,,,,,1.7337,0.1189,1.912,1.0162,3.3099,0.2847,-0.0924,0.3083
CORE_SAT_HUNT_20260624_122538,6,rand,20260620,1,1000.0,9.042245370370372,LATE_BLOWUP_REJECT,0,0,nan,nan,nan,0.0,,,,,,,1.3389,0.0236,0.2243,0.9751,1.7381,-0.8983,0.3993,0.3247
CORE_SAT_HUNT_20260624_122538,7,rand,20260620,1,1000.0,9.042245370370372,SPIN_DOWN_REJECT,0,0,-3.481011211549393e-05,0.13579729849036262,0.8176385488551525,0.0,,,,,,,1.0274,0.0358,0.7309,1.1828,1.6726,-0.987,-0.4856,0.3455
CORE_SAT_HUNT_20260624_122538,8,rand,20260620,2,1000.0,9.042245370370372,LATE_BLOWUP_REJECT,0,0,nan,nan,nan,0.0,,,,,,,1.3913,0.1417,0.8556,1.0556,2.1688,0.8277,0.4352,0.3049
CORE_SAT_HUNT_20260624_122538,9,rand,20260620,2,1000.0,9.042245370370372,TRANSIENT_GROWER_REJECT,2,3,0.00041863525605528406,2.0948645784048825,2.0948645784048825,1.2909546008194916,,,,,,,2.9313,0.0022,0.2748,1.3235,1.3484,0.7715,-0.1253,0.3825
CORE_SAT_HUNT_20260624_122538,10,rand,20260620,2,1000.0,9.042245370370372,TRUE_SATURATED_BOUND_STATE,2,2,-1.149149718537325e-05,0.7826031123555957,0.9694158344077685,0.8856435818535692,,,,,,,0.1227,0.0944,1.0499,0.3503,1.3435,-0.0994,-0.2822,0.3811
CORE_SAT_HUNT_20260624_122538,11,rand,20260620,2,1000.0,9.042245370370372,LATE_BLOWUP_REJECT,0,0,nan,nan,nan,0.0,,,,,,,1.5328,0.0924,1.6819,0.0393,3.5145,0.9756,0.3115,0.3137
CORE_SAT_HUNT_20260624_122538,12,rand,20260620,2,1000.0,9.042245370370372,TRANSIENT_GROWER_REJECT,2,2,0.0004168652330149796,2.659724360159206,2.659724360159206,1.4288722601499986,,,,,,,0.9418,-0.0019,0.8044,0.3331,2.0403,-0.7214,0.2929,0.4625
CORE_SAT_HUNT_20260624_122538,13,rand,20260620,2,1000.0,9.042245370370372,TRUE_SATURATED_BOUND_STATE,2,3,-5.612464806321738e-05,0.5127214261967534,0.965404938775402,0.5442818147678316,,,,,,,1.2976,0.0576,0.9926,1.7952,3.7466,-0.4704,-0.3442,0.4349
CORE_SAT_HUNT_20260624_122538,14,rand,20260620,2,1000.0,9.042245370370372,SPIN_DOWN_REJECT,0,0,-3.074100149277593e-05,0.003607907330947829,0.96864999627966,0.0,,,,,,,3.7422,0.1368,0.9801,1.9729,0.8226,-0.5291,0.2037,0.4107
CORE_SAT_HUNT_20260624_122538,15,rand,20260620,2,1000.0,9.042245370370372,LATE_BLOWUP_REJECT,0,0,nan,nan,nan,0.0,,,,,,,1.9315,0.1472,1.8687,1.4434,1.741,-0.9269,0.4729,0.4763
CORE_SAT_HUNT_20260624_122538,16,rand,20260620,3,1000.0,9.042245370370372,LATE_BLOWUP_REJECT,0,0,nan,nan,nan,0.0,,,,,,,0.6578,0.1351,0.7307,1.0273,0.3925,0.8463,0.0151,0.2696
CORE_SAT_HUNT_20260624_122538,17,rand,20260620,3,1000.0,9.042245370370372,LATE_BLOWUP_REJECT,0,0,0.0008167134359412222,4.626743476471793,4.626743476471793,0.0,,,,,,,4.7121,0.0535,0.6185,0.431,1.0316,0.4148,-0.0907,0.4013
CORE_SAT_HUNT_20260624_122538,18,rand,20260620,3,1000.0,9.042245370370372,TRANSIENT_GROWER_REJECT,3,3,0.0003670131339308733,2.582214914663329,2.582214914663329,0.7654293589680584,,,,,,,3.7966,-0.0046,1.3392,0.0801,1.6713,-0.2628,-0.3651,0.3874
CORE_SAT_HUNT_20260624_122538,19,rand,20260620,3,1000.0,9.042245370370372,SPIN_DOWN_REJECT,0,0,-3.149484493196383e-05,0.006208181947413638,0.9792994594920085,0.0,,,,,,,2.5465,0.1186,1.9421,0.7852,0.3442,-0.7727,-0.2728,0.2723
CORE_SAT_HUNT_20260624_122538,20,rand,20260620,3,1000.0,9.042245370370372,LATE_BLOWUP_REJECT,0,0,nan,nan,nan,0.0,,,,,,,4.1698,0.1351,0.1088,0.1524,3.3319,-0.6765,-0.2401,0.4947
CORE_SAT_HUNT_20260624_122538,21,rand,20260620,3,1000.0,9.042245370370372,LATE_BLOWUP_REJECT,0,0,nan,nan,nan,0.0,,,,,,,0.3185,0.1275,0.0949,1.7965,2.3725,0.7185,0.0354,0.3666
CORE_SAT_HUNT_20260624_122538,22,rand,20260620,3,1000.0,9.042245370370372,NEAR_SATURATED_BOUND_STATE,3,3,0.00024049416658197256,1.9311937636689065,1.9311937636689065,0.7714208564217649,,,,,,,1.9358,-0.0095,0.4171,0.0618,1.3387,-0.0036,-0.4374,0.2803
CORE_SAT_HUNT_20260624_122538,23,rand,20260620,3,1000.0,9.042245370370372,TRUE_SATURATED_BOUND_STATE,3,3,6.880061040054213e-05,1.396166614810442,1.396166614810442,0.7244984396352979,,,,,,,3.6315,0.0453,0.4399,0.1967,3.5886,0.4339,0.0903,0.4456
CORE_SAT_HUNT_20260624_122538,24,rand,20260620,4,1000.0,9.042245370370372,SPIN_DOWN_REJECT,0,0,-0.00012537722156283714,0.19160078515934098,0.9840043270744047,0.0,,,,,,,4.5847,0.0357,0.476,1.5411,3.2902,-0.3276,0.2478,0.2151
CORE_SAT_HUNT_20260624_122538,25,rand,20260620,4,1000.0,9.042245370370372,TRUE_SATURATED_BOUND_STATE,4,4,-2.8600151252513837e-05,0.8649811274969283,0.9864584766212463,0.8237184327765097,,,,,,,2.8861,0.0663,1.5523,0.6541,3.9815,-0.6166,0.1484,0.4728
CORE_SAT_HUNT_20260624_122538,26,rand,20260620,4,1000.0,9.042245370370372,SPIN_DOWN_REJECT,4,4,-9.859764565036273e-05,0.3777654231763436,0.9858248231374115,0.22506995648415878,,,,,,,2.8891,0.0405,1.2143,0.2693,1.9369,-0.7098,-0.3974,0.3209
CORE_SAT_HUNT_20260624_122538,27,rand,20260620,4,1000.0,9.042245370370372,TRUE_SATURATED_BOUND_STATE,4,3,-5.8762332122825685e-05,0.7133257389343735,0.9863460238552741,1.8890204642297532,,,,,,,4.894,0.0854,1.4922,0.8073,2.5562,-0.6036,0.3037,0.4947
CORE_SAT_HUNT_20260624_122538,28,rand,20260620,4,1000.0,9.042245370370372,LATE_BLOWUP_REJECT,0,0,0.010281719717269659,28.662464554232074,28.662464554232074,0.0,,,,,,,2.5129,0.143,1.2867,1.4353,2.7576,0.8063,-0.28,0.3954
CORE_SAT_HUNT_20260624_122538,29,rand,20260620,4,1000.0,9.042245370370372,LATE_BLOWUP_REJECT,0,0,0.005755884784079559,17.24139240303148,17.24139240303148,0.0,,,,,,,3.2507,-0.0076,0.6972,1.5149,1.7809,0.4821,-0.1835,0.3436
CORE_SAT_HUNT_20260624_122538,30,rand,20260620,4,1000.0,9.042245370370372,LATE_BLOWUP_REJECT,0,0,0.10260681107242756,247.90511575741553,247.90511575741553,0.0,,,,,,,3.5236,0.0316,1.5358,1.8442,2.3997,0.7859,-0.2009,0.435
CORE_SAT_HUNT_20260624_122538,31,rand,20260620,4,1000.0,9.042245370370372,NEAR_SATURATED_BOUND_STATE,4,4,0.00015881789339432424,1.5945978768614615,1.5945978768614615,0.4833917984747833,,,,,,,0.1263,0.0089,0.5416,0.6704,3.6821,-0.975,-0.0481,0.4348
CORE_SAT_HUNT_20260624_122538,32,rand,20260620,6,1000.0,9.042245370370372,SPIN_DOWN_REJECT,0,0,-0.000156691133746388,0.19436025914751107,0.9895673097294244,0.0,,,,,,,3.6201,0.0597,1.3871,0.9716,1.9495,-0.325,0.1255,0.3158
CORE_SAT_HUNT_20260624_122538,33,rand,20260620,6,1000.0,9.042245370370372,TRUE_SATURATED_BOUND_STATE,6,6,0.0001369694301047906,1.586809860867798,1.586809860867798,0.5232243376063098,,,,,,,0.5405,0.025,1.8819,0.4033,3.1001,-0.5226,-0.423,0.4041
CORE_SAT_HUNT_20260624_122538,34,rand,20260620,6,1000.0,9.042245370370372,TRUE_SATURATED_BOUND_STATE,6,5,0.00013474679780870792,1.1199133321308858,1.1199133321308858,1.638769536601866,,,,,,,2.4793,0.0948,1.6947,1.5954,2.3827,-0.1985,-0.0183,0.4605
CORE_SAT_HUNT_20260624_122538,35,rand,20260620,6,1000.0,9.042245370370372,LATE_BLOWUP_REJECT,0,0,0.019553924928312674,51.10401611917747,51.10401611917747,0.0,,,,,,,1.6429,0.1112,1.3843,1.3101,0.7999,0.8171,-0.2596,0.238
CORE_SAT_HUNT_20260624_122538,36,rand,20260620,6,1000.0,9.042245370370372,SPIN_DOWN_REJECT,0,0,-4.7111755968709415e-05,0.009988321412998592,0.9887963164979406,0.0,,,,,,,0.8961,0.1222,1.7495,0.5101,3.7872,-0.824,0.0883,0.3133
CORE_SAT_HUNT_20260624_122538,37,rand,20260620,6,1000.0,9.042245370370372,SPIN_DOWN_REJECT,0,0,-0.00011996616373563728,0.2375859796506951,0.9884133275255396,0.0,,,,,,,1.4389,0.0583,0.2294,0.1067,1.8186,-0.5295,-0.4999,0.4318
CORE_SAT_HUNT_20260624_122538,38,rand,20260620,6,1000.0,9.042245370370372,SPIN_DOWN_REJECT,0,0,-8.497687478405766e-05,0.06668556014576325,0.9888635325293654,0.0,,,,,,,1.4801,0.0528,0.2011,1.1763,0.158,-0.676,-0.1883,0.2053
CORE_SAT_HUNT_20260624_122538,39,rand,20260620,6,1000.0,9.042245370370372,SPIN_DOWN_REJECT,0,0,-5.992533275602709e-05,0.012158311400418597,0.989123727922532,0.0,,,,,,,3.7816,0.1105,0.9914,1.4103,3.6089,0.2202,0.0261,0.2183
CORE_SAT_HUNT_20260624_124444,0,rand,20260620,1,1200.0,10.850694444444446,LATE_BLOWUP_REJECT,0,0,nan,nan,nan,0.0,,,,,,,4.6502,0.0984,0.2906,0.8025,3.9369,-0.4355,0.4486,0.2799
CORE_SAT_HUNT_20260624_124444,1,rand,20260620,1,1200.0,10.850694444444446,LATE_BLOWUP_REJECT,0,0,nan,nan,nan,0.0,,,,,,,2.4146,0.0416,0.2658,1.198,0.1119,0.6439,0.2332,0.4006
CORE_SAT_HUNT_20260624_124444,2,rand,20260620,1,1200.0,10.850694444444446,LATE_BLOWUP_REJECT,0,0,0.010243903999784016,28.258414912572,28.258414912572,0.0,,,,,,,4.7617,0.1471,1.3586,1.4398,0.6044,0.97,-0.388,0.3935
CORE_SAT_HUNT_20260624_124444,3,rand,20260620,1,1200.0,10.850694444444446,LATE_BLOWUP_REJECT,0,0,nan,nan,nan,0.0,,,,,,,4.449,0.1136,0.9557,1.0003,3.6862,0.4609,-0.1931,0.3247
CORE_SAT_HUNT_20260624_124444,4,rand,20260620,1,1200.0,10.850694444444446,LATE_BLOWUP_REJECT,0,0,nan,nan,nan,0.0,,,,,,,3.3827,-0.0031,0.3385,1.7092,1.6545,-0.6062,-0.0102,0.3739
CORE_SAT_HUNT_20260624_124444,5,rand,20260620,1,1200.0,10.850694444444446,LATE_BLOWUP_REJECT,0,0,nan,nan,nan,0.0,,,,,,,1.7337,0.1189,1.912,1.0162,3.3099,0.2847,-0.0924,0.3083
CORE_SAT_HUNT_20260624_124444,6,rand,20260620,1,1200.0,10.850694444444446,LATE_BLOWUP_REJECT,0,0,nan,nan,nan,0.0,,,,,,,1.3389,0.0236,0.2243,0.9751,1.7381,-0.8983,0.3993,0.3247
CORE_SAT_HUNT_20260624_124444,7,rand,20260620,1,1200.0,10.850694444444446,SPIN_DOWN_REJECT,0,0,-3.106142096370276e-05,0.1224420033069718,0.7600274893241113,0.0,,,,,,,1.0274,0.0358,0.7309,1.1828,1.6726,-0.987,-0.4856,0.3455
CORE_SAT_HUNT_20260624_124444,8,rand,20260620,2,1200.0,10.850694444444446,LATE_BLOWUP_REJECT,0,0,nan,nan,nan,0.0,,,,,,,1.3913,0.1417,0.8556,1.0556,2.1688,0.8277,0.4352,0.3049
CORE_SAT_HUNT_20260624_124444,9,rand,20260620,2,1200.0,10.850694444444446,TRANSIENT_GROWER_REJECT,2,3,0.0003869980404798831,1.951222126220355,1.951222126220355,1.3280921564997286,,,,,,,2.9313,0.0022,0.2748,1.3235,1.3484,0.7715,-0.1253,0.3825
CORE_SAT_HUNT_20260624_124444,10,rand,20260620,2,1200.0,10.850694444444446,TRUE_SATURATED_BOUND_STATE,2,2,-1.1753404725272531e-05,0.7545494048778307,0.9682373497532449,0.9812808143185073,,,,,,,0.1227,0.0944,1.0499,0.3503,1.3435,-0.0994,-0.2822,0.3811
CORE_SAT_HUNT_20260624_124444,11,rand,20260620,2,1200.0,10.850694444444446,LATE_BLOWUP_REJECT,0,0,nan,nan,nan,0.0,,,,,,,1.5328,0.0924,1.6819,0.0393,3.5145,0.9756,0.3115,0.3137
CORE_SAT_HUNT_20260624_124444,12,rand,20260620,2,1200.0,10.850694444444446,TRANSIENT_GROWER_REJECT,2,2,0.00036760730169206564,2.4086045517148316,2.4086045517148316,1.4625564152969266,,,,,,,0.9418,-0.0019,0.8044,0.3331,2.0403,-0.7214,0.2929,0.4625
CORE_SAT_HUNT_20260624_124444,13,rand,20260620,2,1200.0,10.850694444444446,SPIN_DOWN_REJECT,2,3,-4.9992707408258096e-05,0.4862926212373017,0.9579451354982232,0.5392457226919868,,,,,,,1.2976,0.0576,0.9926,1.7952,3.7466,-0.4704,-0.3442,0.4349
CORE_SAT_HUNT_20260624_124444,14,rand,20260620,2,1200.0,10.850694444444446,SPIN_DOWN_REJECT,0,0,-3.188347298707308e-05,0.0037936514710826055,0.9684909669255674,0.0,,,,,,,3.7422,0.1368,0.9801,1.9729,0.8226,-0.5291,0.2037,0.4107
CORE_SAT_HUNT_20260624_124444,15,rand,20260620,2,1200.0,10.850694444444446,LATE_BLOWUP_REJECT,0,0,nan,nan,nan,0.0,,,,,,,1.9315,0.1472,1.8687,1.4434,1.741,-0.9269,0.4729,0.4763
CORE_SAT_HUNT_20260624_124444,16,rand,20260620,3,1200.0,10.850694444444446,LATE_BLOWUP_REJECT,0,0,nan,nan,nan,0.0,,,,,,,0.6578,0.1351,0.7307,1.0273,0.3925,0.8463,0.0151,0.2696
CORE_SAT_HUNT_20260624_124444,17,rand,20260620,3,1200.0,10.850694444444446,LATE_BLOWUP_REJECT,0,0,0.000800890037349795,4.771200514544031,4.771200514544031,0.0,,,,,,,4.7121,0.0535,0.6185,0.431,1.0316,0.4148,-0.0907,0.4013
CORE_SAT_HUNT_20260624_124444,18,rand,20260620,3,1200.0,10.850694444444446,NEAR_SATURATED_BOUND_STATE,3,3,0.00031490244921286785,2.349203636017978,2.349203636017978,0.7608094077356315,,,,,,,3.7966,-0.0046,1.3392,0.0801,1.6713,-0.2628,-0.3651,0.3874
CORE_SAT_HUNT_20260624_124444,19,rand,20260620,3,1200.0,10.850694444444446,SPIN_DOWN_REJECT,0,0,-3.0296610688120267e-05,0.005998467299542294,0.9784197910960923,0.0,,,,,,,2.5465,0.1186,1.9421,0.7852,0.3442,-0.7727,-0.2728,0.2723
CORE_SAT_HUNT_20260624_124444,20,rand,20260620,3,1200.0,10.850694444444446,LATE_BLOWUP_REJECT,0,0,nan,nan,nan,0.0,,,,,,,4.1698,0.1351,0.1088,0.1524,3.3319,-0.6765,-0.2401,0.4947
CORE_SAT_HUNT_20260624_124444,21,rand,20260620,3,1200.0,10.850694444444446,LATE_BLOWUP_REJECT,0,0,nan,nan,nan,0.0,,,,,,,0.3185,0.1275,0.0949,1.7965,2.3725,0.7185,0.0354,0.3666
CORE_SAT_HUNT_20260624_124444,22,rand,20260620,3,1200.0,10.850694444444446,NEAR_SATURATED_BOUND_STATE,3,3,0.00020977932280638354,1.7702885879580776,1.7702885879580776,0.7775729790283699,,,,,,,1.9358,-0.0095,0.4171,0.0618,1.3387,-0.0036,-0.4374,0.2803
CORE_SAT_HUNT_20260624_124444,23,rand,20260620,3,1200.0,10.850694444444446,LATE_BLOWUP_REJECT,0,0,nan,nan,nan,0.0,,,,,,,3.6315,0.0453,0.4399,0.1967,3.5886,0.4339,0.0903,0.4456
CORE_SAT_HUNT_20260624_124444,24,rand,20260620,4,1200.0,10.850694444444446,SPIN_DOWN_REJECT,0,0,-0.00012025390073415296,0.1930057524027027,0.9796442851004247,0.0,,,,,,,4.5847,0.0357,0.476,1.5411,3.2902,-0.3276,0.2478,0.2151
CORE_SAT_HUNT_20260624_124444,25,rand,20260620,4,1200.0,10.850694444444446,TRUE_SATURATED_BOUND_STATE,4,4,-2.1054159573683588e-05,0.8981569443551537,0.9864563852276522,0.8246418358228687,SATURATED_BOUND_STATE,44.437271646520394,22.56831434220442,0.01347394108962081,best_k4_intermediate_distributed_true,Intermediate K=4 stable 4-node TRUE at mid mass; preserves non-K6 distributed branch diversity.,2.8861,0.0663,1.5523,0.6541,3.9815,-0.6166,0.1484,0.4728
CORE_SAT_HUNT_20260624_124444,26,rand,20260620,4,1200.0,10.850694444444446,SPIN_DOWN_REJECT,4,4,-9.175636906894997e-05,0.3657993633186804,0.9854236941823861,0.22609662904264416,,,,,,,2.8891,0.0405,1.2143,0.2693,1.9369,-0.7098,-0.3974,0.3209
CORE_SAT_HUNT_20260624_124444,27,rand,20260620,4,1200.0,10.850694444444446,TRUE_SATURATED_BOUND_STATE,4,3,1.752753797728976e-05,1.0766316612992393,1.0766316612992393,2.5928756706920537,,,,,,,4.894,0.0854,1.4922,0.8073,2.5562,-0.6036,0.3037,0.4947
CORE_SAT_HUNT_20260624_124444,28,rand,20260620,4,1200.0,10.850694444444446,LATE_BLOWUP_REJECT,0,0,0.010011676911291165,28.556811901629203,28.556811901629203,0.0,,,,,,,2.5129,0.143,1.2867,1.4353,2.7576,0.8063,-0.28,0.3954
CORE_SAT_HUNT_20260624_124444,29,rand,20260620,4,1200.0,10.850694444444446,LATE_BLOWUP_REJECT,0,0,0.005345361473272414,16.205980900941544,16.205980900941544,0.0,,,,,,,3.2507,-0.0076,0.6972,1.5149,1.7809,0.4821,-0.1835,0.3436
CORE_SAT_HUNT_20260624_124444,30,rand,20260620,4,1200.0,10.850694444444446,LATE_BLOWUP_REJECT,0,0,0.09116312326084942,222.66491399028513,222.66491399028513,0.0,,,,,,,3.5236,0.0316,1.5358,1.8442,2.3997,0.7859,-0.2009,0.435
CORE_SAT_HUNT_20260624_124444,31,rand,20260620,4,1200.0,10.850694444444446,TRUE_SATURATED_BOUND_STATE,4,4,0.00013836903333492605,1.4702552402632014,1.4702552402632014,0.45124010525985614,,,,,,,0.1263,0.0089,0.5416,0.6704,3.6821,-0.975,-0.0481,0.4348
CORE_SAT_HUNT_20260624_124444,32,rand,20260620,6,1200.0,10.850694444444446,SPIN_DOWN_REJECT,0,0,-0.00015452991341390144,0.26874107032305505,0.9896137737114733,0.0,,,,,,,3.6201,0.0597,1.3871,0.9716,1.9495,-0.325,0.1255,0.3158
CORE_SAT_HUNT_20260624_124444,33,rand,20260620,6,1200.0,10.850694444444446,TRUE_SATURATED_BOUND_STATE,6,6,0.00012550916184594782,1.5307222927570485,1.5307222927570485,0.5234960348135211,,,,,,,0.5405,0.025,1.8819,0.4033,3.1001,-0.5226,-0.423,0.4041
CORE_SAT_HUNT_20260624_124444,34,rand,20260620,6,1200.0,10.850694444444446,NEAR_SATURATED_BOUND_STATE,6,5,0.0003168516617995718,1.8266689198127732,1.8266689198127732,1.774910732635029,,,,,,,2.4793,0.0948,1.6947,1.5954,2.3827,-0.1985,-0.0183,0.4605
CORE_SAT_HUNT_20260624_124444,35,rand,20260620,6,1200.0,10.850694444444446,LATE_BLOWUP_REJECT,0,0,0.02039783714328471,55.24834276827912,55.24834276827912,0.0,,,,,,,1.6429,0.1112,1.3843,1.3101,0.7999,0.8171,-0.2596,0.238
CORE_SAT_HUNT_20260624_124444,36,rand,20260620,6,1200.0,10.850694444444446,SPIN_DOWN_REJECT,0,0,-4.7760174588601636e-05,0.010225524621438975,0.9887224989602567,0.0,,,,,,,0.8961,0.1222,1.7495,0.5101,3.7872,-0.824,0.0883,0.3133
CORE_SAT_HUNT_20260624_124444,37,rand,20260620,6,1200.0,10.850694444444446,SPIN_DOWN_REJECT,0,0,-0.00011312715190159508,0.24077222855893296,0.9870324745748076,0.0,,,,,,,1.4389,0.0583,0.2294,0.1067,1.8186,-0.5295,-0.4999,0.4318
CORE_SAT_HUNT_20260624_124444,38,rand,20260620,6,1200.0,10.850694444444446,SPIN_DOWN_REJECT,0,0,-8.330943026184298e-05,0.06576491216447294,0.9887267129050459,0.0,,,,,,,1.4801,0.0528,0.2011,1.1763,0.158,-0.676,-0.1883,0.2053
CORE_SAT_HUNT_20260624_124444,39,rand,20260620,6,1200.0,10.850694444444446,SPIN_DOWN_REJECT,0,0,-0.00013031019132510964,0.027273047848486946,0.9892547936445097,0.0,,,,,,,3.7816,0.1105,0.9914,1.4103,3.6089,0.2202,0.0261,0.2183
CORE_SAT_HUNT_20260624_130405,0,rand,20260620,1,1600.0,14.467592592592595,LATE_BLOWUP_REJECT,0,0,nan,nan,nan,0.0,,,,,,,4.6502,0.0984,0.2906,0.8025,3.9369,-0.4355,0.4486,0.2799
CORE_SAT_HUNT_20260624_130405,1,rand,20260620,1,1600.0,14.467592592592595,LATE_BLOWUP_REJECT,0,0,nan,nan,nan,0.0,,,,,,,2.4146,0.0416,0.2658,1.198,0.1119,0.6439,0.2332,0.4006
CORE_SAT_HUNT_20260624_130405,2,rand,20260620,1,1600.0,14.467592592592595,LATE_BLOWUP_REJECT,0,0,0.008220327516737526,22.95330094079707,22.95330094079707,0.0,,,,,,,4.7617,0.1471,1.3586,1.4398,0.6044,0.97,-0.388,0.3935
CORE_SAT_HUNT_20260624_130405,3,rand,20260620,1,1600.0,14.467592592592595,LATE_BLOWUP_REJECT,0,0,nan,nan,nan,0.0,,,,,,,4.449,0.1136,0.9557,1.0003,3.6862,0.4609,-0.1931,0.3247
CORE_SAT_HUNT_20260624_130405,4,rand,20260620,1,1600.0,14.467592592592595,LATE_BLOWUP_REJECT,0,0,nan,nan,nan,0.0,,,,,,,3.3827,-0.0031,0.3385,1.7092,1.6545,-0.6062,-0.0102,0.3739
CORE_SAT_HUNT_20260624_130405,5,rand,20260620,1,1600.0,14.467592592592595,LATE_BLOWUP_REJECT,0,0,nan,nan,nan,0.0,,,,,,,1.7337,0.1189,1.912,1.0162,3.3099,0.2847,-0.0924,0.3083
CORE_SAT_HUNT_20260624_130405,6,rand,20260620,1,1600.0,14.467592592592595,LATE_BLOWUP_REJECT,0,0,nan,nan,nan,0.0,,,,,,,1.3389,0.0236,0.2243,0.9751,1.7381,-0.8983,0.3993,0.3247
CORE_SAT_HUNT_20260624_130405,7,rand,20260620,1,1600.0,14.467592592592595,LATE_BLOWUP_REJECT,0,0,nan,nan,nan,0.0,,,,,,,1.0274,0.0358,0.7309,1.1828,1.6726,-0.987,-0.4856,0.3455
CORE_SAT_HUNT_20260624_130405,8,rand,20260620,2,1600.0,14.467592592592595,LATE_BLOWUP_REJECT,0,0,nan,nan,nan,0.0,,,,,,,1.3913,0.1417,0.8556,1.0556,2.1688,0.8277,0.4352,0.3049
CORE_SAT_HUNT_20260624_130405,9,rand,20260620,2,1600.0,14.467592592592595,NEAR_SATURATED_BOUND_STATE,2,3,0.000339872971231911,1.7239870639739163,1.7239870639739163,1.3844278815698225,,,,,,,2.9313,0.0022,0.2748,1.3235,1.3484,0.7715,-0.1253,0.3825
CORE_SAT_HUNT_20260624_130405,10,rand,20260620,2,1600.0,14.467592592592595,TRUE_SATURATED_BOUND_STATE,2,2,-1.3243981793169143e-05,0.6823574788983575,0.9642007010195677,1.0192956330129532,,,,,,,0.1227,0.0944,1.0499,0.3503,1.3435,-0.0994,-0.2822,0.3811
CORE_SAT_HUNT_20260624_130405,11,rand,20260620,2,1600.0,14.467592592592595,LATE_BLOWUP_REJECT,0,0,nan,nan,nan,0.0,,,,,,,1.5328,0.0924,1.6819,0.0393,3.5145,0.9756,0.3115,0.3137
CORE_SAT_HUNT_20260624_130405,12,rand,20260620,2,1600.0,14.467592592592595,NEAR_SATURATED_BOUND_STATE,2,2,0.00029257935994997196,2.0402274988097115,2.0402274988097115,1.4988569103644847,,,,,,,0.9418,-0.0019,0.8044,0.3331,2.0403,-0.7214,0.2929,0.4625
CORE_SAT_HUNT_20260624_130405,13,rand,20260620,2,1600.0,14.467592592592595,LATE_BLOWUP_REJECT,0,0,nan,nan,nan,0.0,,,,,,,1.2976,0.0576,0.9926,1.7952,3.7466,-0.4704,-0.3442,0.4349
CORE_SAT_HUNT_20260624_130405,14,rand,20260620,2,1600.0,14.467592592592595,LATE_BLOWUP_REJECT,0,0,nan,nan,nan,0.0,,,,,,,3.7422,0.1368,0.9801,1.9729,0.8226,-0.5291,0.2037,0.4107
CORE_SAT_HUNT_20260624_130405,15,rand,20260620,2,1600.0,14.467592592592595,LATE_BLOWUP_REJECT,0,0,nan,nan,nan,0.0,,,,,,,1.9315,0.1472,1.8687,1.4434,1.741,-0.9269,0.4729,0.4763
CORE_SAT_HUNT_20260624_130405,16,rand,20260620,3,1600.0,14.467592592592595,LATE_BLOWUP_REJECT,0,0,nan,nan,nan,0.0,,,,,,,0.6578,0.1351,0.7307,1.0273,0.3925,0.8463,0.0151,0.2696
CORE_SAT_HUNT_20260624_130405,17,rand,20260620,3,1600.0,14.467592592592595,LATE_BLOWUP_REJECT,0,0,0.000870123339244316,4.8679133108781265,4.8679133108781265,0.0,,,,,,,4.7121,0.0535,0.6185,0.431,1.0316,0.4148,-0.0907,0.4013
CORE_SAT_HUNT_20260624_130405,18,rand,20260620,3,1600.0,14.467592592592595,NEAR_SATURATED_BOUND_STATE,3,3,0.0002552712657446492,2.0145679178662275,2.0145679178662275,0.750881129980996,,,,,,,3.7966,-0.0046,1.3392,0.0801,1.6713,-0.2628,-0.3651,0.3874
CORE_SAT_HUNT_20260624_130405,19,rand,20260620,3,1600.0,14.467592592592595,SPIN_DOWN_REJECT,0,0,-2.800110661105645e-05,0.005586205004074845,0.9759188818619609,0.0,,,,,,,2.5465,0.1186,1.9421,0.7852,0.3442,-0.7727,-0.2728,0.2723
CORE_SAT_HUNT_20260624_130405,20,rand,20260620,3,1600.0,14.467592592592595,LATE_BLOWUP_REJECT,0,0,nan,nan,nan,0.0,,,,,,,4.1698,0.1351,0.1088,0.1524,3.3319,-0.6765,-0.2401,0.4947
CORE_SAT_HUNT_20260624_130405,21,rand,20260620,3,1600.0,14.467592592592595,LATE_BLOWUP_REJECT,0,0,nan,nan,nan,0.0,,,,,,,0.3185,0.1275,0.0949,1.7965,2.3725,0.7185,0.0354,0.3666
CORE_SAT_HUNT_20260624_130405,22,rand,20260620,3,1600.0,14.467592592592595,NEAR_SATURATED_BOUND_STATE,3,3,0.00017016435147686838,1.5267749140609321,1.5267749140609321,0.7945407910689237,,,,,,,1.9358,-0.0095,0.4171,0.0618,1.3387,-0.0036,-0.4374,0.2803
CORE_SAT_HUNT_20260624_130405,23,rand,20260620,3,1600.0,14.467592592592595,LATE_BLOWUP_REJECT,0,0,nan,nan,nan,0.0,,,,,,,3.6315,0.0453,0.4399,0.1967,3.5886,0.4339,0.0903,0.4456
CORE_SAT_HUNT_20260624_130405,24,rand,20260620,4,1600.0,14.467592592592595,SPIN_DOWN_REJECT,0,0,-0.00010958463513220849,0.19038518205639654,0.9448950888600678,0.0,,,,,,,4.5847,0.0357,0.476,1.5411,3.2902,-0.3276,0.2478,0.2151
CORE_SAT_HUNT_20260624_130405,25,rand,20260620,4,1600.0,14.467592592592595,TRUE_SATURATED_BOUND_STATE,4,4,-1.2998302460866362e-05,0.9016406407709769,0.986348227202834,0.8225277764412706,,,,,,,2.8861,0.0663,1.5523,0.6541,3.9815,-0.6166,0.1484,0.4728
CORE_SAT_HUNT_20260624_130405,26,rand,20260620,4,1600.0,14.467592592592595,SPIN_DOWN_REJECT,4,4,-8.084426661274497e-05,0.33907994003007785,0.9841770757604248,0.22811057711403876,,,,,,,2.8891,0.0405,1.2143,0.2693,1.9369,-0.7098,-0.3974,0.3209
CORE_SAT_HUNT_20260624_130405,27,rand,20260620,4,1600.0,14.467592592592595,TRUE_SATURATED_BOUND_STATE,4,4,0.0001257822374709121,1.5872445787403864,1.5872445787403864,3.2245704636145636,,,,,,,4.894,0.0854,1.4922,0.8073,2.5562,-0.6036,0.3037,0.4947
CORE_SAT_HUNT_20260624_130405,28,rand,20260620,4,1600.0,14.467592592592595,LATE_BLOWUP_REJECT,0,0,0.009109998586000659,26.587408957809103,26.587408957809103,0.0,,,,,,,2.5129,0.143,1.2867,1.4353,2.7576,0.8063,-0.28,0.3954
CORE_SAT_HUNT_20260624_130405,29,rand,20260620,4,1600.0,14.467592592592595,LATE_BLOWUP_REJECT,0,0,0.00466353477510708,14.505449117143332,14.505449117143332,0.0,,,,,,,3.2507,-0.0076,0.6972,1.5149,1.7809,0.4821,-0.1835,0.3436
CORE_SAT_HUNT_20260624_130405,30,rand,20260620,4,1600.0,14.467592592592595,LATE_BLOWUP_REJECT,0,0,0.07410147163438488,184.3010006625458,184.3010006625458,0.0,,,,,,,3.5236,0.0316,1.5358,1.8442,2.3997,0.7859,-0.2009,0.435
CORE_SAT_HUNT_20260624_130405,31,rand,20260620,4,1600.0,14.467592592592595,TRUE_SATURATED_BOUND_STATE,4,4,0.0001118478106088268,1.2773404903543184,1.2773404903543184,0.45178114402903863,,,,,,,0.1263,0.0089,0.5416,0.6704,3.6821,-0.975,-0.0481,0.4348
CORE_SAT_HUNT_20260624_130405,32,rand,20260620,6,1600.0,14.467592592592595,SPIN_DOWN_REJECT,6,5,-0.00013497359210624715,0.4184078875096082,0.9896778217959549,0.8238745174458961,,,,,,,3.6201,0.0597,1.3871,0.9716,1.9495,-0.325,0.1255,0.3158
CORE_SAT_HUNT_20260624_130405,33,rand,20260620,6,1600.0,14.467592592592595,TRUE_SATURATED_BOUND_STATE,6,6,0.0001067467278567023,1.4065018511671044,1.4065018511671044,0.578703648509156,,,,,,,0.5405,0.025,1.8819,0.4033,3.1001,-0.5226,-0.423,0.4041
CORE_SAT_HUNT_20260624_130405,34,rand,20260620,6,1600.0,14.467592592592595,TRANSIENT_GROWER_REJECT,6,7,0.0005187043002285845,2.6218414388743176,2.6218414388743176,1.7629593601594435,,,,,,,2.4793,0.0948,1.6947,1.5954,2.3827,-0.1985,-0.0183,0.4605
CORE_SAT_HUNT_20260624_130405,35,rand,20260620,6,1600.0,14.467592592592595,LATE_BLOWUP_REJECT,0,0,0.018932898082219346,53.76199480679525,53.76199480679525,0.0,,,,,,,1.6429,0.1112,1.3843,1.3101,0.7999,0.8171,-0.2596,0.238
CORE_SAT_HUNT_20260624_130405,36,rand,20260620,6,1600.0,14.467592592592595,SPIN_DOWN_REJECT,0,0,-4.775405665059025e-05,0.01038414890240759,0.988478532396417,0.0,,,,,,,0.8961,0.1222,1.7495,0.5101,3.7872,-0.824,0.0883,0.3133
CORE_SAT_HUNT_20260624_130405,37,rand,20260620,6,1600.0,14.467592592592595,SPIN_DOWN_REJECT,0,0,-0.00010113871859587055,0.23791886770888773,0.9812843578491193,0.0,,,,,,,1.4389,0.0583,0.2294,0.1067,1.8186,-0.5295,-0.4999,0.4318
CORE_SAT_HUNT_20260624_130405,38,rand,20260620,6,1600.0,14.467592592592595,SPIN_DOWN_REJECT,0,0,-7.935078577495453e-05,0.06346474516792142,0.9883331183904603,0.0,,,,,,,1.4801,0.0528,0.2011,1.1763,0.158,-0.676,-0.1883,0.2053
CORE_SAT_HUNT_20260624_130405,39,rand,20260620,6,1600.0,14.467592592592595,SPIN_DOWN_REJECT,0,0,-0.0001767808316690421,0.27335712124846706,0.9895282659502551,0.0,,,,,,,3.7816,0.1105,0.9914,1.4103,3.6089,0.2202,0.0261,0.2183
CORE_SAT_HUNT_20260624_132302,0,rand,20260620,1,2050.293702,18.53925873480903,LATE_BLOWUP_REJECT,0,0,nan,nan,nan,0.0,DELOCALIZED_GROWTH,nan,3.9898790756648665,nan,best_k1_high_mass_failure_control,Clean top-mass K=1 blowup control from an 8/8 failure batch.,4.6502,0.0984,0.2906,0.8025,3.9369,-0.4355,0.4486,0.2799
CORE_SAT_HUNT_20260624_132302,1,rand,20260620,1,2050.293702,18.53925873480903,LATE_BLOWUP_REJECT,0,0,nan,nan,nan,0.0,,,,,,,2.4146,0.0416,0.2658,1.198,0.1119,0.6439,0.2332,0.4006
CORE_SAT_HUNT_20260624_132302,2,rand,20260620,1,2050.293702,18.53925873480903,LATE_BLOWUP_REJECT,0,0,0.006761634975728393,19.05157868174738,19.05157868174738,0.0,,,,,,,4.7617,0.1471,1.3586,1.4398,0.6044,0.97,-0.388,0.3935
CORE_SAT_HUNT_20260624_132302,3,rand,20260620,1,2050.293702,18.53925873480903,LATE_BLOWUP_REJECT,0,0,nan,nan,nan,0.0,,,,,,,4.449,0.1136,0.9557,1.0003,3.6862,0.4609,-0.1931,0.3247
CORE_SAT_HUNT_20260624_132302,4,rand,20260620,1,2050.293702,18.53925873480903,LATE_BLOWUP_REJECT,0,0,nan,nan,nan,0.0,,,,,,,3.3827,-0.0031,0.3385,1.7092,1.6545,-0.6062,-0.0102,0.3739
CORE_SAT_HUNT_20260624_132302,5,rand,20260620,1,2050.293702,18.53925873480903,LATE_BLOWUP_REJECT,0,0,nan,nan,nan,0.0,,,,,,,1.7337,0.1189,1.912,1.0162,3.3099,0.2847,-0.0924,0.3083
CORE_SAT_HUNT_20260624_132302,6,rand,20260620,1,2050.293702,18.53925873480903,LATE_BLOWUP_REJECT,0,0,nan,nan,nan,0.0,,,,,,,1.3389,0.0236,0.2243,0.9751,1.7381,-0.8983,0.3993,0.3247
CORE_SAT_HUNT_20260624_132302,7,rand,20260620,1,2050.293702,18.53925873480903,LATE_BLOWUP_REJECT,0,0,nan,nan,nan,0.0,,,,,,,1.0274,0.0358,0.7309,1.1828,1.6726,-0.987,-0.4856,0.3455
CORE_SAT_HUNT_20260624_132302,8,rand,20260620,2,2050.293702,18.53925873480903,LATE_BLOWUP_REJECT,0,0,nan,nan,nan,0.0,,,,,,,1.3913,0.1417,0.8556,1.0556,2.1688,0.8277,0.4352,0.3049
CORE_SAT_HUNT_20260624_132302,9,rand,20260620,2,2050.293702,18.53925873480903,LATE_BLOWUP_REJECT,0,0,nan,nan,nan,0.0,,,,,,,2.9313,0.0022,0.2748,1.3235,1.3484,0.7715,-0.1253,0.3825
CORE_SAT_HUNT_20260624_132302,10,rand,20260620,2,2050.293702,18.53925873480903,TRUE_SATURATED_BOUND_STATE,2,2,-7.5273503500438964e-06,0.6272906084929383,0.9567740501563946,0.914013357099815,,,,,,,0.1227,0.0944,1.0499,0.3503,1.3435,-0.0994,-0.2822,0.3811
CORE_SAT_HUNT_20260624_132302,11,rand,20260620,2,2050.293702,18.53925873480903,LATE_BLOWUP_REJECT,0,0,nan,nan,nan,0.0,,,,,,,1.5328,0.0924,1.6819,0.0393,3.5145,0.9756,0.3115,0.3137
CORE_SAT_HUNT_20260624_132302,12,rand,20260620,2,2050.293702,18.53925873480903,NEAR_SATURATED_BOUND_STATE,2,2,0.0002404166011255945,1.7635198244656116,1.7635198244656116,1.5319915603147995,,,,,,,0.9418,-0.0019,0.8044,0.3331,2.0403,-0.7214,0.2929,0.4625
CORE_SAT_HUNT_20260624_132302,13,rand,20260620,2,2050.293702,18.53925873480903,LATE_BLOWUP_REJECT,0,0,nan,nan,nan,0.0,,,,,,,1.2976,0.0576,0.9926,1.7952,3.7466,-0.4704,-0.3442,0.4349
CORE_SAT_HUNT_20260624_132302,14,rand,20260620,2,2050.293702,18.53925873480903,LATE_BLOWUP_REJECT,0,0,nan,nan,nan,0.0,,,,,,,3.7422,0.1368,0.9801,1.9729,0.8226,-0.5291,0.2037,0.4107
CORE_SAT_HUNT_20260624_132302,15,rand,20260620,2,2050.293702,18.53925873480903,LATE_BLOWUP_REJECT,0,0,nan,nan,nan,0.0,,,,,,,1.9315,0.1472,1.8687,1.4434,1.741,-0.9269,0.4729,0.4763
CORE_SAT_HUNT_20260624_132302,16,rand,20260620,3,2050.293702,18.53925873480903,LATE_BLOWUP_REJECT,0,0,nan,nan,nan,0.0,,,,,,,0.6578,0.1351,0.7307,1.0273,0.3925,0.8463,0.0151,0.2696
CORE_SAT_HUNT_20260624_132302,17,rand,20260620,3,2050.293702,18.53925873480903,LATE_BLOWUP_REJECT,0,0,0.0008008688566864225,4.656873240862712,4.656873240862712,0.0,,,,,,,4.7121,0.0535,0.6185,0.431,1.0316,0.4148,-0.0907,0.4013
CORE_SAT_HUNT_20260624_132302,18,rand,20260620,3,2050.293702,18.53925873480903,NEAR_SATURATED_BOUND_STATE,3,3,0.0002135011950629261,1.7442587499592836,1.7442587499592836,0.8106714465927742,,,,,,,3.7966,-0.0046,1.3392,0.0801,1.6713,-0.2628,-0.3651,0.3874
CORE_SAT_HUNT_20260624_132302,19,rand,20260620,3,2050.293702,18.53925873480903,SPIN_DOWN_REJECT,0,0,-2.5747961522860955e-05,0.005171681378826047,0.9718461762224876,0.0,,,,,,,2.5465,0.1186,1.9421,0.7852,0.3442,-0.7727,-0.2728,0.2723
CORE_SAT_HUNT_20260624_132302,20,rand,20260620,3,2050.293702,18.53925873480903,LATE_BLOWUP_REJECT,0,0,nan,nan,nan,0.0,,,,,,,4.1698,0.1351,0.1088,0.1524,3.3319,-0.6765,-0.2401,0.4947
CORE_SAT_HUNT_20260624_132302,21,rand,20260620,3,2050.293702,18.53925873480903,LATE_BLOWUP_REJECT,0,0,nan,nan,nan,0.0,,,,,,,0.3185,0.1275,0.0949,1.7965,2.3725,0.7185,0.0354,0.3666
CORE_SAT_HUNT_20260624_132302,22,rand,20260620,3,2050.293702,18.53925873480903,TRUE_SATURATED_BOUND_STATE,3,3,0.00013824844901314364,1.327553656132273,1.327553656132273,0.8022067262584885,,,,,,,1.9358,-0.0095,0.4171,0.0618,1.3387,-0.0036,-0.4374,0.2803
CORE_SAT_HUNT_20260624_132302,23,rand,20260620,3,2050.293702,18.53925873480903,LATE_BLOWUP_REJECT,0,0,nan,nan,nan,0.0,,,,,,,3.6315,0.0453,0.4399,0.1967,3.5886,0.4339,0.0903,0.4456
CORE_SAT_HUNT_20260624_132302,24,rand,20260620,4,2050.293702,18.53925873480903,LATE_BLOWUP_REJECT,0,0,nan,nan,nan,0.0,,,,,,,4.5847,0.0357,0.476,1.5411,3.2902,-0.3276,0.2478,0.2151
CORE_SAT_HUNT_20260624_132302,25,rand,20260620,4,2050.293702,18.53925873480903,TRUE_SATURATED_BOUND_STATE,4,4,-8.544074866667954e-06,0.8699522331890247,0.9860703656963273,0.817330311340596,,,,,,,2.8861,0.0663,1.5523,0.6541,3.9815,-0.6166,0.1484,0.4728
CORE_SAT_HUNT_20260624_132302,26,rand,20260620,4,2050.293702,18.53925873480903,SPIN_DOWN_REJECT,4,4,-7.164392227452569e-05,0.31116057469059794,0.9819730286550458,0.22908165297800737,,,,,,,2.8891,0.0405,1.2143,0.2693,1.9369,-0.7098,-0.3974,0.3209
CORE_SAT_HUNT_20260624_132302,27,rand,20260620,4,2050.293702,18.53925873480903,NEAR_SATURATED_BOUND_STATE,4,4,0.00017532675053927313,1.868462719919521,1.868462719919521,3.5481009365969336,,,,,,,4.894,0.0854,1.4922,0.8073,2.5562,-0.6036,0.3037,0.4947
CORE_SAT_HUNT_20260624_132302,28,rand,20260620,4,2050.293702,18.53925873480903,LATE_BLOWUP_REJECT,0,0,0.008191571664139214,24.413483695709072,24.413483695709072,0.0,,,,,,,2.5129,0.143,1.2867,1.4353,2.7576,0.8063,-0.28,0.3954
CORE_SAT_HUNT_20260624_132302,29,rand,20260620,4,2050.293702,18.53925873480903,LATE_BLOWUP_REJECT,0,0,0.004103885961360642,12.943989308404058,12.943989308404058,0.0,,,,,,,3.2507,-0.0076,0.6972,1.5149,1.7809,0.4821,-0.1835,0.3436
CORE_SAT_HUNT_20260624_132302,30,rand,20260620,4,2050.293702,18.53925873480903,LATE_BLOWUP_REJECT,0,0,0.06137677592691411,155.12840405805548,155.12840405805548,0.0,,,,,,,3.5236,0.0316,1.5358,1.8442,2.3997,0.7859,-0.2009,0.435
CORE_SAT_HUNT_20260624_132302,31,rand,20260620,4,2050.293702,18.53925873480903,TRUE_SATURATED_BOUND_STATE,4,4,9.013851326762686e-05,1.1157060208645657,1.1157060208645657,0.4600297534140412,,,,,,,0.1263,0.0089,0.5416,0.6704,3.6821,-0.975,-0.0481,0.4348
CORE_SAT_HUNT_20260624_132302,32,rand,20260620,6,2050.293702,18.53925873480903,TRUE_SATURATED_BOUND_STATE,6,6,-0.00011264135222070843,0.5411054801200346,0.9897095924427143,1.0907639128535163,,,,,,,3.6201,0.0597,1.3871,0.9716,1.9495,-0.325,0.1255,0.3158
CORE_SAT_HUNT_20260624_132302,33,rand,20260620,6,2050.293702,18.53925873480903,TRUE_SATURATED_BOUND_STATE,6,6,8.759502480219737e-05,1.2767667382108019,1.2767667382108019,0.5721652818204338,,,,,,,0.5405,0.025,1.8819,0.4033,3.1001,-0.5226,-0.423,0.4041
CORE_SAT_HUNT_20260624_132302,34,rand,20260620,6,2050.293702,18.53925873480903,TRANSIENT_GROWER_REJECT,8,8,0.0005988352046225413,2.9784041649979587,2.9784041649979587,1.7776941609745878,,,,,,,2.4793,0.0948,1.6947,1.5954,2.3827,-0.1985,-0.0183,0.4605
CORE_SAT_HUNT_20260624_132302,35,rand,20260620,6,2050.293702,18.53925873480903,LATE_BLOWUP_REJECT,0,0,0.017010942164475396,49.33621134331233,49.33621134331233,0.0,,,,,,,1.6429,0.1112,1.3843,1.3101,0.7999,0.8171,-0.2596,0.238
CORE_SAT_HUNT_20260624_132302,36,rand,20260620,6,2050.293702,18.53925873480903,SPIN_DOWN_REJECT,0,0,-4.66455449360551e-05,0.01027023780006215,0.9880578066187429,0.0,,,,,,,0.8961,0.1222,1.7495,0.5101,3.7872,-0.824,0.0883,0.3133
CORE_SAT_HUNT_20260624_132302,37,rand,20260620,6,2050.293702,18.53925873480903,SPIN_DOWN_REJECT,0,0,-9.03631155263262e-05,0.22889294618298855,0.9682918350444971,0.0,,,,,,,1.4389,0.0583,0.2294,0.1067,1.8186,-0.5295,-0.4999,0.4318
CORE_SAT_HUNT_20260624_132302,38,rand,20260620,6,2050.293702,18.53925873480903,SPIN_DOWN_REJECT,0,0,-7.472103286311742e-05,0.060622632692018216,0.9876825792895368,0.0,,,,,,,1.4801,0.0528,0.2011,1.1763,0.158,-0.676,-0.1883,0.2053
CORE_SAT_HUNT_20260624_132302,39,rand,20260620,6,2050.293702,18.53925873480903,TRUE_SATURATED_BOUND_STATE,6,5,-0.00014766883727927553,0.5069813383732634,0.9899227572674598,1.403428568112793,,,,,,,3.7816,0.1105,0.9914,1.4103,3.6089,0.2202,0.0261,0.2183
CORE_SAT_HUNT_20260624_134206,0,rand,20260621,1,500.0,4.521122685185186,LATE_BLOWUP_REJECT,0,0,nan,nan,nan,0.0,,,,,,,4.6502,0.0984,0.2906,0.8025,3.9369,-0.4355,0.4486,0.2799
CORE_SAT_HUNT_20260624_134206,1,rand,20260621,1,500.0,4.521122685185186,LATE_BLOWUP_REJECT,0,0,nan,nan,nan,0.0,,,,,,,2.4146,0.0416,0.2658,1.198,0.1119,0.6439,0.2332,0.4006
CORE_SAT_HUNT_20260624_134206,2,rand,20260621,1,500.0,4.521122685185186,LATE_BLOWUP_REJECT,0,0,0.021065908374579445,56.83956438710588,56.83956438710588,0.0,,,,,,,4.7617,0.1471,1.3586,1.4398,0.6044,0.97,-0.388,0.3935
CORE_SAT_HUNT_20260624_134206,3,rand,20260621,1,500.0,4.521122685185186,TRANSIENT_GROWER_REJECT,1,1,0.00036905568097775115,2.4749432306196693,2.4749432306196693,1.6015684359082605,,,,,,,4.449,0.1136,0.9557,1.0003,3.6862,0.4609,-0.1931,0.3247
CORE_SAT_HUNT_20260624_134206,4,rand,20260621,1,500.0,4.521122685185186,TRUE_SATURATED_BOUND_STATE,1,1,0.00012041099017825198,1.0659059914249336,1.0659059914249336,0.43802950718721595,,,,,,,3.3827,-0.0031,0.3385,1.7092,1.6545,-0.6062,-0.0102,0.3739
CORE_SAT_HUNT_20260624_134206,5,rand,20260621,1,500.0,4.521122685185186,LATE_BLOWUP_REJECT,0,0,0.004049526232708308,13.929194767697465,13.929194767697465,0.0,,,,,,,1.7337,0.1189,1.912,1.0162,3.3099,0.2847,-0.0924,0.3083
CORE_SAT_HUNT_20260624_134206,6,rand,20260621,1,500.0,4.521122685185186,SPIN_DOWN_REJECT,1,1,-4.855029798417146e-05,0.3932901310958279,0.9381333291744606,0.24684487512766323,,,,,,,1.3389,0.0236,0.2243,0.9751,1.7381,-0.8983,0.3993,0.3247
CORE_SAT_HUNT_20260624_134206,7,rand,20260621,1,500.0,4.521122685185186,SPIN_DOWN_REJECT,1,1,-6.963060284402064e-05,0.3214564333071769,0.9579942485386647,0.19686026198216447,,,,,,,1.0274,0.0358,0.7309,1.1828,1.6726,-0.987,-0.4856,0.3455
CORE_SAT_HUNT_20260624_134206,8,rand,20260621,2,500.0,4.521122685185186,LATE_BLOWUP_REJECT,0,0,nan,nan,nan,0.0,,,,,,,1.3913,0.1417,0.8556,1.0556,2.1688,0.8277,0.4352,0.3049
CORE_SAT_HUNT_20260624_134206,9,rand,20260621,2,500.0,4.521122685185186,TRANSIENT_GROWER_REJECT,2,3,0.0006240119957153843,2.9689016242052393,2.9689016242052393,1.0675194211284205,,,,,,,2.9313,0.0022,0.2748,1.3235,1.3484,0.7715,-0.1253,0.3825
CORE_SAT_HUNT_20260624_134206,10,rand,20260621,2,500.0,4.521122685185186,TRUE_SATURATED_BOUND_STATE,2,2,-4.448633907499769e-05,0.7002265697566663,0.9776938745168356,0.9977815708441325,,,,,,,0.1227,0.0944,1.0499,0.3503,1.3435,-0.0994,-0.2822,0.3811
CORE_SAT_HUNT_20260624_134206,11,rand,20260621,2,500.0,4.521122685185186,LATE_BLOWUP_REJECT,0,0,nan,nan,nan,0.0,,,,,,,1.5328,0.0924,1.6819,0.0393,3.5145,0.9756,0.3115,0.3137
CORE_SAT_HUNT_20260624_134206,12,rand,20260621,2,500.0,4.521122685185186,LATE_BLOWUP_REJECT,0,0,0.0007625332458760926,4.095337304099042,4.095337304099042,0.0,,,,,,,0.9418,-0.0019,0.8044,0.3331,2.0403,-0.7214,0.2929,0.4625
CORE_SAT_HUNT_20260624_134206,13,rand,20260621,2,500.0,4.521122685185186,TRUE_SATURATED_BOUND_STATE,2,2,-8.829168146588405e-05,0.5867550785768239,0.9776896633179689,0.5525114610142495,,,,,,,1.2976,0.0576,0.9926,1.7952,3.7466,-0.4704,-0.3442,0.4349
CORE_SAT_HUNT_20260624_134206,14,rand,20260621,2,500.0,4.521122685185186,SPIN_DOWN_REJECT,0,0,-2.6670992720612552e-05,0.0031072190698847014,0.9766817604731666,0.0,,,,,,,3.7422,0.1368,0.9801,1.9729,0.8226,-0.5291,0.2037,0.4107
CORE_SAT_HUNT_20260624_134206,15,rand,20260621,2,500.0,4.521122685185186,SPIN_DOWN_REJECT,0,0,-3.565039633031875e-05,0.004072629826649293,0.9768268641688271,0.0,,,,,,,1.9315,0.1472,1.8687,1.4434,1.741,-0.9269,0.4729,0.4763
CORE_SAT_HUNT_20260624_134206,16,rand,20260621,3,500.0,4.521122685185186,LATE_BLOWUP_REJECT,0,0,nan,nan,nan,0.0,,,,,,,0.6578,0.1351,0.7307,1.0273,0.3925,0.8463,0.0151,0.2696
CORE_SAT_HUNT_20260624_134206,17,rand,20260621,3,500.0,4.521122685185186,NEAR_SATURATED_BOUND_STATE,3,3,0.00028300716618327195,2.1738957730651607,2.1738957730651607,2.4053082031969035,,,,,,,4.7121,0.0535,0.6185,0.431,1.0316,0.4148,-0.0907,0.4013
CORE_SAT_HUNT_20260624_134206,18,rand,20260621,3,500.0,4.521122685185186,LATE_BLOWUP_REJECT,0,0,0.0006685153649025541,3.7280555487351354,3.7280555487351354,0.0,,,,,,,3.7966,-0.0046,1.3392,0.0801,1.6713,-0.2628,-0.3651,0.3874
CORE_SAT_HUNT_20260624_134206,19,rand,20260621,3,500.0,4.521122685185186,SPIN_DOWN_REJECT,0,0,-3.522379047772293e-05,0.006944628471920113,0.9842296296804373,0.0,,,,,,,2.5465,0.1186,1.9421,0.7852,0.3442,-0.7727,-0.2728,0.2723
CORE_SAT_HUNT_20260624_134206,20,rand,20260621,3,500.0,4.521122685185186,LATE_BLOWUP_REJECT,0,0,nan,nan,nan,0.0,,,,,,,4.1698,0.1351,0.1088,0.1524,3.3319,-0.6765,-0.2401,0.4947
CORE_SAT_HUNT_20260624_134206,21,rand,20260621,3,500.0,4.521122685185186,LATE_BLOWUP_REJECT,0,0,nan,nan,nan,0.0,,,,,,,0.3185,0.1275,0.0949,1.7965,2.3725,0.7185,0.0354,0.3666
CORE_SAT_HUNT_20260624_134206,22,rand,20260621,3,500.0,4.521122685185186,TRANSIENT_GROWER_REJECT,3,3,0.00044759915660966596,2.7676945501803014,2.7676945501803014,0.7475385887248615,,,,,,,1.9358,-0.0095,0.4171,0.0618,1.3387,-0.0036,-0.4374,0.2803
CORE_SAT_HUNT_20260624_134206,23,rand,20260621,3,500.0,4.521122685185186,TRUE_SATURATED_BOUND_STATE,3,3,0.0001056626317173374,1.6501887500751748,1.6501887500751748,0.6813786488193162,,,,,,,3.6315,0.0453,0.4399,0.1967,3.5886,0.4339,0.0903,0.4456
CORE_SAT_HUNT_20260624_134206,24,rand,20260621,4,500.0,4.521122685185186,SPIN_DOWN_REJECT,0,0,-0.0001286254653986634,0.17577141008742986,0.9876065579703664,0.0,,,,,,,4.5847,0.0357,0.476,1.5411,3.2902,-0.3276,0.2478,0.2151
CORE_SAT_HUNT_20260624_134206,25,rand,20260621,4,500.0,4.521122685185186,SPIN_DOWN_REJECT,4,4,-0.00010514622319561299,0.4059513841282758,0.9877617707785854,0.6331770272827081,,,,,,,2.8861,0.0663,1.5523,0.6541,3.9815,-0.6166,0.1484,0.4728
CORE_SAT_HUNT_20260624_134206,26,rand,20260621,4,500.0,4.521122685185186,SPIN_DOWN_REJECT,4,4,-0.0001234725358863574,0.36551021374588744,0.9877784065228429,0.18870936272852576,,,,,,,2.8891,0.0405,1.2143,0.2693,1.9369,-0.7098,-0.3974,0.3209
CORE_SAT_HUNT_20260624_134206,27,rand,20260621,4,500.0,4.521122685185186,SPIN_DOWN_REJECT,0,0,-0.00012719326808420273,0.057117502781201604,0.9875475696330086,0.0,,,,,,,4.894,0.0854,1.4922,0.8073,2.5562,-0.6036,0.3037,0.4947
CORE_SAT_HUNT_20260624_134206,28,rand,20260621,4,500.0,4.521122685185186,LATE_BLOWUP_REJECT,0,0,0.004110864575011501,10.134244195735487,10.134244195735487,0.0,,,,,,,2.5129,0.143,1.2867,1.4353,2.7576,0.8063,-0.28,0.3954
CORE_SAT_HUNT_20260624_134206,29,rand,20260621,4,500.0,4.521122685185186,LATE_BLOWUP_REJECT,0,0,0.007262401281624828,20.037782117320845,20.037782117320845,0.0,,,,,,,3.2507,-0.0076,0.6972,1.5149,1.7809,0.4821,-0.1835,0.3436
CORE_SAT_HUNT_20260624_134206,30,rand,20260621,4,500.0,4.521122685185186,LATE_BLOWUP_REJECT,0,0,0.11778861781679269,272.738251651817,272.738251651817,0.0,,,,,,,3.5236,0.0316,1.5358,1.8442,2.3997,0.7859,-0.2009,0.435
CORE_SAT_HUNT_20260624_134206,31,rand,20260621,4,500.0,4.521122685185186,NEAR_SATURATED_BOUND_STATE,4,4,0.00026675175564833044,2.0493519291603883,2.0493519291603883,0.4479234096233719,,,,,,,0.1263,0.0089,0.5416,0.6704,3.6821,-0.975,-0.0481,0.4348
CORE_SAT_HUNT_20260624_134206,32,rand,20260621,6,500.0,4.521122685185186,SPIN_DOWN_REJECT,0,0,-0.000120696895303825,0.09543409261682484,0.9911961114271616,0.0,,,,,,,3.6201,0.0597,1.3871,0.9716,1.9495,-0.325,0.1255,0.3158
CORE_SAT_HUNT_20260624_134206,33,rand,20260621,6,500.0,4.521122685185186,NEAR_SATURATED_BOUND_STATE,6,6,0.00016727531185232777,1.5134010896292311,1.5134010896292311,0.5629785624394392,,,,,,,0.5405,0.025,1.8819,0.4033,3.1001,-0.5226,-0.423,0.4041
CORE_SAT_HUNT_20260624_134206,34,rand,20260621,6,500.0,4.521122685185186,SPIN_DOWN_REJECT,0,0,-7.622418166417771e-05,0.024257850703075602,0.9909785823294487,0.0,,,,,,,2.4793,0.0948,1.6947,1.5954,2.3827,-0.1985,-0.0183,0.4605
CORE_SAT_HUNT_20260624_134206,35,rand,20260621,6,500.0,4.521122685185186,SPIN_DOWN_REJECT,0,0,-4.922542283526417e-05,0.011600292355090929,0.9907622729152631,0.0,,,,,,,1.6429,0.1112,1.3843,1.3101,0.7999,0.8171,-0.2596,0.238
CORE_SAT_HUNT_20260624_134206,36,rand,20260621,6,500.0,4.521122685185186,SPIN_DOWN_REJECT,0,0,-4.22361852071727e-05,0.008729595314954238,0.9906160915672267,0.0,,,,,,,0.8961,0.1222,1.7495,0.5101,3.7872,-0.824,0.0883,0.3133
CORE_SAT_HUNT_20260624_134206,37,rand,20260621,6,500.0,4.521122685185186,SPIN_DOWN_REJECT,0,0,-0.00013594578815686776,0.18790758254291137,0.9913005676231905,0.0,,,,,,,1.4389,0.0583,0.2294,0.1067,1.8186,-0.5295,-0.4999,0.4318
CORE_SAT_HUNT_20260624_134206,38,rand,20260621,6,500.0,4.521122685185186,SPIN_DOWN_REJECT,0,0,-9.097023094397597e-05,0.07414931583791493,0.9909204131544517,0.0,,,,,,,1.4801,0.0528,0.2011,1.1763,0.158,-0.676,-0.1883,0.2053
CORE_SAT_HUNT_20260624_134206,39,rand,20260621,6,500.0,4.521122685185186,SPIN_DOWN_REJECT,0,0,-4.0667910465712455e-05,0.00877781886638787,0.990626435571535,0.0,,,,,,,3.7816,0.1105,0.9914,1.4103,3.6089,0.2202,0.0261,0.2183
CORE_SAT_HUNT_20260624_140205,0,rand,20260621,1,800.0,7.233796296296298,LATE_BLOWUP_REJECT,0,0,nan,nan,nan,0.0,,,,,,,4.6502,0.0984,0.2906,0.8025,3.9369,-0.4355,0.4486,0.2799
CORE_SAT_HUNT_20260624_140205,1,rand,20260621,1,800.0,7.233796296296298,LATE_BLOWUP_REJECT,0,0,nan,nan,nan,0.0,,,,,,,2.4146,0.0416,0.2658,1.198,0.1119,0.6439,0.2332,0.4006
CORE_SAT_HUNT_20260624_140205,2,rand,20260621,1,800.0,7.233796296296298,LATE_BLOWUP_REJECT,0,0,0.01584127321691483,44.12360068953252,44.12360068953252,0.0,,,,,,,4.7617,0.1471,1.3586,1.4398,0.6044,0.97,-0.388,0.3935
CORE_SAT_HUNT_20260624_140205,3,rand,20260621,1,800.0,7.233796296296298,TRANSIENT_GROWER_REJECT,1,1,0.0003788397358115641,2.374527448057269,2.374527448057269,1.6461147318551026,,,,,,,4.449,0.1136,0.9557,1.0003,3.6862,0.4609,-0.1931,0.3247
CORE_SAT_HUNT_20260624_140205,4,rand,20260621,1,800.0,7.233796296296298,TRUE_SATURATED_BOUND_STATE,1,1,9.738308663965874e-05,0.8630502894012452,0.9180715108148337,0.4641838286332111,,,,,,,3.3827,-0.0031,0.3385,1.7092,1.6545,-0.6062,-0.0102,0.3739
CORE_SAT_HUNT_20260624_140205,5,rand,20260621,1,800.0,7.233796296296298,LATE_BLOWUP_REJECT,0,0,0.0033935731359752766,12.332597404458392,12.332597404458392,0.0,,,,,,,1.7337,0.1189,1.912,1.0162,3.3099,0.2847,-0.0924,0.3083
CORE_SAT_HUNT_20260624_140205,6,rand,20260621,1,800.0,7.233796296296298,SPIN_DOWN_REJECT,1,1,-3.75397015532195e-05,0.319754684691447,0.802814243722139,0.26061606313497193,,,,,,,1.3389,0.0236,0.2243,0.9751,1.7381,-0.8983,0.3993,0.3247
CORE_SAT_HUNT_20260624_140205,7,rand,20260621,1,800.0,7.233796296296298,SPIN_DOWN_REJECT,0,0,-5.460750059595965e-05,0.26357466235449195,0.9500125677043764,0.0,,,,,,,1.0274,0.0358,0.7309,1.1828,1.6726,-0.987,-0.4856,0.3455
CORE_SAT_HUNT_20260624_140205,8,rand,20260621,2,800.0,7.233796296296298,LATE_BLOWUP_REJECT,0,0,nan,nan,nan,0.0,,,,,,,1.3913,0.1417,0.8556,1.0556,2.1688,0.8277,0.4352,0.3049
CORE_SAT_HUNT_20260624_140205,9,rand,20260621,2,800.0,7.233796296296298,TRANSIENT_GROWER_REJECT,2,2,0.0005811784009407719,2.7418677258341457,2.7418677258341457,1.1991919486523523,,,,,,,2.9313,0.0022,0.2748,1.3235,1.3484,0.7715,-0.1253,0.3825
CORE_SAT_HUNT_20260624_140205,10,rand,20260621,2,800.0,7.233796296296298,TRUE_SATURATED_BOUND_STATE,2,2,-2.2164394268495808e-05,0.8291441126114906,0.9776978114895165,0.899246546432062,,,,,,,0.1227,0.0944,1.0499,0.3503,1.3435,-0.0994,-0.2822,0.3811
CORE_SAT_HUNT_20260624_140205,11,rand,20260621,2,800.0,7.233796296296298,LATE_BLOWUP_REJECT,0,0,nan,nan,nan,0.0,,,,,,,1.5328,0.0924,1.6819,0.0393,3.5145,0.9756,0.3115,0.3137
CORE_SAT_HUNT_20260624_140205,12,rand,20260621,2,800.0,7.233796296296298,LATE_BLOWUP_REJECT,0,0,0.0005468723073347414,3.307153847386623,3.307153847386623,0.0,,,,,,,0.9418,-0.0019,0.8044,0.3331,2.0403,-0.7214,0.2929,0.4625
CORE_SAT_HUNT_20260624_140205,13,rand,20260621,2,800.0,7.233796296296298,TRUE_SATURATED_BOUND_STATE,2,2,-6.811030930343162e-05,0.5918024095455735,0.9770476161408752,0.5600380588559977,,,,,,,1.2976,0.0576,0.9926,1.7952,3.7466,-0.4704,-0.3442,0.4349
CORE_SAT_HUNT_20260624_140205,14,rand,20260621,2,800.0,7.233796296296298,SPIN_DOWN_REJECT,0,0,-3.077313039753599e-05,0.0035984570845968115,0.9766109838011492,0.0,,,,,,,3.7422,0.1368,0.9801,1.9729,0.8226,-0.5291,0.2037,0.4107
CORE_SAT_HUNT_20260624_140205,15,rand,20260621,2,800.0,7.233796296296298,SPIN_DOWN_REJECT,0,0,-4.212247417216779e-05,0.005095053351298991,0.9767707383072995,0.0,,,,,,,1.9315,0.1472,1.8687,1.4434,1.741,-0.9269,0.4729,0.4763
CORE_SAT_HUNT_20260624_140205,16,rand,20260621,3,800.0,7.233796296296298,LATE_BLOWUP_REJECT,0,0,nan,nan,nan,0.0,,,,,,,0.6578,0.1351,0.7307,1.0273,0.3925,0.8463,0.0151,0.2696
CORE_SAT_HUNT_20260624_140205,17,rand,20260621,3,800.0,7.233796296296298,LATE_BLOWUP_REJECT,0,0,0.0007852061392144345,4.444377196027192,4.444377196027192,0.0,,,,,,,4.7121,0.0535,0.6185,0.431,1.0316,0.4148,-0.0907,0.4013
CORE_SAT_HUNT_20260624_140205,18,rand,20260621,3,800.0,7.233796296296298,LATE_BLOWUP_REJECT,0,0,0.0004938733086594198,3.139726369212494,3.139726369212494,0.0,,,,,,,3.7966,-0.0046,1.3392,0.0801,1.6713,-0.2628,-0.3651,0.3874
CORE_SAT_HUNT_20260624_140205,19,rand,20260621,3,800.0,7.233796296296298,SPIN_DOWN_REJECT,0,0,-3.460576515661225e-05,0.006863638793446879,0.9838409029272553,0.0,,,,,,,2.5465,0.1186,1.9421,0.7852,0.3442,-0.7727,-0.2728,0.2723
CORE_SAT_HUNT_20260624_140205,20,rand,20260621,3,800.0,7.233796296296298,LATE_BLOWUP_REJECT,0,0,nan,nan,nan,0.0,,,,,,,4.1698,0.1351,0.1088,0.1524,3.3319,-0.6765,-0.2401,0.4947
CORE_SAT_HUNT_20260624_140205,21,rand,20260621,3,800.0,7.233796296296298,LATE_BLOWUP_REJECT,0,0,nan,nan,nan,0.0,,,,,,,0.3185,0.1275,0.0949,1.7965,2.3725,0.7185,0.0354,0.3666
CORE_SAT_HUNT_20260624_140205,22,rand,20260621,3,800.0,7.233796296296298,NEAR_SATURATED_BOUND_STATE,3,2,0.000337293640813912,2.3660466561288707,2.3660466561288707,0.7611057249032817,,,,,,,1.9358,-0.0095,0.4171,0.0618,1.3387,-0.0036,-0.4374,0.2803
CORE_SAT_HUNT_20260624_140205,23,rand,20260621,3,800.0,7.233796296296298,TRUE_SATURATED_BOUND_STATE,3,3,8.802121910300191e-05,1.5713110565887056,1.5713110565887056,0.712233321327748,,,,,,,3.6315,0.0453,0.4399,0.1967,3.5886,0.4339,0.0903,0.4456
CORE_SAT_HUNT_20260624_140205,24,rand,20260621,4,800.0,7.233796296296298,SPIN_DOWN_REJECT,0,0,-0.0001314165173215819,0.19433112890262422,0.9873810421568726,0.0,,,,,,,4.5847,0.0357,0.476,1.5411,3.2902,-0.3276,0.2478,0.2151
CORE_SAT_HUNT_20260624_140205,25,rand,20260621,4,800.0,7.233796296296298,TRUE_SATURATED_BOUND_STATE,4,4,-4.6811646888170515e-05,0.7619713384671598,0.9879048539220089,0.8079030869603341,,,,,,,2.8861,0.0663,1.5523,0.6541,3.9815,-0.6166,0.1484,0.4728
CORE_SAT_HUNT_20260624_140205,26,rand,20260621,4,800.0,7.233796296296298,SPIN_DOWN_REJECT,4,4,-0.00010907945542939276,0.38958165895029573,0.9876458237055428,0.21937171144026224,,,,,,,2.8891,0.0405,1.2143,0.2693,1.9369,-0.7098,-0.3974,0.3209
CORE_SAT_HUNT_20260624_140205,27,rand,20260621,4,800.0,7.233796296296298,SPIN_DOWN_REJECT,0,0,-0.00016137093668292343,0.256752405238362,0.987733925756817,0.0,,,,,,,4.894,0.0854,1.4922,0.8073,2.5562,-0.6036,0.3037,0.4947
CORE_SAT_HUNT_20260624_140205,28,rand,20260621,4,800.0,7.233796296296298,LATE_BLOWUP_REJECT,0,0,0.010088688985042745,27.242107131262998,27.242107131262998,0.0,,,,,,,2.5129,0.143,1.2867,1.4353,2.7576,0.8063,-0.28,0.3954
CORE_SAT_HUNT_20260624_140205,29,rand,20260621,4,800.0,7.233796296296298,LATE_BLOWUP_REJECT,0,0,0.007229413759396286,20.340435410470082,20.340435410470082,0.0,,,,,,,3.2507,-0.0076,0.6972,1.5149,1.7809,0.4821,-0.1835,0.3436
CORE_SAT_HUNT_20260624_140205,30,rand,20260621,4,800.0,7.233796296296298,LATE_BLOWUP_REJECT,0,0,0.09286999732463996,229.86892263613447,229.86892263613447,0.0,,,,,,,3.5236,0.0316,1.5358,1.8442,2.3997,0.7859,-0.2009,0.435
CORE_SAT_HUNT_20260624_140205,31,rand,20260621,4,800.0,7.233796296296298,NEAR_SATURATED_BOUND_STATE,4,4,0.00019772267833336564,1.7905373483755431,1.7905373483755431,0.4781223462123126,,,,,,,0.1263,0.0089,0.5416,0.6704,3.6821,-0.975,-0.0481,0.4348
CORE_SAT_HUNT_20260624_140205,32,rand,20260621,6,800.0,7.233796296296298,SPIN_DOWN_REJECT,0,0,-0.00014663774734724228,0.1344321476647299,0.9913022186843979,0.0,,,,,,,3.6201,0.0597,1.3871,0.9716,1.9495,-0.325,0.1255,0.3158
CORE_SAT_HUNT_20260624_140205,33,rand,20260621,6,800.0,7.233796296296298,NEAR_SATURATED_BOUND_STATE,6,6,0.00016235275501016045,1.6518402470828375,1.6518402470828375,0.5202018672309221,,,,,,,0.5405,0.025,1.8819,0.4033,3.1001,-0.5226,-0.423,0.4041
CORE_SAT_HUNT_20260624_140205,34,rand,20260621,6,800.0,7.233796296296298,SPIN_DOWN_REJECT,0,0,-0.00014661483717538646,0.05508839199060781,0.991181556374065,0.0,,,,,,,2.4793,0.0948,1.6947,1.5954,2.3827,-0.1985,-0.0183,0.4605
CORE_SAT_HUNT_20260624_140205,35,rand,20260621,6,800.0,7.233796296296298,LATE_BLOWUP_REJECT,0,0,0.012175978641994316,29.011555116768413,29.011555116768413,0.0,,,,,,,1.6429,0.1112,1.3843,1.3101,0.7999,0.8171,-0.2596,0.238
CORE_SAT_HUNT_20260624_140205,36,rand,20260621,6,800.0,7.233796296296298,SPIN_DOWN_REJECT,0,0,-4.570521100156091e-05,0.00960033672978946,0.9906337648565996,0.0,,,,,,,0.8961,0.1222,1.7495,0.5101,3.7872,-0.824,0.0883,0.3133
CORE_SAT_HUNT_20260624_140205,37,rand,20260621,6,800.0,7.233796296296298,SPIN_DOWN_REJECT,0,0,-0.00013087774545083222,0.2314072431129938,0.9911621625360396,0.0,,,,,,,1.4389,0.0583,0.2294,0.1067,1.8186,-0.5295,-0.4999,0.4318
CORE_SAT_HUNT_20260624_140205,38,rand,20260621,6,800.0,7.233796296296298,SPIN_DOWN_REJECT,0,0,-9.091559576360294e-05,0.07436099525508219,0.9908599030047526,0.0,,,,,,,1.4801,0.0528,0.2011,1.1763,0.158,-0.676,-0.1883,0.2053
CORE_SAT_HUNT_20260624_140205,39,rand,20260621,6,800.0,7.233796296296298,SPIN_DOWN_REJECT,0,0,-4.6954203477229184e-05,0.010042848337589429,0.9907795366081209,0.0,,,,,,,3.7816,0.1105,0.9914,1.4103,3.6089,0.2202,0.0261,0.2183
CORE_SAT_HUNT_20260624_142152,0,rand,20260621,1,1000.0,9.042245370370372,LATE_BLOWUP_REJECT,0,0,nan,nan,nan,0.0,,,,,,,4.6502,0.0984,0.2906,0.8025,3.9369,-0.4355,0.4486,0.2799
CORE_SAT_HUNT_20260624_142152,1,rand,20260621,1,1000.0,9.042245370370372,LATE_BLOWUP_REJECT,0,0,nan,nan,nan,0.0,,,,,,,2.4146,0.0416,0.2658,1.198,0.1119,0.6439,0.2332,0.4006
CORE_SAT_HUNT_20260624_142152,2,rand,20260621,1,1000.0,9.042245370370372,LATE_BLOWUP_REJECT,0,0,0.013610527722993333,38.39613869493101,38.39613869493101,0.0,,,,,,,4.7617,0.1471,1.3586,1.4398,0.6044,0.97,-0.388,0.3935
CORE_SAT_HUNT_20260624_142152,3,rand,20260621,1,1000.0,9.042245370370372,TRANSIENT_GROWER_REJECT,1,1,0.00036675138900448543,2.28419630201915,2.28419630201915,1.6835444085325029,,,,,,,4.449,0.1136,0.9557,1.0003,3.6862,0.4609,-0.1931,0.3247
CORE_SAT_HUNT_20260624_142152,4,rand,20260621,1,1000.0,9.042245370370372,TRUE_SATURATED_BOUND_STATE,1,1,8.666888697108319e-05,0.770483881575779,0.8703087988802326,0.4743820528324293,SATURATED_BOUND_STATE,100.04596528057857,4.525072912560536,0.03860761390979214,best_k1_low_mass_true,Single-node K=1 near-threshold TRUE; best fragile low-K survivor for carry-forward control.,3.3827,-0.0031,0.3385,1.7092,1.6545,-0.6062,-0.0102,0.3739
CORE_SAT_HUNT_20260624_142152,5,rand,20260621,1,1000.0,9.042245370370372,LATE_BLOWUP_REJECT,0,0,0.0030585364826219673,11.231178806643094,11.231178806643094,0.0,,,,,,,1.7337,0.1189,1.912,1.0162,3.3099,0.2847,-0.0924,0.3083
CORE_SAT_HUNT_20260624_142152,6,rand,20260621,1,1000.0,9.042245370370372,LATE_BLOWUP_REJECT,0,0,nan,nan,nan,0.0,,,,,,,1.3389,0.0236,0.2243,0.9751,1.7381,-0.8983,0.3993,0.3247
CORE_SAT_HUNT_20260624_142152,7,rand,20260621,1,1000.0,9.042245370370372,SPIN_DOWN_REJECT,0,0,-4.819253259878637e-05,0.23640600323507016,0.9416061673694869,0.0,,,,,,,1.0274,0.0358,0.7309,1.1828,1.6726,-0.987,-0.4856,0.3455
CORE_SAT_HUNT_20260624_142152,8,rand,20260621,2,1000.0,9.042245370370372,LATE_BLOWUP_REJECT,0,0,nan,nan,nan,0.0,,,,,,,1.3913,0.1417,0.8556,1.0556,2.1688,0.8277,0.4352,0.3049
CORE_SAT_HUNT_20260624_142152,9,rand,20260621,2,1000.0,9.042245370370372,TRANSIENT_GROWER_REJECT,2,2,0.0005605355828154084,2.5956342816904305,2.5956342816904305,1.2576798642997704,,,,,,,2.9313,0.0022,0.2748,1.3235,1.3484,0.7715,-0.1253,0.3825
CORE_SAT_HUNT_20260624_142152,10,rand,20260621,2,1000.0,9.042245370370372,TRUE_SATURATED_BOUND_STATE,2,2,-2.1426098629567015e-05,0.8125949597800137,0.9774136690152853,0.9136593070846549,,,,,,,0.1227,0.0944,1.0499,0.3503,1.3435,-0.0994,-0.2822,0.3811
CORE_SAT_HUNT_20260624_142152,11,rand,20260621,2,1000.0,9.042245370370372,LATE_BLOWUP_REJECT,0,0,nan,nan,nan,0.0,,,,,,,1.5328,0.0924,1.6819,0.0393,3.5145,0.9756,0.3115,0.3137
CORE_SAT_HUNT_20260624_142152,12,rand,20260621,2,1000.0,9.042245370370372,TRANSIENT_GROWER_REJECT,2,2,0.0004647229751972023,2.9650775931837816,2.9650775931837816,1.3520990941822277,,,,,,,0.9418,-0.0019,0.8044,0.3331,2.0403,-0.7214,0.2929,0.4625
CORE_SAT_HUNT_20260624_142152,13,rand,20260621,2,1000.0,9.042245370370372,TRUE_SATURATED_BOUND_STATE,2,2,-5.960846700909875e-05,0.5687615849533726,0.9759516012909212,0.5586405955819375,,,,,,,1.2976,0.0576,0.9926,1.7952,3.7466,-0.4704,-0.3442,0.4349
CORE_SAT_HUNT_20260624_142152,14,rand,20260621,2,1000.0,9.042245370370372,SPIN_DOWN_REJECT,0,0,-3.269944218729363e-05,0.0038522746337929896,0.9765115187516545,0.0,,,,,,,3.7422,0.1368,0.9801,1.9729,0.8226,-0.5291,0.2037,0.4107
CORE_SAT_HUNT_20260624_142152,15,rand,20260621,2,1000.0,9.042245370370372,SPIN_DOWN_REJECT,0,0,-4.449637631841923e-05,0.005595585952109025,0.9767668289070025,0.0,,,,,,,1.9315,0.1472,1.8687,1.4434,1.741,-0.9269,0.4729,0.4763
CORE_SAT_HUNT_20260624_142152,16,rand,20260621,3,1000.0,9.042245370370372,LATE_BLOWUP_REJECT,0,0,nan,nan,nan,0.0,,,,,,,0.6578,0.1351,0.7307,1.0273,0.3925,0.8463,0.0151,0.2696
CORE_SAT_HUNT_20260624_142152,17,rand,20260621,3,1000.0,9.042245370370372,LATE_BLOWUP_REJECT,0,0,0.0009693980460545998,5.135169815325941,5.135169815325941,0.0,,,,,,,4.7121,0.0535,0.6185,0.431,1.0316,0.4148,-0.0907,0.4013
CORE_SAT_HUNT_20260624_142152,18,rand,20260621,3,1000.0,9.042245370370372,TRANSIENT_GROWER_REJECT,3,2,0.0004254918718723197,2.8328635231946513,2.8328635231946513,0.7691488585295959,,,,,,,3.7966,-0.0046,1.3392,0.0801,1.6713,-0.2628,-0.3651,0.3874
CORE_SAT_HUNT_20260624_142152,19,rand,20260621,3,1000.0,9.042245370370372,SPIN_DOWN_REJECT,0,0,-3.36775929860635e-05,0.006712368009823037,0.9833914055267994,0.0,,,,,,,2.5465,0.1186,1.9421,0.7852,0.3442,-0.7727,-0.2728,0.2723
CORE_SAT_HUNT_20260624_142152,20,rand,20260621,3,1000.0,9.042245370370372,LATE_BLOWUP_REJECT,0,0,nan,nan,nan,0.0,,,,,,,4.1698,0.1351,0.1088,0.1524,3.3319,-0.6765,-0.2401,0.4947
CORE_SAT_HUNT_20260624_142152,21,rand,20260621,3,1000.0,9.042245370370372,LATE_BLOWUP_REJECT,0,0,nan,nan,nan,0.0,,,,,,,0.3185,0.1275,0.0949,1.7965,2.3725,0.7185,0.0354,0.3666
CORE_SAT_HUNT_20260624_142152,22,rand,20260621,3,1000.0,9.042245370370372,NEAR_SATURATED_BOUND_STATE,3,2,0.0002904721581289323,2.156569506118843,2.156569506118843,0.7695298224571875,,,,,,,1.9358,-0.0095,0.4171,0.0618,1.3387,-0.0036,-0.4374,0.2803
CORE_SAT_HUNT_20260624_142152,23,rand,20260621,3,1000.0,9.042245370370372,TRUE_SATURATED_BOUND_STATE,3,3,9.316915944032881e-05,1.517589577304194,1.517589577304194,0.7201341303243245,,,,,,,3.6315,0.0453,0.4399,0.1967,3.5886,0.4339,0.0903,0.4456
CORE_SAT_HUNT_20260624_142152,24,rand,20260621,4,1000.0,9.042245370370372,SPIN_DOWN_REJECT,0,0,-0.00012842578706283975,0.20047474696958262,0.9864871970125134,0.0,,,,,,,4.5847,0.0357,0.476,1.5411,3.2902,-0.3276,0.2478,0.2151
CORE_SAT_HUNT_20260624_142152,25,rand,20260621,4,1000.0,9.042245370370372,TRUE_SATURATED_BOUND_STATE,4,4,-3.218465205768086e-05,0.8540056901060145,0.9879519273704408,0.8221610861724516,,,,,,,2.8861,0.0663,1.5523,0.6541,3.9815,-0.6166,0.1484,0.4728
CORE_SAT_HUNT_20260624_142152,26,rand,20260621,4,1000.0,9.042245370370372,SPIN_DOWN_REJECT,4,4,-0.00010108614878477905,0.3844926981135879,0.9874337058011896,0.2246425965947922,,,,,,,2.8891,0.0405,1.2143,0.2693,1.9369,-0.7098,-0.3974,0.3209
CORE_SAT_HUNT_20260624_142152,27,rand,20260621,4,1000.0,9.042245370370372,TRUE_SATURATED_BOUND_STATE,4,4,-0.00010365124028871181,0.5576159918274556,0.9878269599810029,1.4295661401453428,,,,,,,4.894,0.0854,1.4922,0.8073,2.5562,-0.6036,0.3037,0.4947
CORE_SAT_HUNT_20260624_142152,28,rand,20260621,4,1000.0,9.042245370370372,LATE_BLOWUP_REJECT,0,0,0.010655684306756855,29.20065880621554,29.20065880621554,0.0,,,,,,,2.5129,0.143,1.2867,1.4353,2.7576,0.8063,-0.28,0.3954
CORE_SAT_HUNT_20260624_142152,29,rand,20260621,4,1000.0,9.042245370370372,LATE_BLOWUP_REJECT,0,0,0.006758875267901981,19.331424907704655,19.331424907704655,0.0,,,,,,,3.2507,-0.0076,0.6972,1.5149,1.7809,0.4821,-0.1835,0.3436
CORE_SAT_HUNT_20260624_142152,30,rand,20260621,4,1000.0,9.042245370370372,LATE_BLOWUP_REJECT,0,0,0.07961398805993668,202.5817432404025,202.5817432404025,0.0,,,,,,,3.5236,0.0316,1.5358,1.8442,2.3997,0.7859,-0.2009,0.435
CORE_SAT_HUNT_20260624_142152,31,rand,20260621,4,1000.0,9.042245370370372,NEAR_SATURATED_BOUND_STATE,4,4,0.00016732708974052018,1.6399535508734018,1.6399535508734018,0.4833122440080318,,,,,,,0.1263,0.0089,0.5416,0.6704,3.6821,-0.975,-0.0481,0.4348
CORE_SAT_HUNT_20260624_142152,32,rand,20260621,6,1000.0,9.042245370370372,SPIN_DOWN_REJECT,0,0,-0.00016012920874222114,0.17976275707208875,0.9913607859946456,0.0,,,,,,,3.6201,0.0597,1.3871,0.9716,1.9495,-0.325,0.1255,0.3158
CORE_SAT_HUNT_20260624_142152,33,rand,20260621,6,1000.0,9.042245370370372,TRUE_SATURATED_BOUND_STATE,6,6,0.00014547583309785142,1.6206168454061574,1.6206168454061574,0.5279117787057883,,,,,,,0.5405,0.025,1.8819,0.4033,3.1001,-0.5226,-0.423,0.4041
CORE_SAT_HUNT_20260624_142152,34,rand,20260621,6,1000.0,9.042245370370372,TRUE_SATURATED_BOUND_STATE,6,6,3.450174902500236e-05,0.7982703352600343,0.991306486543487,1.4834032641677277,SATURATED_BOUND_STATE,31.77155091446955,18.58897608849127,0.008340051614599385,best_k6_distributed_true_mid_mass,Mid-mass K=6 stable distributed TRUE with lowest late slope and n_mid==n_fin.,2.4793,0.0948,1.6947,1.5954,2.3827,-0.1985,-0.0183,0.4605
CORE_SAT_HUNT_20260624_142152,35,rand,20260621,6,1000.0,9.042245370370372,LATE_BLOWUP_REJECT,0,0,0.018402217377992594,47.68544021055602,47.68544021055602,0.0,,,,,,,1.6429,0.1112,1.3843,1.3101,0.7999,0.8171,-0.2596,0.238
CORE_SAT_HUNT_20260624_142152,36,rand,20260621,6,1000.0,9.042245370370372,SPIN_DOWN_REJECT,0,0,-4.7187136157208054e-05,0.01001790759620246,0.9906093457282298,0.0,,,,,,,0.8961,0.1222,1.7495,0.5101,3.7872,-0.824,0.0883,0.3133
CORE_SAT_HUNT_20260624_142152,37,rand,20260621,6,1000.0,9.042245370370372,SPIN_DOWN_REJECT,0,0,-0.00012440519550438532,0.24376937481490638,0.990808229286147,0.0,,,,,,,1.4389,0.0583,0.2294,0.1067,1.8186,-0.5295,-0.4999,0.4318
CORE_SAT_HUNT_20260624_142152,38,rand,20260621,6,1000.0,9.042245370370372,SPIN_DOWN_REJECT,0,0,-9.005263214564544e-05,0.0740904152075395,0.9907853934165917,0.0,,,,,,,1.4801,0.0528,0.2011,1.1763,0.158,-0.676,-0.1883,0.2053
CORE_SAT_HUNT_20260624_142152,39,rand,20260621,6,1000.0,9.042245370370372,SPIN_DOWN_REJECT,0,0,-5.5308487871878685e-05,0.011661013082206014,0.9908915755702624,0.0,,,,,,,3.7816,0.1105,0.9914,1.4103,3.6089,0.2202,0.0261,0.2183
CORE_SAT_HUNT_20260624_144135,0,rand,20260621,1,1200.0,10.850694444444446,LATE_BLOWUP_REJECT,0,0,nan,nan,nan,0.0,,,,,,,4.6502,0.0984,0.2906,0.8025,3.9369,-0.4355,0.4486,0.2799
CORE_SAT_HUNT_20260624_144135,1,rand,20260621,1,1200.0,10.850694444444446,LATE_BLOWUP_REJECT,0,0,nan,nan,nan,0.0,,,,,,,2.4146,0.0416,0.2658,1.198,0.1119,0.6439,0.2332,0.4006
CORE_SAT_HUNT_20260624_144135,2,rand,20260621,1,1200.0,10.850694444444446,LATE_BLOWUP_REJECT,0,0,0.011956420860706269,34.05882192768238,34.05882192768238,0.0,,,,,,,4.7617,0.1471,1.3586,1.4398,0.6044,0.97,-0.388,0.3935
CORE_SAT_HUNT_20260624_144135,3,rand,20260621,1,1200.0,10.850694444444446,LATE_BLOWUP_REJECT,0,0,nan,nan,nan,0.0,,,,,,,4.449,0.1136,0.9557,1.0003,3.6862,0.4609,-0.1931,0.3247
CORE_SAT_HUNT_20260624_144135,4,rand,20260621,1,1200.0,10.850694444444446,LATE_BLOWUP_REJECT,0,0,nan,nan,nan,0.0,,,,,,,3.3827,-0.0031,0.3385,1.7092,1.6545,-0.6062,-0.0102,0.3739
CORE_SAT_HUNT_20260624_144135,5,rand,20260621,1,1200.0,10.850694444444446,LATE_BLOWUP_REJECT,0,0,0.0027386596800791957,10.293137887600162,10.293137887600162,0.0,,,,,,,1.7337,0.1189,1.912,1.0162,3.3099,0.2847,-0.0924,0.3083
CORE_SAT_HUNT_20260624_144135,6,rand,20260621,1,1200.0,10.850694444444446,LATE_BLOWUP_REJECT,0,0,nan,nan,nan,0.0,,,,,,,1.3389,0.0236,0.2243,0.9751,1.7381,-0.8983,0.3993,0.3247
CORE_SAT_HUNT_20260624_144135,7,rand,20260621,1,1200.0,10.850694444444446,SPIN_DOWN_REJECT,0,0,-4.33436254149217e-05,0.21504749513176274,0.9309231637687948,0.0,,,,,,,1.0274,0.0358,0.7309,1.1828,1.6726,-0.987,-0.4856,0.3455
CORE_SAT_HUNT_20260624_144135,8,rand,20260621,2,1200.0,10.850694444444446,LATE_BLOWUP_REJECT,0,0,nan,nan,nan,0.0,,,,,,,1.3913,0.1417,0.8556,1.0556,2.1688,0.8277,0.4352,0.3049
CORE_SAT_HUNT_20260624_144135,9,rand,20260621,2,1200.0,10.850694444444446,TRANSIENT_GROWER_REJECT,2,2,0.0005393716631559839,2.454867392361805,2.454867392361805,1.302034496283176,,,,,,,2.9313,0.0022,0.2748,1.3235,1.3484,0.7715,-0.1253,0.3825
CORE_SAT_HUNT_20260624_144135,10,rand,20260621,2,1200.0,10.850694444444446,TRUE_SATURATED_BOUND_STATE,2,2,-1.1098957896196517e-05,0.8066719388336324,0.9768450358106152,0.8870084370101106,,,,,,,0.1227,0.0944,1.0499,0.3503,1.3435,-0.0994,-0.2822,0.3811
CORE_SAT_HUNT_20260624_144135,11,rand,20260621,2,1200.0,10.850694444444446,LATE_BLOWUP_REJECT,0,0,nan,nan,nan,0.0,,,,,,,1.5328,0.0924,1.6819,0.0393,3.5145,0.9756,0.3115,0.3137
CORE_SAT_HUNT_20260624_144135,12,rand,20260621,2,1200.0,10.850694444444446,TRANSIENT_GROWER_REJECT,2,2,0.00041316078808679865,2.701282478116155,2.701282478116155,1.412938427071358,,,,,,,0.9418,-0.0019,0.8044,0.3331,2.0403,-0.7214,0.2929,0.4625
CORE_SAT_HUNT_20260624_144135,13,rand,20260621,2,1200.0,10.850694444444446,TRUE_SATURATED_BOUND_STATE,2,2,-5.3212865855177424e-05,0.5423874401139198,0.9737724564234005,0.556027517594426,,,,,,,1.2976,0.0576,0.9926,1.7952,3.7466,-0.4704,-0.3442,0.4349
CORE_SAT_HUNT_20260624_144135,14,rand,20260621,2,1200.0,10.850694444444446,SPIN_DOWN_REJECT,0,0,-3.4136607752862366e-05,0.004060241355510589,0.9764128256494822,0.0,,,,,,,3.7422,0.1368,0.9801,1.9729,0.8226,-0.5291,0.2037,0.4107
CORE_SAT_HUNT_20260624_144135,15,rand,20260621,2,1200.0,10.850694444444446,LATE_BLOWUP_REJECT,0,0,nan,nan,nan,0.0,,,,,,,1.9315,0.1472,1.8687,1.4434,1.741,-0.9269,0.4729,0.4763
CORE_SAT_HUNT_20260624_144135,16,rand,20260621,3,1200.0,10.850694444444446,LATE_BLOWUP_REJECT,0,0,nan,nan,nan,0.0,,,,,,,0.6578,0.1351,0.7307,1.0273,0.3925,0.8463,0.0151,0.2696
CORE_SAT_HUNT_20260624_144135,17,rand,20260621,3,1200.0,10.850694444444446,LATE_BLOWUP_REJECT,0,0,0.00104365394099536,5.523291344795739,5.523291344795739,0.0,,,,,,,4.7121,0.0535,0.6185,0.431,1.0316,0.4148,-0.0907,0.4013
CORE_SAT_HUNT_20260624_144135,18,rand,20260621,3,1200.0,10.850694444444446,TRANSIENT_GROWER_REJECT,3,2,0.0003665704223740915,2.5813652783747827,2.5813652783747827,0.7681024635803972,,,,,,,3.7966,-0.0046,1.3392,0.0801,1.6713,-0.2628,-0.3651,0.3874
CORE_SAT_HUNT_20260624_144135,19,rand,20260621,3,1200.0,10.850694444444446,SPIN_DOWN_REJECT,0,0,-3.2607152359359695e-05,0.00653025374748378,0.9827753856959642,0.0,,,,,,,2.5465,0.1186,1.9421,0.7852,0.3442,-0.7727,-0.2728,0.2723
CORE_SAT_HUNT_20260624_144135,20,rand,20260621,3,1200.0,10.850694444444446,LATE_BLOWUP_REJECT,0,0,nan,nan,nan,0.0,,,,,,,4.1698,0.1351,0.1088,0.1524,3.3319,-0.6765,-0.2401,0.4947
CORE_SAT_HUNT_20260624_144135,21,rand,20260621,3,1200.0,10.850694444444446,LATE_BLOWUP_REJECT,0,0,nan,nan,nan,0.0,,,,,,,0.3185,0.1275,0.0949,1.7965,2.3725,0.7185,0.0354,0.3666
CORE_SAT_HUNT_20260624_144135,22,rand,20260621,3,1200.0,10.850694444444446,NEAR_SATURATED_BOUND_STATE,3,2,0.0002554303313874497,1.9867087874389153,1.9867087874389153,0.7754454113884972,,,,,,,1.9358,-0.0095,0.4171,0.0618,1.3387,-0.0036,-0.4374,0.2803
CORE_SAT_HUNT_20260624_144135,23,rand,20260621,3,1200.0,10.850694444444446,LATE_BLOWUP_REJECT,0,0,nan,nan,nan,0.0,,,,,,,3.6315,0.0453,0.4399,0.1967,3.5886,0.4339,0.0903,0.4456
CORE_SAT_HUNT_20260624_144135,24,rand,20260621,4,1200.0,10.850694444444446,SPIN_DOWN_REJECT,0,0,-0.00012384824782255013,0.20323750647891284,0.9837809607136201,0.0,,,,,,,4.5847,0.0357,0.476,1.5411,3.2902,-0.3276,0.2478,0.2151
CORE_SAT_HUNT_20260624_144135,25,rand,20260621,4,1200.0,10.850694444444446,TRUE_SATURATED_BOUND_STATE,4,4,-2.3479886628979037e-05,0.8956382472357934,0.9879641425653509,0.8272635728231225,,,,,,,2.8861,0.0663,1.5523,0.6541,3.9815,-0.6166,0.1484,0.4728
CORE_SAT_HUNT_20260624_144135,26,rand,20260621,4,1200.0,10.850694444444446,SPIN_DOWN_REJECT,4,4,-9.422989566129636e-05,0.37408469061298943,0.9871110915418817,0.22683717645738796,,,,,,,2.8891,0.0405,1.2143,0.2693,1.9369,-0.7098,-0.3974,0.3209
CORE_SAT_HUNT_20260624_144135,27,rand,20260621,4,1200.0,10.850694444444446,TRUE_SATURATED_BOUND_STATE,4,4,-2.1145408673544677e-05,0.91767654924159,0.9879024211258353,2.3062352671350768,,,,,,,4.894,0.0854,1.4922,0.8073,2.5562,-0.6036,0.3037,0.4947
CORE_SAT_HUNT_20260624_144135,28,rand,20260621,4,1200.0,10.850694444444446,LATE_BLOWUP_REJECT,0,0,0.01039623422405843,28.98510415993522,28.98510415993522,0.0,,,,,,,2.5129,0.143,1.2867,1.4353,2.7576,0.8063,-0.28,0.3954
CORE_SAT_HUNT_20260624_144135,29,rand,20260621,4,1200.0,10.850694444444446,LATE_BLOWUP_REJECT,0,0,0.00625113540782263,18.176832413144925,18.176832413144925,0.0,,,,,,,3.2507,-0.0076,0.6972,1.5149,1.7809,0.4821,-0.1835,0.3436
CORE_SAT_HUNT_20260624_144135,30,rand,20260621,4,1200.0,10.850694444444446,LATE_BLOWUP_REJECT,0,0,0.06943780572335552,180.34706534731725,180.34706534731725,0.0,,,,,,,3.5236,0.0316,1.5358,1.8442,2.3997,0.7859,-0.2009,0.435
CORE_SAT_HUNT_20260624_144135,31,rand,20260621,4,1200.0,10.850694444444446,TRUE_SATURATED_BOUND_STATE,4,4,0.0001464510553715172,1.5170240980981657,1.5170240980981657,0.46753103691126197,,,,,,,0.1263,0.0089,0.5416,0.6704,3.6821,-0.975,-0.0481,0.4348
CORE_SAT_HUNT_20260624_144135,32,rand,20260621,6,1200.0,10.850694444444446,SPIN_DOWN_REJECT,0,0,-0.0001629486057441056,0.2451507270526544,0.9914104459090168,0.0,,,,,,,3.6201,0.0597,1.3871,0.9716,1.9495,-0.325,0.1255,0.3158
CORE_SAT_HUNT_20260624_144135,33,rand,20260621,6,1200.0,10.850694444444446,TRUE_SATURATED_BOUND_STATE,6,6,0.00013169896359041945,1.5696446824724597,1.5696446824724597,0.5211924814126196,,,,,,,0.5405,0.025,1.8819,0.4033,3.1001,-0.5226,-0.423,0.4041
CORE_SAT_HUNT_20260624_144135,34,rand,20260621,6,1200.0,10.850694444444446,NEAR_SATURATED_BOUND_STATE,6,6,0.00029209957900716647,1.6932403549058197,1.6932403549058197,1.7394196522640066,,,,,,,2.4793,0.0948,1.6947,1.5954,2.3827,-0.1985,-0.0183,0.4605
CORE_SAT_HUNT_20260624_144135,35,rand,20260621,6,1200.0,10.850694444444446,LATE_BLOWUP_REJECT,0,0,0.019331285820129274,52.44643534217205,52.44643534217205,0.0,,,,,,,1.6429,0.1112,1.3843,1.3101,0.7999,0.8171,-0.2596,0.238
CORE_SAT_HUNT_20260624_144135,36,rand,20260621,6,1200.0,10.850694444444446,SPIN_DOWN_REJECT,0,0,-4.80512282969429e-05,0.010300551779859115,0.9905567498564735,0.0,,,,,,,0.8961,0.1222,1.7495,0.5101,3.7872,-0.824,0.0883,0.3133
CORE_SAT_HUNT_20260624_144135,37,rand,20260621,6,1200.0,10.850694444444446,SPIN_DOWN_REJECT,0,0,-0.00011777756610809136,0.2489240870131142,0.9900906312782177,0.0,,,,,,,1.4389,0.0583,0.2294,0.1067,1.8186,-0.5295,-0.4999,0.4318
CORE_SAT_HUNT_20260624_144135,38,rand,20260621,6,1200.0,10.850694444444446,SPIN_DOWN_REJECT,0,0,-8.869950928041105e-05,0.07350914753864364,0.9906806170629577,0.0,,,,,,,1.4801,0.0528,0.2011,1.1763,0.158,-0.676,-0.1883,0.2053
CORE_SAT_HUNT_20260624_144135,39,rand,20260621,6,1200.0,10.850694444444446,SPIN_DOWN_REJECT,0,0,-8.659845052948628e-05,0.01724831407988904,0.9910111114460591,0.0,,,,,,,3.7816,0.1105,0.9914,1.4103,3.6089,0.2202,0.0261,0.2183
CORE_SAT_HUNT_20260624_150101,0,rand,20260621,1,1600.0,14.467592592592595,LATE_BLOWUP_REJECT,0,0,nan,nan,nan,0.0,,,,,,,4.6502,0.0984,0.2906,0.8025,3.9369,-0.4355,0.4486,0.2799
CORE_SAT_HUNT_20260624_150101,1,rand,20260621,1,1600.0,14.467592592592595,LATE_BLOWUP_REJECT,0,0,nan,nan,nan,0.0,,,,,,,2.4146,0.0416,0.2658,1.198,0.1119,0.6439,0.2332,0.4006
CORE_SAT_HUNT_20260624_150101,2,rand,20260621,1,1600.0,14.467592592592595,LATE_BLOWUP_REJECT,0,0,0.009666071310358728,27.963473577296828,27.963473577296828,0.0,,,,,,,4.7617,0.1471,1.3586,1.4398,0.6044,0.97,-0.388,0.3935
CORE_SAT_HUNT_20260624_150101,3,rand,20260621,1,1600.0,14.467592592592595,LATE_BLOWUP_REJECT,0,0,nan,nan,nan,0.0,,,,,,,4.449,0.1136,0.9557,1.0003,3.6862,0.4609,-0.1931,0.3247
CORE_SAT_HUNT_20260624_150101,4,rand,20260621,1,1600.0,14.467592592592595,LATE_BLOWUP_REJECT,0,0,nan,nan,nan,0.0,,,,,,,3.3827,-0.0031,0.3385,1.7092,1.6545,-0.6062,-0.0102,0.3739
CORE_SAT_HUNT_20260624_150101,5,rand,20260621,1,1600.0,14.467592592592595,LATE_BLOWUP_REJECT,0,0,0.002305232807440396,8.910789537171112,8.910789537171112,0.0,,,,,,,1.7337,0.1189,1.912,1.0162,3.3099,0.2847,-0.0924,0.3083
CORE_SAT_HUNT_20260624_150101,6,rand,20260621,1,1600.0,14.467592592592595,LATE_BLOWUP_REJECT,0,0,nan,nan,nan,0.0,,,,,,,1.3389,0.0236,0.2243,0.9751,1.7381,-0.8983,0.3993,0.3247
CORE_SAT_HUNT_20260624_150101,7,rand,20260621,1,1600.0,14.467592592592595,SPIN_DOWN_REJECT,0,0,-3.64325734168428e-05,0.18347970818853077,0.9039555212402272,0.0,,,,,,,1.0274,0.0358,0.7309,1.1828,1.6726,-0.987,-0.4856,0.3455
CORE_SAT_HUNT_20260624_150101,8,rand,20260621,2,1600.0,14.467592592592595,LATE_BLOWUP_REJECT,0,0,nan,nan,nan,0.0,,,,,,,1.3913,0.1417,0.8556,1.0556,2.1688,0.8277,0.4352,0.3049
CORE_SAT_HUNT_20260624_150101,9,rand,20260621,2,1600.0,14.467592592592595,TRANSIENT_GROWER_REJECT,2,2,0.0004941537373014919,2.2090727751146164,2.2090727751146164,1.3681571905801153,,,,,,,2.9313,0.0022,0.2748,1.3235,1.3484,0.7715,-0.1253,0.3825
CORE_SAT_HUNT_20260624_150101,10,rand,20260621,2,1600.0,14.467592592592595,TRUE_SATURATED_BOUND_STATE,2,2,-1.1742087733441741e-05,0.7478084285187667,0.9746915942969875,0.9808916346462355,,,,,,,0.1227,0.0944,1.0499,0.3503,1.3435,-0.0994,-0.2822,0.3811
CORE_SAT_HUNT_20260624_150101,11,rand,20260621,2,1600.0,14.467592592592595,LATE_BLOWUP_REJECT,0,0,nan,nan,nan,0.0,,,,,,,1.5328,0.0924,1.6819,0.0393,3.5145,0.9756,0.3115,0.3137
CORE_SAT_HUNT_20260624_150101,12,rand,20260621,2,1600.0,14.467592592592595,NEAR_SATURATED_BOUND_STATE,2,2,0.0003382295680973983,2.298842820275317,2.298842820275317,1.4639703241741255,,,,,,,0.9418,-0.0019,0.8044,0.3331,2.0403,-0.7214,0.2929,0.4625
CORE_SAT_HUNT_20260624_150101,13,rand,20260621,2,1600.0,14.467592592592595,SPIN_DOWN_REJECT,2,2,-4.41310325442462e-05,0.4922514987963184,0.9579862175786239,0.5499834057770947,,,,,,,1.2976,0.0576,0.9926,1.7952,3.7466,-0.4704,-0.3442,0.4349
CORE_SAT_HUNT_20260624_150101,14,rand,20260621,2,1600.0,14.467592592592595,SPIN_DOWN_REJECT,0,0,-3.612892802156629e-05,0.0043936465296056494,0.9763645570480778,0.0,,,,,,,3.7422,0.1368,0.9801,1.9729,0.8226,-0.5291,0.2037,0.4107
CORE_SAT_HUNT_20260624_150101,15,rand,20260621,2,1600.0,14.467592592592595,LATE_BLOWUP_REJECT,0,0,nan,nan,nan,0.0,,,,,,,1.9315,0.1472,1.8687,1.4434,1.741,-0.9269,0.4729,0.4763
CORE_SAT_HUNT_20260624_150101,16,rand,20260621,3,1600.0,14.467592592592595,LATE_BLOWUP_REJECT,0,0,nan,nan,nan,0.0,,,,,,,0.6578,0.1351,0.7307,1.0273,0.3925,0.8463,0.0151,0.2696
CORE_SAT_HUNT_20260624_150101,17,rand,20260621,3,1600.0,14.467592592592595,LATE_BLOWUP_REJECT,0,0,0.0012309813389132852,5.9827564154572315,5.9827564154572315,0.0,,,,,,,4.7121,0.0535,0.6185,0.431,1.0316,0.4148,-0.0907,0.4013
CORE_SAT_HUNT_20260624_150101,18,rand,20260621,3,1600.0,14.467592592592595,NEAR_SATURATED_BOUND_STATE,2,2,0.0002885713440336832,2.2143681760382927,2.2143681760382927,0.7624528606800967,,,,,,,3.7966,-0.0046,1.3392,0.0801,1.6713,-0.2628,-0.3651,0.3874
CORE_SAT_HUNT_20260624_150101,19,rand,20260621,3,1600.0,14.467592592592595,SPIN_DOWN_REJECT,0,0,-3.0429408547026497e-05,0.006146531325988349,0.9810028279748552,0.0,,,,,,,2.5465,0.1186,1.9421,0.7852,0.3442,-0.7727,-0.2728,0.2723
CORE_SAT_HUNT_20260624_150101,20,rand,20260621,3,1600.0,14.467592592592595,LATE_BLOWUP_REJECT,0,0,nan,nan,nan,0.0,,,,,,,4.1698,0.1351,0.1088,0.1524,3.3319,-0.6765,-0.2401,0.4947
CORE_SAT_HUNT_20260624_150101,21,rand,20260621,3,1600.0,14.467592592592595,LATE_BLOWUP_REJECT,0,0,nan,nan,nan,0.0,,,,,,,0.3185,0.1275,0.0949,1.7965,2.3725,0.7185,0.0354,0.3666
CORE_SAT_HUNT_20260624_150101,22,rand,20260621,3,1600.0,14.467592592592595,NEAR_SATURATED_BOUND_STATE,2,2,0.00020792637665107148,1.726161576966789,1.726161576966789,0.7902032745121895,,,,,,,1.9358,-0.0095,0.4171,0.0618,1.3387,-0.0036,-0.4374,0.2803
CORE_SAT_HUNT_20260624_150101,23,rand,20260621,3,1600.0,14.467592592592595,LATE_BLOWUP_REJECT,0,0,nan,nan,nan,0.0,,,,,,,3.6315,0.0453,0.4399,0.1967,3.5886,0.4339,0.0903,0.4456
CORE_SAT_HUNT_20260624_150101,24,rand,20260621,4,1600.0,14.467592592592595,SPIN_DOWN_REJECT,0,0,-0.0001137510728328931,0.2033210694298339,0.9646949414510168,0.0,,,,,,,4.5847,0.0357,0.476,1.5411,3.2902,-0.3276,0.2478,0.2151
CORE_SAT_HUNT_20260624_150101,25,rand,20260621,4,1600.0,14.467592592592595,TRUE_SATURATED_BOUND_STATE,4,4,-1.370164904468798e-05,0.9113291853325257,0.9878956156407925,0.827272920136972,,,,,,,2.8861,0.0663,1.5523,0.6541,3.9815,-0.6166,0.1484,0.4728
CORE_SAT_HUNT_20260624_150101,26,rand,20260621,4,1600.0,14.467592592592595,SPIN_DOWN_REJECT,4,4,-8.318393242036258e-05,0.3493931934021033,0.9860962951108077,0.2282274290256196,,,,,,,2.8891,0.0405,1.2143,0.2693,1.9369,-0.7098,-0.3974,0.3209
CORE_SAT_HUNT_20260624_150101,27,rand,20260621,4,1600.0,14.467592592592595,TRUE_SATURATED_BOUND_STATE,4,4,0.00010859498199962713,1.50290620241587,1.50290620241587,3.0821130063636386,,,,,,,4.894,0.0854,1.4922,0.8073,2.5562,-0.6036,0.3037,0.4947
CORE_SAT_HUNT_20260624_150101,28,rand,20260621,4,1600.0,14.467592592592595,LATE_BLOWUP_REJECT,0,0,0.009339825549027372,26.909036193480784,26.909036193480784,0.0,,,,,,,2.5129,0.143,1.2867,1.4353,2.7576,0.8063,-0.28,0.3954
CORE_SAT_HUNT_20260624_150101,29,rand,20260621,4,1600.0,14.467592592592595,LATE_BLOWUP_REJECT,0,0,0.005347165319614392,16.121166365651256,16.121166365651256,0.0,,,,,,,3.2507,-0.0076,0.6972,1.5149,1.7809,0.4821,-0.1835,0.3436
CORE_SAT_HUNT_20260624_150101,30,rand,20260621,4,1600.0,14.467592592592595,LATE_BLOWUP_REJECT,0,0,0.055217604158068125,147.74194830259336,147.74194830259336,0.0,,,,,,,3.5236,0.0316,1.5358,1.8442,2.3997,0.7859,-0.2009,0.435
CORE_SAT_HUNT_20260624_150101,31,rand,20260621,4,1600.0,14.467592592592595,TRUE_SATURATED_BOUND_STATE,4,3,0.00012043432484867318,1.3275471190946908,1.3275471190946908,0.44289823929818006,,,,,,,0.1263,0.0089,0.5416,0.6704,3.6821,-0.975,-0.0481,0.4348
CORE_SAT_HUNT_20260624_150101,32,rand,20260621,6,1600.0,14.467592592592595,SPIN_DOWN_REJECT,6,6,-0.00014416720721215415,0.40061589257900454,0.9914858010893874,0.6967485935456128,,,,,,,3.6201,0.0597,1.3871,0.9716,1.9495,-0.325,0.1255,0.3158
CORE_SAT_HUNT_20260624_150101,33,rand,20260621,6,1600.0,14.467592592592595,TRUE_SATURATED_BOUND_STATE,6,6,0.00011394184012733661,1.4555272353812119,1.4555272353812119,0.5641526680528026,,,,,,,0.5405,0.025,1.8819,0.4033,3.1001,-0.5226,-0.423,0.4041
CORE_SAT_HUNT_20260624_150101,34,rand,20260621,6,1600.0,14.467592592592595,TRANSIENT_GROWER_REJECT,6,6,0.0005672047947956769,2.7017535623661786,2.7017535623661786,1.7541589472388603,,,,,,,2.4793,0.0948,1.6947,1.5954,2.3827,-0.1985,-0.0183,0.4605
CORE_SAT_HUNT_20260624_150101,35,rand,20260621,6,1600.0,14.467592592592595,LATE_BLOWUP_REJECT,0,0,0.01796836269951589,51.357334315580516,51.357334315580516,0.0,,,,,,,1.6429,0.1112,1.3843,1.3101,0.7999,0.8171,-0.2596,0.238
CORE_SAT_HUNT_20260624_150101,36,rand,20260621,6,1600.0,14.467592592592595,SPIN_DOWN_REJECT,0,0,-4.843467500201796e-05,0.010547332512501463,0.9903697685211266,0.0,,,,,,,0.8961,0.1222,1.7495,0.5101,3.7872,-0.824,0.0883,0.3133
CORE_SAT_HUNT_20260624_150101,37,rand,20260621,6,1600.0,14.467592592592595,SPIN_DOWN_REJECT,0,0,-0.00010581410852266929,0.24909745977620618,0.9868363457627847,0.0,,,,,,,1.4389,0.0583,0.2294,0.1067,1.8186,-0.5295,-0.4999,0.4318
CORE_SAT_HUNT_20260624_150101,38,rand,20260621,6,1600.0,14.467592592592595,SPIN_DOWN_REJECT,0,0,-8.517161295851309e-05,0.07171627710902802,0.9903729758074111,0.0,,,,,,,1.4801,0.0528,0.2011,1.1763,0.158,-0.676,-0.1883,0.2053
CORE_SAT_HUNT_20260624_150101,39,rand,20260621,6,1600.0,14.467592592592595,SPIN_DOWN_REJECT,0,0,-0.00021439042222835253,0.13120849480780453,0.9912685237779391,0.0,,,,,,,3.7816,0.1105,0.9914,1.4103,3.6089,0.2202,0.0261,0.2183
CORE_SAT_HUNT_20260624_152029,0,rand,20260621,1,2050.293702,18.53925873480903,LATE_BLOWUP_REJECT,0,0,nan,nan,nan,0.0,,,,,,,4.6502,0.0984,0.2906,0.8025,3.9369,-0.4355,0.4486,0.2799
CORE_SAT_HUNT_20260624_152029,1,rand,20260621,1,2050.293702,18.53925873480903,LATE_BLOWUP_REJECT,0,0,nan,nan,nan,0.0,,,,,,,2.4146,0.0416,0.2658,1.198,0.1119,0.6439,0.2332,0.4006
CORE_SAT_HUNT_20260624_152029,2,rand,20260621,1,2050.293702,18.53925873480903,LATE_BLOWUP_REJECT,0,0,0.007998318647038635,23.40477599001946,23.40477599001946,0.0,,,,,,,4.7617,0.1471,1.3586,1.4398,0.6044,0.97,-0.388,0.3935
CORE_SAT_HUNT_20260624_152029,3,rand,20260621,1,2050.293702,18.53925873480903,LATE_BLOWUP_REJECT,0,0,nan,nan,nan,0.0,,,,,,,4.449,0.1136,0.9557,1.0003,3.6862,0.4609,-0.1931,0.3247
CORE_SAT_HUNT_20260624_152029,4,rand,20260621,1,2050.293702,18.53925873480903,LATE_BLOWUP_REJECT,0,0,nan,nan,nan,0.0,,,,,,,3.3827,-0.0031,0.3385,1.7092,1.6545,-0.6062,-0.0102,0.3739
CORE_SAT_HUNT_20260624_152029,5,rand,20260621,1,2050.293702,18.53925873480903,LATE_BLOWUP_REJECT,0,0,0.0019692614984661463,7.725361615392724,7.725361615392724,0.0,,,,,,,1.7337,0.1189,1.912,1.0162,3.3099,0.2847,-0.0924,0.3083
CORE_SAT_HUNT_20260624_152029,6,rand,20260621,1,2050.293702,18.53925873480903,LATE_BLOWUP_REJECT,0,0,nan,nan,nan,0.0,,,,,,,1.3389,0.0236,0.2243,0.9751,1.7381,-0.8983,0.3993,0.3247
CORE_SAT_HUNT_20260624_152029,7,rand,20260621,1,2050.293702,18.53925873480903,SPIN_DOWN_REJECT,0,0,-3.119718367065624e-05,0.1587268646348374,0.8606179750206644,0.0,,,,,,,1.0274,0.0358,0.7309,1.1828,1.6726,-0.987,-0.4856,0.3455
CORE_SAT_HUNT_20260624_152029,8,rand,20260621,2,2050.293702,18.53925873480903,LATE_BLOWUP_REJECT,0,0,nan,nan,nan,0.0,,,,,,,1.3913,0.1417,0.8556,1.0556,2.1688,0.8277,0.4352,0.3049
CORE_SAT_HUNT_20260624_152029,9,rand,20260621,2,2050.293702,18.53925873480903,TRANSIENT_GROWER_REJECT,3,2,0.00044740632252754684,1.986061245464993,1.986061245464993,1.4244896552816744,,,,,,,2.9313,0.0022,0.2748,1.3235,1.3484,0.7715,-0.1253,0.3825
CORE_SAT_HUNT_20260624_152029,10,rand,20260621,2,2050.293702,18.53925873480903,TRUE_SATURATED_BOUND_STATE,2,2,-1.2071548867618781e-05,0.6774981617751803,0.9703987582676743,0.9889183520235812,SATURATED_BOUND_STATE,111.38792997572044,6.142329198586575,0.022123025267230027,best_k2_intermediate_branch,High-mass K=2 stable 2-node TRUE; strong evidence for an intermediate branch beyond K=1 controls.,0.1227,0.0944,1.0499,0.3503,1.3435,-0.0994,-0.2822,0.3811
CORE_SAT_HUNT_20260624_152029,11,rand,20260621,2,2050.293702,18.53925873480903,LATE_BLOWUP_REJECT,0,0,nan,nan,nan,0.0,,,,,,,1.5328,0.0924,1.6819,0.0393,3.5145,0.9756,0.3115,0.3137
CORE_SAT_HUNT_20260624_152029,12,rand,20260621,2,2050.293702,18.53925873480903,NEAR_SATURATED_BOUND_STATE,2,2,0.0002760936001601294,1.9836833603457564,1.9836833603457564,1.4983382661476132,,,,,,,0.9418,-0.0019,0.8044,0.3331,2.0403,-0.7214,0.2929,0.4625
CORE_SAT_HUNT_20260624_152029,13,rand,20260621,2,2050.293702,18.53925873480903,LATE_BLOWUP_REJECT,0,0,nan,nan,nan,0.0,,,,,,,1.2976,0.0576,0.9926,1.7952,3.7466,-0.4704,-0.3442,0.4349
CORE_SAT_HUNT_20260624_152029,14,rand,20260621,2,2050.293702,18.53925873480903,LATE_BLOWUP_REJECT,0,0,nan,nan,nan,0.0,,,,,,,3.7422,0.1368,0.9801,1.9729,0.8226,-0.5291,0.2037,0.4107
CORE_SAT_HUNT_20260624_152029,15,rand,20260621,2,2050.293702,18.53925873480903,LATE_BLOWUP_REJECT,0,0,nan,nan,nan,0.0,,,,,,,1.9315,0.1472,1.8687,1.4434,1.741,-0.9269,0.4729,0.4763
CORE_SAT_HUNT_20260624_152029,16,rand,20260621,3,2050.293702,18.53925873480903,LATE_BLOWUP_REJECT,0,0,nan,nan,nan,0.0,,,,,,,0.6578,0.1351,0.7307,1.0273,0.3925,0.8463,0.0151,0.2696
CORE_SAT_HUNT_20260624_152029,17,rand,20260621,3,2050.293702,18.53925873480903,LATE_BLOWUP_REJECT,0,0,0.0012015760448110266,5.93953748858844,5.93953748858844,0.0,,,,,,,4.7121,0.0535,0.6185,0.431,1.0316,0.4148,-0.0907,0.4013
CORE_SAT_HUNT_20260624_152029,18,rand,20260621,3,2050.293702,18.53925873480903,NEAR_SATURATED_BOUND_STATE,2,2,0.00023934098833611423,1.923282097204951,1.923282097204951,0.786957675924584,,,,,,,3.7966,-0.0046,1.3392,0.0801,1.6713,-0.2628,-0.3651,0.3874
CORE_SAT_HUNT_20260624_152029,19,rand,20260621,3,2050.293702,18.53925873480903,SPIN_DOWN_REJECT,0,0,-2.8196009150502553e-05,0.005740748699384998,0.9780794538000238,0.0,,,,,,,2.5465,0.1186,1.9421,0.7852,0.3442,-0.7727,-0.2728,0.2723
CORE_SAT_HUNT_20260624_152029,20,rand,20260621,3,2050.293702,18.53925873480903,LATE_BLOWUP_REJECT,0,0,nan,nan,nan,0.0,,,,,,,4.1698,0.1351,0.1088,0.1524,3.3319,-0.6765,-0.2401,0.4947
CORE_SAT_HUNT_20260624_152029,21,rand,20260621,3,2050.293702,18.53925873480903,LATE_BLOWUP_REJECT,0,0,nan,nan,nan,0.0,,,,,,,0.3185,0.1275,0.0949,1.7965,2.3725,0.7185,0.0354,0.3666
CORE_SAT_HUNT_20260624_152029,22,rand,20260621,3,2050.293702,18.53925873480903,NEAR_SATURATED_BOUND_STATE,2,2,0.00017050643370420082,1.5091353952348223,1.5091353952348223,0.8007114080141926,,,,,,,1.9358,-0.0095,0.4171,0.0618,1.3387,-0.0036,-0.4374,0.2803
CORE_SAT_HUNT_20260624_152029,23,rand,20260621,3,2050.293702,18.53925873480903,LATE_BLOWUP_REJECT,0,0,nan,nan,nan,0.0,,,,,,,3.6315,0.0453,0.4399,0.1967,3.5886,0.4339,0.0903,0.4456
CORE_SAT_HUNT_20260624_152029,24,rand,20260621,4,2050.293702,18.53925873480903,LATE_BLOWUP_REJECT,0,0,nan,nan,nan,0.0,,,,,,,4.5847,0.0357,0.476,1.5411,3.2902,-0.3276,0.2478,0.2151
CORE_SAT_HUNT_20260624_152029,25,rand,20260621,4,2050.293702,18.53925873480903,TRUE_SATURATED_BOUND_STATE,4,4,-7.688684000553027e-06,0.8888785777074362,0.9876861159422182,0.8236776277679995,,,,,,,2.8861,0.0663,1.5523,0.6541,3.9815,-0.6166,0.1484,0.4728
CORE_SAT_HUNT_20260624_152029,26,rand,20260621,4,2050.293702,18.53925873480903,SPIN_DOWN_REJECT,4,4,-7.37849708989502e-05,0.32289083687905146,0.984289680140981,0.22912375397500215,,,,,,,2.8891,0.0405,1.2143,0.2693,1.9369,-0.7098,-0.3974,0.3209
CORE_SAT_HUNT_20260624_152029,27,rand,20260621,4,2050.293702,18.53925873480903,NEAR_SATURATED_BOUND_STATE,4,4,0.00017924742232592336,1.8628854208492238,1.8628854208492238,3.4546750882985724,,,,,,,4.894,0.0854,1.4922,0.8073,2.5562,-0.6036,0.3037,0.4947
CORE_SAT_HUNT_20260624_152029,28,rand,20260621,4,2050.293702,18.53925873480903,LATE_BLOWUP_REJECT,0,0,0.008151397420364904,24.3755809375223,24.3755809375223,0.0,,,,,,,2.5129,0.143,1.2867,1.4353,2.7576,0.8063,-0.28,0.3954
CORE_SAT_HUNT_20260624_152029,29,rand,20260621,4,2050.293702,18.53925873480903,LATE_BLOWUP_REJECT,0,0,0.004592689609977471,14.302232097363854,14.302232097363854,0.0,,,,,,,3.2507,-0.0076,0.6972,1.5149,1.7809,0.4821,-0.1835,0.3436
CORE_SAT_HUNT_20260624_152029,30,rand,20260621,4,2050.293702,18.53925873480903,LATE_BLOWUP_REJECT,0,0,0.044920159018724745,123.02825506641958,123.02825506641958,0.0,,,,,,,3.5236,0.0316,1.5358,1.8442,2.3997,0.7859,-0.2009,0.435
CORE_SAT_HUNT_20260624_152029,31,rand,20260621,4,2050.293702,18.53925873480903,TRUE_SATURATED_BOUND_STATE,3,3,9.90956808930928e-05,1.166971783598967,1.166971783598967,0.4503336190185944,,,,,,,0.1263,0.0089,0.5416,0.6704,3.6821,-0.975,-0.0481,0.4348
CORE_SAT_HUNT_20260624_152029,32,rand,20260621,6,2050.293702,18.53925873480903,TRUE_SATURATED_BOUND_STATE,6,6,-0.00011622870179593429,0.5456815824733023,0.9915377847837418,0.9923465201170116,,,,,,,3.6201,0.0597,1.3871,0.9716,1.9495,-0.325,0.1255,0.3158
CORE_SAT_HUNT_20260624_152029,33,rand,20260621,6,2050.293702,18.53925873480903,TRUE_SATURATED_BOUND_STATE,6,6,9.434332986803974e-05,1.3278283741141055,1.3278283741141055,0.5784794677394941,,,,,,,0.5405,0.025,1.8819,0.4033,3.1001,-0.5226,-0.423,0.4041
CORE_SAT_HUNT_20260624_152029,34,rand,20260621,6,2050.293702,18.53925873480903,LATE_BLOWUP_REJECT,0,0,0.0006740155802489268,3.154237663337283,3.154237663337283,0.0,,,,,,,2.4793,0.0948,1.6947,1.5954,2.3827,-0.1985,-0.0183,0.4605
CORE_SAT_HUNT_20260624_152029,35,rand,20260621,6,2050.293702,18.53925873480903,LATE_BLOWUP_REJECT,0,0,0.015732017165454363,46.796790569130934,46.796790569130934,0.0,,,,,,,1.6429,0.1112,1.3843,1.3101,0.7999,0.8171,-0.2596,0.238
CORE_SAT_HUNT_20260624_152029,36,rand,20260621,6,2050.293702,18.53925873480903,SPIN_DOWN_REJECT,0,0,-4.763894191115063e-05,0.010508247381561722,0.9900346053359131,0.0,,,,,,,0.8961,0.1222,1.7495,0.5101,3.7872,-0.824,0.0883,0.3133
CORE_SAT_HUNT_20260624_152029,37,rand,20260621,6,2050.293702,18.53925873480903,SPIN_DOWN_REJECT,0,0,-9.487240171161843e-05,0.24241186567041156,0.9788883564560712,0.0,,,,,,,1.4389,0.0583,0.2294,0.1067,1.8186,-0.5295,-0.4999,0.4318
CORE_SAT_HUNT_20260624_152029,38,rand,20260621,6,2050.293702,18.53925873480903,SPIN_DOWN_REJECT,0,0,-8.077668887909094e-05,0.06921305807264565,0.9898576018582529,0.0,,,,,,,1.4801,0.0528,0.2011,1.1763,0.158,-0.676,-0.1883,0.2053
CORE_SAT_HUNT_20260624_152029,39,rand,20260621,6,2050.293702,18.53925873480903,SPIN_DOWN_REJECT,6,6,-0.0001550220862383518,0.47894969124017445,0.9915650742581381,1.3110798661262628,,,,,,,3.7816,0.1105,0.9914,1.4103,3.6089,0.2202,0.0261,0.2183
ref_feb56dc7,,ref_feb56dc7,20260619,6,,,TRUE_SATURATED_BOUND_STATE,4,4,-2.0900687605356343e-06,1.5780626881981732,,,SATURATED_BOUND_STATE,62.97162890599603,27.448813613689072,0.007920292487324718,feb56dc7_control,External anchor control for the known LONG_TIME_STABLE_4_NODE_ATTRACTOR reference.,,,,,,,,
